# 240827_143651_group_Rb87.dat
# Laser spectroscopy of rubidium
# mode: scanning laser current/frequency via I/P MOD
# 
x(A/Hz/V/nm) yai0(V) yai1(V) yai2(V) yai3(V) yai4(V)
1.2010	-0.0221	0.0271	-0.0000	0.0264	-0.3043
1.2015	-0.0221	0.0270	0.0000	0.0264	-0.3042
1.2020	-0.0220	0.0271	-0.0000	0.0264	-0.3042
1.2025	-0.0220	0.0270	-0.0000	0.0264	-0.3042
1.2030	-0.0220	0.0270	-0.0000	0.0263	-0.3042
1.2035	-0.0219	0.0271	0.0000	0.0264	-0.3040
1.2041	-0.0221	0.0271	-0.0001	0.0264	-0.3040
1.2046	-0.0218	0.0271	0.0000	0.0264	-0.3039
1.2051	-0.0222	0.0270	-0.0000	0.0264	-0.3037
1.2056	-0.0217	0.0271	-0.0000	0.0264	-0.3034
1.2061	-0.0221	0.0271	0.0000	0.0264	-0.3029
1.2066	-0.0218	0.0271	-0.0000	0.0264	-0.3010
1.2071	-0.0219	0.0271	0.0000	0.0264	-0.2932
1.2076	-0.0219	0.0271	0.0000	0.0264	-0.1738
1.2081	-0.0219	0.0271	-0.0000	0.0264	0.5300
1.2086	-0.0219	0.0271	0.0000	0.0264	0.4208
1.2091	-0.0218	0.0271	-0.0000	0.0264	-0.2877
1.2096	-0.0217	0.0271	-0.0000	0.0265	-0.2998
1.2101	-0.0216	0.0270	-0.0000	0.0264	-0.3020
1.2106	-0.0215	0.0270	0.0000	0.0264	-0.3029
1.2111	-0.0217	0.0271	0.0000	0.0264	-0.3034
1.2117	-0.0215	0.0271	-0.0000	0.0264	-0.3037
1.2122	-0.0216	0.0271	0.0000	0.0264	-0.3038
1.2127	-0.0216	0.0271	-0.0000	0.0264	-0.3040
1.2132	-0.0217	0.0271	-0.0000	0.0265	-0.3040
1.2137	-0.0217	0.0271	0.0000	0.0264	-0.3041
1.2142	-0.0217	0.0271	0.0000	0.0264	-0.3041
1.2147	-0.0217	0.0271	-0.0000	0.0264	-0.3041
1.2152	-0.0217	0.0271	-0.0000	0.0264	-0.3041
1.2157	-0.0216	0.0271	-0.0000	0.0264	-0.3041
1.2162	-0.0217	0.0271	0.0000	0.0265	-0.3042
1.2167	-0.0216	0.0271	-0.0000	0.0264	-0.3042
1.2172	-0.0217	0.0270	0.0000	0.0264	-0.3042
1.2177	-0.0215	0.0271	-0.0000	0.0265	-0.3042
1.2182	-0.0218	0.0271	0.0001	0.0264	-0.3043
1.2187	-0.0217	0.0271	0.0000	0.0264	-0.3043
1.2193	-0.0218	0.0270	0.0000	0.0265	-0.3043
1.2198	-0.0218	0.0271	-0.0000	0.0264	-0.3042
1.2203	-0.0219	0.0271	0.0000	0.0265	-0.3042
1.2208	-0.0218	0.0271	-0.0000	0.0264	-0.3042
1.2213	-0.0218	0.0271	-0.0000	0.0265	-0.3042
1.2218	-0.0219	0.0271	0.0000	0.0265	-0.3043
1.2223	-0.0220	0.0271	0.0000	0.0265	-0.3043
1.2228	-0.0219	0.0271	0.0000	0.0265	-0.3043
1.2233	-0.0220	0.0271	-0.0000	0.0264	-0.3043
1.2238	-0.0220	0.0271	0.0000	0.0264	-0.3042
1.2243	-0.0220	0.0271	0.0000	0.0264	-0.3042
1.2248	-0.0220	0.0271	0.0000	0.0265	-0.3043
1.2253	-0.0221	0.0271	0.0000	0.0265	-0.3042
1.2258	-0.0219	0.0271	0.0000	0.0265	-0.3042
1.2263	-0.0219	0.0272	0.0000	0.0265	-0.3042
1.2269	-0.0219	0.0271	-0.0000	0.0265	-0.3042
1.2274	-0.0218	0.0271	-0.0000	0.0266	-0.3042
1.2279	-0.0217	0.0272	-0.0000	0.0265	-0.3043
1.2284	-0.0216	0.0271	-0.0000	0.0265	-0.3042
1.2289	-0.0217	0.0271	-0.0000	0.0265	-0.3042
1.2294	-0.0214	0.0271	-0.0000	0.0265	-0.3041
1.2299	-0.0218	0.0272	0.0000	0.0265	-0.3041
1.2304	-0.0212	0.0271	-0.0000	0.0265	-0.3041
1.2309	-0.0215	0.0272	0.0000	0.0265	-0.3040
1.2314	-0.0212	0.0271	0.0000	0.0265	-0.3039
1.2319	-0.0216	0.0271	-0.0000	0.0265	-0.3039
1.2324	-0.0212	0.0271	0.0000	0.0265	-0.3038
1.2329	-0.0214	0.0271	0.0000	0.0265	-0.3037
1.2334	-0.0212	0.0271	0.0000	0.0265	-0.3036
1.2339	-0.0213	0.0272	-0.0000	0.0265	-0.3034
1.2345	-0.0212	0.0271	0.0000	0.0265	-0.3031
1.2350	-0.0212	0.0271	0.0000	0.0265	-0.3028
1.2355	-0.0213	0.0272	0.0000	0.0265	-0.3021
1.2360	-0.0213	0.0271	0.0000	0.0265	-0.3003
1.2365	-0.0214	0.0271	0.0000	0.0265	-0.2981
1.2370	-0.0213	0.0272	0.0000	0.0265	-0.2900
1.2375	-0.0212	0.0271	0.0000	0.0265	-0.2561
1.2380	-0.0215	0.0271	-0.0000	0.0265	-0.0973
1.2385	-0.0213	0.0271	0.0000	0.0265	0.1504
1.2390	-0.0214	0.0271	0.0000	0.0265	0.7099
1.2395	-0.0214	0.0271	0.0000	0.0265	0.8619
1.2400	-0.0214	0.0272	0.0000	0.0265	-0.0977
1.2405	-0.0213	0.0272	0.0000	0.0265	-0.2763
1.2410	-0.0215	0.0271	0.0000	0.0265	-0.2939
1.2415	-0.0213	0.0272	-0.0000	0.0265	-0.2982
1.2421	-0.0214	0.0272	0.0000	0.0265	-0.3003
1.2426	-0.0214	0.0272	0.0000	0.0265	-0.3014
1.2431	-0.0214	0.0271	0.0000	0.0265	-0.3021
1.2436	-0.0215	0.0272	0.0000	0.0265	-0.3025
1.2441	-0.0212	0.0271	-0.0001	0.0265	-0.3028
1.2446	-0.0213	0.0272	0.0000	0.0265	-0.3031
1.2451	-0.0213	0.0271	-0.0000	0.0265	-0.3033
1.2456	-0.0213	0.0271	0.0000	0.0265	-0.3035
1.2461	-0.0214	0.0272	-0.0000	0.0265	-0.3035
1.2466	-0.0212	0.0272	-0.0000	0.0265	-0.3036
1.2471	-0.0213	0.0272	0.0000	0.0265	-0.3037
1.2476	-0.0212	0.0271	0.0000	0.0266	-0.3038
1.2481	-0.0213	0.0272	-0.0000	0.0265	-0.3039
1.2486	-0.0213	0.0272	0.0000	0.0265	-0.3039
1.2491	-0.0211	0.0272	0.0000	0.0266	-0.3040
1.2497	-0.0211	0.0271	0.0000	0.0266	-0.3040
1.2502	-0.0210	0.0271	0.0001	0.0265	-0.3041
1.2507	-0.0213	0.0272	0.0000	0.0265	-0.3041
1.2512	-0.0209	0.0271	0.0000	0.0266	-0.3041
1.2517	-0.0212	0.0272	0.0000	0.0265	-0.3041
1.2522	-0.0211	0.0272	-0.0000	0.0265	-0.3041
1.2527	-0.0213	0.0271	0.0000	0.0265	-0.3041
1.2532	-0.0210	0.0272	0.0000	0.0266	-0.3041
1.2537	-0.0211	0.0271	0.0000	0.0265	-0.3041
1.2542	-0.0211	0.0271	-0.0000	0.0266	-0.3041
1.2547	-0.0211	0.0272	0.0000	0.0266	-0.3042
1.2552	-0.0213	0.0272	0.0000	0.0265	-0.3042
1.2557	-0.0209	0.0272	0.0000	0.0265	-0.3042
1.2562	-0.0214	0.0272	-0.0000	0.0266	-0.3042
1.2567	-0.0209	0.0272	-0.0000	0.0266	-0.3042
1.2573	-0.0214	0.0272	0.0000	0.0265	-0.3042
1.2578	-0.0209	0.0272	0.0000	0.0265	-0.3042
1.2583	-0.0214	0.0272	0.0000	0.0266	-0.3042
1.2588	-0.0210	0.0272	0.0000	0.0266	-0.3042
1.2593	-0.0213	0.0272	-0.0000	0.0265	-0.3042
1.2598	-0.0211	0.0272	0.0000	0.0265	-0.3042
1.2603	-0.0211	0.0271	-0.0000	0.0266	-0.3043
1.2608	-0.0209	0.0272	-0.0000	0.0266	-0.3042
1.2613	-0.0209	0.0271	0.0000	0.0265	-0.3042
1.2618	-0.0208	0.0272	-0.0000	0.0265	-0.3042
1.2623	-0.0208	0.0272	-0.0000	0.0266	-0.3042
1.2628	-0.0210	0.0272	-0.0000	0.0265	-0.3042
1.2633	-0.0208	0.0272	-0.0000	0.0266	-0.3043
1.2638	-0.0209	0.0272	-0.0000	0.0266	-0.3043
1.2643	-0.0208	0.0272	-0.0000	0.0266	-0.3042
1.2649	-0.0208	0.0272	-0.0000	0.0265	-0.3043
1.2654	-0.0207	0.0272	-0.0000	0.0266	-0.3042
1.2659	-0.0208	0.0272	0.0000	0.0266	-0.3042
1.2664	-0.0208	0.0272	0.0000	0.0265	-0.3042
1.2669	-0.0207	0.0272	0.0000	0.0266	-0.3043
1.2674	-0.0206	0.0273	-0.0001	0.0266	-0.3043
1.2679	-0.0207	0.0272	0.0000	0.0266	-0.3043
1.2684	-0.0206	0.0272	-0.0000	0.0266	-0.3042
1.2689	-0.0207	0.0273	0.0000	0.0266	-0.3043
1.2694	-0.0207	0.0272	0.0000	0.0265	-0.3042
1.2699	-0.0207	0.0272	0.0000	0.0266	-0.3042
1.2704	-0.0207	0.0272	0.0000	0.0266	-0.3043
1.2709	-0.0205	0.0272	0.0000	0.0266	-0.3043
1.2714	-0.0206	0.0272	-0.0000	0.0266	-0.3043
1.2719	-0.0205	0.0272	0.0000	0.0266	-0.3042
1.2725	-0.0205	0.0272	0.0001	0.0266	-0.3043
1.2730	-0.0205	0.0272	0.0000	0.0266	-0.3043
1.2735	-0.0206	0.0272	0.0000	0.0266	-0.3042
1.2740	-0.0206	0.0272	-0.0000	0.0266	-0.3042
1.2745	-0.0207	0.0272	0.0000	0.0266	-0.3042
1.2750	-0.0205	0.0272	0.0000	0.0266	-0.3043
1.2755	-0.0208	0.0272	0.0000	0.0266	-0.3042
1.2760	-0.0206	0.0272	0.0000	0.0266	-0.3042
1.2765	-0.0207	0.0272	0.0000	0.0267	-0.3042
1.2770	-0.0206	0.0272	0.0000	0.0266	-0.3042
1.2775	-0.0207	0.0273	0.0000	0.0266	-0.3042
1.2780	-0.0207	0.0273	-0.0000	0.0266	-0.3043
1.2785	-0.0207	0.0272	0.0000	0.0266	-0.3042
1.2790	-0.0206	0.0272	0.0000	0.0266	-0.3042
1.2795	-0.0207	0.0273	0.0000	0.0266	-0.3042
1.2801	-0.0208	0.0272	0.0000	0.0266	-0.3042
1.2806	-0.0206	0.0272	-0.0000	0.0266	-0.3042
1.2811	-0.0208	0.0272	-0.0000	0.0266	-0.3042
1.2816	-0.0205	0.0272	0.0000	0.0266	-0.3042
1.2821	-0.0207	0.0272	-0.0000	0.0266	-0.3043
1.2826	-0.0206	0.0272	0.0000	0.0266	-0.3042
1.2831	-0.0208	0.0273	0.0000	0.0266	-0.3042
1.2836	-0.0207	0.0273	-0.0000	0.0267	-0.3041
1.2841	-0.0208	0.0273	0.0000	0.0266	-0.3042
1.2846	-0.0208	0.0273	0.0000	0.0266	-0.3042
1.2851	-0.0207	0.0272	-0.0000	0.0266	-0.3041
1.2856	-0.0208	0.0273	0.0000	0.0266	-0.3042
1.2861	-0.0208	0.0273	0.0000	0.0267	-0.3042
1.2866	-0.0208	0.0272	-0.0000	0.0266	-0.3042
1.2871	-0.0209	0.0273	0.0000	0.0267	-0.3042
1.2877	-0.0208	0.0273	0.0000	0.0266	-0.3042
1.2882	-0.0208	0.0273	0.0000	0.0266	-0.3042
1.2887	-0.0208	0.0273	0.0000	0.0266	-0.3041
1.2892	-0.0208	0.0273	-0.0000	0.0267	-0.3041
1.2897	-0.0208	0.0273	0.0000	0.0266	-0.3041
1.2902	-0.0207	0.0272	-0.0000	0.0267	-0.3041
1.2907	-0.0208	0.0272	-0.0000	0.0267	-0.3041
1.2912	-0.0208	0.0273	0.0000	0.0266	-0.3041
1.2917	-0.0208	0.0273	-0.0000	0.0267	-0.3041
1.2922	-0.0207	0.0273	0.0000	0.0267	-0.3041
1.2927	-0.0209	0.0273	-0.0000	0.0266	-0.3041
1.2932	-0.0208	0.0273	0.0000	0.0266	-0.3040
1.2937	-0.0208	0.0273	0.0000	0.0267	-0.3040
1.2942	-0.0207	0.0273	0.0001	0.0267	-0.3040
1.2947	-0.0205	0.0273	0.0000	0.0267	-0.3040
1.2953	-0.0207	0.0273	0.0000	0.0267	-0.3040
1.2958	-0.0207	0.0272	0.0000	0.0267	-0.3040
1.2963	-0.0208	0.0272	-0.0000	0.0267	-0.3039
1.2968	-0.0206	0.0273	0.0000	0.0267	-0.3040
1.2973	-0.0210	0.0273	-0.0000	0.0266	-0.3039
1.2978	-0.0206	0.0273	0.0000	0.0267	-0.3038
1.2983	-0.0206	0.0273	-0.0000	0.0267	-0.3038
1.2988	-0.0206	0.0273	-0.0000	0.0267	-0.3038
1.2993	-0.0206	0.0273	0.0000	0.0267	-0.3037
1.2998	-0.0208	0.0273	-0.0000	0.0267	-0.3037
1.3003	-0.0205	0.0273	-0.0000	0.0267	-0.3037
1.3008	-0.0208	0.0273	0.0000	0.0267	-0.3036
1.3013	-0.0205	0.0273	0.0000	0.0267	-0.3035
1.3018	-0.0209	0.0273	0.0000	0.0266	-0.3034
1.3023	-0.0205	0.0273	0.0000	0.0267	-0.3033
1.3029	-0.0209	0.0273	0.0000	0.0267	-0.3031
1.3034	-0.0206	0.0273	0.0000	0.0267	-0.3031
1.3039	-0.0207	0.0273	0.0000	0.0267	-0.3029
1.3044	-0.0207	0.0273	0.0000	0.0267	-0.3026
1.3049	-0.0205	0.0273	0.0000	0.0267	-0.3024
1.3054	-0.0208	0.0273	0.0000	0.0267	-0.3021
1.3059	-0.0204	0.0273	0.0000	0.0267	-0.3015
1.3064	-0.0207	0.0273	0.0000	0.0267	-0.3008
1.3069	-0.0205	0.0273	-0.0000	0.0267	-0.3001
1.3074	-0.0208	0.0273	0.0000	0.0267	-0.2991
1.3079	-0.0205	0.0273	-0.0000	0.0267	-0.2974
1.3084	-0.0206	0.0274	0.0000	0.0267	-0.2953
1.3089	-0.0206	0.0273	-0.0000	0.0267	-0.2878
1.3094	-0.0205	0.0273	-0.0000	0.0268	-0.2807
1.3099	-0.0206	0.0273	0.0000	0.0267	-0.2664
1.3105	-0.0205	0.0273	0.0000	0.0267	-0.2433
1.3110	-0.0205	0.0273	0.0000	0.0267	-0.1501
1.3115	-0.0205	0.0273	0.0000	0.0267	-0.0426
1.3120	-0.0209	0.0274	0.0000	0.0267	0.0666
1.3125	-0.0207	0.0274	-0.0000	0.0267	0.2716
1.3130	-0.0209	0.0273	0.0001	0.0268	0.4598
1.3135	-0.0205	0.0273	0.0000	0.0267	0.6366
1.3140	-0.0206	0.0274	0.0000	0.0267	0.7460
1.3145	-0.0205	0.0273	0.0000	0.0267	0.8161
1.3150	-0.0206	0.0273	0.0000	0.0267	0.8672
1.3155	-0.0205	0.0274	0.0000	0.0267	0.4766
1.3160	-0.0205	0.0274	0.0000	0.0267	0.0402
1.3165	-0.0205	0.0274	0.0000	0.0268	-0.1675
1.3170	-0.0206	0.0273	0.0000	0.0267	-0.2570
1.3175	-0.0207	0.0274	0.0000	0.0268	-0.2808
1.3181	-0.0207	0.0274	0.0001	0.0268	-0.2913
1.3186	-0.0206	0.0274	0.0000	0.0268	-0.2945
1.3191	-0.0207	0.0274	0.0000	0.0268	-0.2955
1.3196	-0.0206	0.0274	0.0000	0.0268	-0.2980
1.3201	-0.0208	0.0274	0.0000	0.0268	-0.2989
1.3206	-0.0207	0.0274	0.0000	0.0268	-0.3000
1.3211	-0.0207	0.0274	0.0000	0.0267	-0.3005
1.3216	-0.0206	0.0274	0.0000	0.0268	-0.3012
1.3221	-0.0207	0.0274	0.0000	0.0268	-0.3015
1.3226	-0.0206	0.0274	0.0000	0.0268	-0.3020
1.3231	-0.0208	0.0274	0.0000	0.0267	-0.3022
1.3236	-0.0207	0.0274	0.0000	0.0267	-0.3023
1.3241	-0.0210	0.0274	0.0000	0.0268	-0.3025
1.3246	-0.0207	0.0274	-0.0000	0.0268	-0.3027
1.3251	-0.0211	0.0274	-0.0000	0.0268	-0.3028
1.3257	-0.0207	0.0274	-0.0000	0.0267	-0.3030
1.3262	-0.0209	0.0274	0.0000	0.0268	-0.3032
1.3267	-0.0208	0.0274	0.0000	0.0268	-0.3032
1.3272	-0.0211	0.0274	0.0000	0.0268	-0.3033
1.3277	-0.0208	0.0274	0.0000	0.0267	-0.3034
1.3282	-0.0213	0.0274	0.0000	0.0267	-0.3036
1.3287	-0.0209	0.0274	0.0000	0.0268	-0.3036
1.3292	-0.0211	0.0274	0.0000	0.0268	-0.3036
1.3297	-0.0209	0.0274	0.0000	0.0268	-0.3036
1.3302	-0.0210	0.0274	-0.0000	0.0268	-0.3037
1.3307	-0.0211	0.0274	0.0000	0.0269	-0.3037
1.3312	-0.0210	0.0274	0.0001	0.0268	-0.3038
1.3317	-0.0212	0.0274	0.0000	0.0267	-0.3038
1.3322	-0.0210	0.0274	0.0000	0.0268	-0.3038
1.3327	-0.0211	0.0274	0.0000	0.0267	-0.3038
1.3333	-0.0210	0.0274	0.0000	0.0268	-0.3039
1.3338	-0.0212	0.0274	0.0000	0.0268	-0.3040
1.3343	-0.0210	0.0274	-0.0000	0.0268	-0.3039
1.3348	-0.0214	0.0275	0.0000	0.0268	-0.3040
1.3353	-0.0209	0.0274	0.0000	0.0268	-0.3040
1.3358	-0.0215	0.0275	0.0000	0.0267	-0.3040
1.3363	-0.0209	0.0274	0.0000	0.0268	-0.3041
1.3368	-0.0214	0.0274	-0.0000	0.0268	-0.3040
1.3373	-0.0209	0.0274	0.0000	0.0268	-0.3040
1.3378	-0.0215	0.0275	0.0000	0.0268	-0.3040
1.3383	-0.0210	0.0274	0.0000	0.0268	-0.3041
1.3388	-0.0215	0.0274	0.0000	0.0268	-0.3041
1.3393	-0.0209	0.0274	0.0000	0.0268	-0.3040
1.3398	-0.0214	0.0274	0.0000	0.0268	-0.3041
1.3403	-0.0211	0.0274	0.0000	0.0268	-0.3041
1.3409	-0.0214	0.0275	-0.0000	0.0268	-0.3041
1.3414	-0.0209	0.0274	0.0000	0.0268	-0.3041
1.3419	-0.0216	0.0275	-0.0000	0.0268	-0.3041
1.3424	-0.0210	0.0274	0.0000	0.0268	-0.3041
1.3429	-0.0214	0.0274	0.0000	0.0268	-0.3042
1.3434	-0.0210	0.0274	0.0000	0.0268	-0.3041
1.3439	-0.0213	0.0275	-0.0001	0.0268	-0.3041
1.3444	-0.0211	0.0274	-0.0000	0.0268	-0.3042
1.3449	-0.0213	0.0275	-0.0000	0.0268	-0.3041
1.3454	-0.0212	0.0275	-0.0000	0.0268	-0.3042
1.3459	-0.0214	0.0274	0.0000	0.0268	-0.3041
1.3464	-0.0213	0.0275	-0.0000	0.0268	-0.3041
1.3469	-0.0214	0.0275	-0.0000	0.0268	-0.3041
1.3474	-0.0212	0.0275	0.0000	0.0268	-0.3042
1.3479	-0.0214	0.0274	-0.0000	0.0268	-0.3042
1.3485	-0.0213	0.0275	0.0000	0.0268	-0.3042
1.3490	-0.0213	0.0274	-0.0000	0.0268	-0.3042
1.3495	-0.0213	0.0274	-0.0000	0.0268	-0.3042
1.3500	-0.0213	0.0275	-0.0000	0.0268	-0.3042
1.3505	-0.0215	0.0275	-0.0000	0.0268	-0.3042
1.3510	-0.0214	0.0275	0.0000	0.0268	-0.3042
1.3515	-0.0215	0.0275	0.0000	0.0268	-0.3042
1.3520	-0.0214	0.0274	0.0000	0.0268	-0.3042
1.3525	-0.0212	0.0274	0.0000	0.0268	-0.3043
1.3530	-0.0213	0.0275	-0.0000	0.0268	-0.3042
1.3535	-0.0214	0.0275	0.0000	0.0269	-0.3042
1.3540	-0.0213	0.0275	0.0000	0.0268	-0.3042
1.3545	-0.0215	0.0275	0.0000	0.0268	-0.3042
1.3550	-0.0212	0.0274	-0.0000	0.0268	-0.3042
1.3555	-0.0214	0.0275	0.0000	0.0268	-0.3042
1.3561	-0.0213	0.0275	-0.0000	0.0268	-0.3042
1.3566	-0.0213	0.0275	0.0000	0.0268	-0.3042
1.3571	-0.0214	0.0275	-0.0000	0.0268	-0.3042
1.3576	-0.0214	0.0275	0.0000	0.0268	-0.3042
1.3581	-0.0215	0.0275	0.0000	0.0268	-0.3042
1.3586	-0.0214	0.0275	-0.0000	0.0268	-0.3042
1.3591	-0.0215	0.0275	-0.0000	0.0268	-0.3042
1.3596	-0.0215	0.0275	0.0000	0.0269	-0.3043
1.3601	-0.0214	0.0275	0.0000	0.0269	-0.3043
1.3606	-0.0215	0.0275	0.0000	0.0269	-0.3042
1.3611	-0.0213	0.0275	-0.0000	0.0268	-0.3042
1.3616	-0.0213	0.0275	0.0000	0.0269	-0.3042
1.3621	-0.0215	0.0275	0.0000	0.0269	-0.3043
1.3626	-0.0216	0.0275	0.0001	0.0269	-0.3043
1.3631	-0.0216	0.0275	-0.0000	0.0269	-0.3042
1.3637	-0.0215	0.0275	0.0000	0.0269	-0.3043
1.3642	-0.0215	0.0275	0.0000	0.0269	-0.3043
1.3647	-0.0216	0.0275	0.0000	0.0269	-0.3043
1.3652	-0.0216	0.0275	0.0000	0.0268	-0.3042
1.3657	-0.0217	0.0276	0.0000	0.0269	-0.3042
1.3662	-0.0217	0.0275	0.0000	0.0268	-0.3042
1.3667	-0.0216	0.0276	0.0000	0.0269	-0.3042
1.3672	-0.0216	0.0276	0.0000	0.0268	-0.3043
1.3677	-0.0218	0.0275	0.0000	0.0268	-0.3042
1.3682	-0.0216	0.0275	0.0000	0.0268	-0.3042
1.3687	-0.0218	0.0275	0.0000	0.0268	-0.3043
1.3692	-0.0216	0.0275	0.0000	0.0269	-0.3043
1.3697	-0.0218	0.0275	0.0000	0.0269	-0.3042
1.3702	-0.0215	0.0275	-0.0000	0.0269	-0.3043
1.3707	-0.0217	0.0275	-0.0001	0.0269	-0.3043
1.3713	-0.0215	0.0275	0.0000	0.0269	-0.3042
1.3718	-0.0218	0.0275	0.0000	0.0269	-0.3043
1.3723	-0.0215	0.0275	-0.0000	0.0269	-0.3043
1.3728	-0.0217	0.0276	-0.0000	0.0269	-0.3043
1.3733	-0.0216	0.0275	0.0000	0.0269	-0.3043
1.3738	-0.0217	0.0275	-0.0000	0.0268	-0.3043
1.3743	-0.0217	0.0275	-0.0000	0.0269	-0.3043
1.3748	-0.0217	0.0275	0.0001	0.0269	-0.3042
1.3753	-0.0215	0.0275	-0.0000	0.0269	-0.3043
1.3758	-0.0218	0.0275	0.0000	0.0269	-0.3043
1.3763	-0.0217	0.0276	0.0000	0.0269	-0.3042
1.3768	-0.0217	0.0276	0.0000	0.0269	-0.3042
1.3773	-0.0217	0.0276	-0.0000	0.0268	-0.3042
1.3778	-0.0217	0.0275	-0.0000	0.0269	-0.3042
1.3783	-0.0215	0.0276	0.0000	0.0269	-0.3043
1.3789	-0.0216	0.0275	0.0000	0.0269	-0.3043
1.3794	-0.0217	0.0276	-0.0000	0.0269	-0.3042
1.3799	-0.0216	0.0276	0.0001	0.0269	-0.3043
1.3804	-0.0217	0.0275	0.0000	0.0269	-0.3042
1.3809	-0.0217	0.0275	0.0000	0.0269	-0.3042
1.3814	-0.0216	0.0275	0.0000	0.0269	-0.3042
1.3819	-0.0217	0.0276	-0.0000	0.0269	-0.3042
1.3824	-0.0215	0.0275	0.0000	0.0269	-0.3043
1.3829	-0.0217	0.0275	0.0000	0.0269	-0.3043
1.3834	-0.0216	0.0275	0.0000	0.0269	-0.3042
1.3839	-0.0217	0.0275	0.0000	0.0269	-0.3042
1.3844	-0.0217	0.0275	0.0000	0.0269	-0.3042
1.3849	-0.0217	0.0276	0.0000	0.0269	-0.3042
1.3854	-0.0216	0.0275	0.0001	0.0269	-0.3042
1.3859	-0.0218	0.0276	0.0000	0.0269	-0.3042
1.3865	-0.0216	0.0275	0.0000	0.0269	-0.3042
1.3870	-0.0218	0.0276	-0.0000	0.0269	-0.3042
1.3875	-0.0216	0.0275	-0.0000	0.0269	-0.3042
1.3880	-0.0218	0.0276	-0.0000	0.0269	-0.3042
1.3885	-0.0216	0.0276	-0.0000	0.0269	-0.3042
1.3890	-0.0218	0.0276	-0.0000	0.0270	-0.3042
1.3895	-0.0217	0.0276	-0.0000	0.0269	-0.3042
1.3900	-0.0219	0.0276	0.0000	0.0270	-0.3042
1.3905	-0.0218	0.0276	-0.0000	0.0270	-0.3042
1.3910	-0.0220	0.0276	0.0000	0.0269	-0.3042
1.3915	-0.0216	0.0276	-0.0000	0.0269	-0.3042
1.3920	-0.0220	0.0276	0.0000	0.0269	-0.3042
1.3925	-0.0216	0.0276	0.0000	0.0269	-0.3041
1.3930	-0.0220	0.0276	0.0000	0.0270	-0.3041
1.3935	-0.0217	0.0276	-0.0000	0.0269	-0.3041
1.3941	-0.0220	0.0276	-0.0000	0.0269	-0.3041
1.3946	-0.0219	0.0275	0.0001	0.0269	-0.3042
1.3951	-0.0219	0.0276	-0.0000	0.0269	-0.3041
1.3956	-0.0219	0.0276	-0.0000	0.0269	-0.3041
1.3961	-0.0221	0.0276	0.0000	0.0269	-0.3041
1.3966	-0.0218	0.0276	0.0000	0.0269	-0.3041
1.3971	-0.0220	0.0276	0.0000	0.0269	-0.3041
1.3976	-0.0220	0.0276	0.0000	0.0269	-0.3041
1.3981	-0.0220	0.0276	0.0000	0.0269	-0.3041
1.3986	-0.0218	0.0276	0.0000	0.0270	-0.3041
1.3991	-0.0220	0.0276	0.0000	0.0270	-0.3041
1.3996	-0.0220	0.0276	0.0000	0.0269	-0.3040
1.4001	-0.0220	0.0276	-0.0000	0.0270	-0.3040
1.4006	-0.0219	0.0276	-0.0000	0.0269	-0.3040
1.4011	-0.0220	0.0276	0.0000	0.0269	-0.3040
1.4017	-0.0220	0.0276	0.0000	0.0270	-0.3040
1.4022	-0.0218	0.0276	-0.0000	0.0269	-0.3040
1.4027	-0.0220	0.0276	0.0000	0.0269	-0.3039
1.4032	-0.0219	0.0276	-0.0000	0.0269	-0.3039
1.4037	-0.0221	0.0276	0.0000	0.0270	-0.3039
1.4042	-0.0217	0.0276	0.0000	0.0270	-0.3039
1.4047	-0.0220	0.0277	0.0000	0.0270	-0.3038
1.4052	-0.0218	0.0276	0.0000	0.0269	-0.3037
1.4057	-0.0219	0.0277	0.0000	0.0270	-0.3037
1.4062	-0.0218	0.0276	-0.0000	0.0270	-0.3037
1.4067	-0.0219	0.0276	-0.0000	0.0270	-0.3036
1.4072	-0.0218	0.0276	-0.0000	0.0270	-0.3036
1.4077	-0.0219	0.0276	-0.0000	0.0269	-0.3035
1.4082	-0.0218	0.0276	0.0000	0.0270	-0.3035
1.4087	-0.0218	0.0276	0.0000	0.0270	-0.3034
1.4093	-0.0219	0.0276	0.0000	0.0270	-0.3033
1.4098	-0.0220	0.0276	0.0000	0.0270	-0.3032
1.4103	-0.0220	0.0276	0.0000	0.0270	-0.3031
1.4108	-0.0220	0.0277	0.0000	0.0270	-0.3030
1.4113	-0.0219	0.0277	-0.0000	0.0270	-0.3029
1.4118	-0.0219	0.0277	0.0000	0.0270	-0.3027
1.4123	-0.0218	0.0277	0.0000	0.0270	-0.3023
1.4128	-0.0217	0.0277	0.0000	0.0270	-0.3020
1.4133	-0.0219	0.0277	-0.0000	0.0270	-0.3016
1.4138	-0.0218	0.0276	-0.0000	0.0270	-0.3011
1.4143	-0.0219	0.0276	-0.0000	0.0270	-0.3005
1.4148	-0.0218	0.0277	-0.0000	0.0270	-0.2992
1.4153	-0.0220	0.0277	0.0000	0.0270	-0.2986
1.4158	-0.0219	0.0277	-0.0000	0.0270	-0.2965
1.4163	-0.0218	0.0276	0.0000	0.0270	-0.2943
1.4169	-0.0217	0.0276	0.0000	0.0270	-0.2886
1.4174	-0.0218	0.0276	0.0000	0.0270	-0.2815
1.4179	-0.0217	0.0277	0.0000	0.0270	-0.2685
1.4184	-0.0216	0.0277	0.0000	0.0270	-0.2384
1.4189	-0.0216	0.0277	-0.0000	0.0270	-0.1904
1.4194	-0.0216	0.0276	0.0000	0.0270	-0.1066
1.4199	-0.0216	0.0276	0.0000	0.0270	-0.0285
1.4204	-0.0217	0.0276	-0.0000	0.0270	0.0638
1.4209	-0.0216	0.0276	0.0000	0.0270	0.3824
1.4214	-0.0217	0.0276	0.0000	0.0270	0.6345
1.4219	-0.0217	0.0277	0.0000	0.0270	0.7630
1.4224	-0.0217	0.0277	-0.0000	0.0270	0.8047
1.4229	-0.0216	0.0278	-0.0000	0.0270	0.8719
1.4234	-0.0219	0.0277	-0.0000	0.0270	0.8901
1.4239	-0.0218	0.0277	-0.0000	0.0269	0.2673
1.4245	-0.0218	0.0277	-0.0000	0.0270	-0.1200
1.4250	-0.0217	0.0277	-0.0000	0.0270	-0.2303
1.4255	-0.0217	0.0277	0.0000	0.0270	-0.2659
1.4260	-0.0217	0.0277	0.0000	0.0270	-0.2875
1.4265	-0.0217	0.0277	-0.0000	0.0270	-0.2929
1.4270	-0.0217	0.0277	0.0000	0.0270	-0.2956
1.4275	-0.0216	0.0277	-0.0000	0.0271	-0.2978
1.4280	-0.0217	0.0276	0.0000	0.0270	-0.2990
1.4285	-0.0216	0.0276	0.0000	0.0270	-0.2994
1.4290	-0.0217	0.0277	0.0000	0.0270	-0.3001
1.4295	-0.0217	0.0277	0.0000	0.0271	-0.3007
1.4300	-0.0216	0.0276	0.0000	0.0270	-0.3011
1.4305	-0.0218	0.0277	-0.0000	0.0270	-0.3015
1.4310	-0.0218	0.0277	0.0000	0.0270	-0.3018
1.4315	-0.0215	0.0277	0.0000	0.0270	-0.3021
1.4321	-0.0218	0.0277	-0.0000	0.0270	-0.3023
1.4326	-0.0217	0.0277	-0.0000	0.0270	-0.3025
1.4331	-0.0218	0.0277	0.0000	0.0270	-0.3026
1.4336	-0.0216	0.0277	0.0000	0.0270	-0.3028
1.4341	-0.0215	0.0277	0.0000	0.0270	-0.3029
1.4346	-0.0218	0.0277	-0.0000	0.0270	-0.3030
1.4351	-0.0216	0.0277	-0.0000	0.0270	-0.3032
1.4356	-0.0218	0.0277	-0.0001	0.0270	-0.3033
1.4361	-0.0217	0.0277	-0.0000	0.0270	-0.3035
1.4366	-0.0218	0.0277	0.0000	0.0270	-0.3035
1.4371	-0.0217	0.0277	0.0000	0.0270	-0.3035
1.4376	-0.0218	0.0277	-0.0000	0.0270	-0.3035
1.4381	-0.0215	0.0277	0.0001	0.0270	-0.3036
1.4386	-0.0218	0.0277	0.0000	0.0270	-0.3036
1.4391	-0.0217	0.0277	-0.0000	0.0271	-0.3037
1.4397	-0.0217	0.0277	-0.0000	0.0270	-0.3038
1.4402	-0.0218	0.0277	-0.0001	0.0271	-0.3037
1.4407	-0.0216	0.0277	0.0000	0.0271	-0.3038
1.4412	-0.0218	0.0277	-0.0000	0.0270	-0.3039
1.4417	-0.0217	0.0277	0.0000	0.0271	-0.3038
1.4422	-0.0218	0.0277	-0.0000	0.0271	-0.3039
1.4427	-0.0217	0.0277	-0.0000	0.0271	-0.3040
1.4432	-0.0217	0.0277	0.0000	0.0271	-0.3039
1.4437	-0.0218	0.0277	-0.0000	0.0270	-0.3040
1.4442	-0.0217	0.0277	0.0000	0.0270	-0.3040
1.4447	-0.0217	0.0277	0.0000	0.0270	-0.3040
1.4452	-0.0217	0.0277	-0.0000	0.0271	-0.3040
1.4457	-0.0216	0.0277	0.0000	0.0270	-0.3041
1.4462	-0.0217	0.0277	0.0000	0.0270	-0.3041
1.4467	-0.0216	0.0277	0.0001	0.0270	-0.3041
1.4473	-0.0217	0.0277	0.0000	0.0271	-0.3041
1.4478	-0.0218	0.0277	-0.0000	0.0271	-0.3041
1.4483	-0.0215	0.0277	0.0000	0.0271	-0.3041
1.4488	-0.0218	0.0277	0.0000	0.0271	-0.3041
1.4493	-0.0217	0.0277	0.0000	0.0271	-0.3042
1.4498	-0.0217	0.0277	-0.0000	0.0271	-0.3042
1.4503	-0.0217	0.0277	0.0000	0.0271	-0.3042
1.4508	-0.0217	0.0277	0.0000	0.0271	-0.3041
1.4513	-0.0216	0.0277	-0.0000	0.0270	-0.3041
1.4518	-0.0217	0.0277	0.0000	0.0271	-0.3041
1.4523	-0.0216	0.0277	0.0000	0.0271	-0.3041
1.4528	-0.0216	0.0277	0.0000	0.0271	-0.3041
1.4533	-0.0217	0.0277	0.0000	0.0270	-0.3041
1.4538	-0.0216	0.0277	0.0000	0.0271	-0.3041
1.4543	-0.0216	0.0277	-0.0000	0.0271	-0.3042
1.4549	-0.0216	0.0278	-0.0000	0.0271	-0.3042
1.4554	-0.0216	0.0277	-0.0000	0.0271	-0.3041
1.4559	-0.0215	0.0277	0.0000	0.0270	-0.3042
1.4564	-0.0216	0.0277	-0.0000	0.0271	-0.3042
1.4569	-0.0215	0.0277	-0.0000	0.0271	-0.3042
1.4574	-0.0215	0.0277	-0.0000	0.0270	-0.3042
1.4579	-0.0215	0.0277	-0.0000	0.0271	-0.3042
1.4584	-0.0215	0.0277	-0.0000	0.0271	-0.3042
1.4589	-0.0215	0.0277	0.0000	0.0271	-0.3042
1.4594	-0.0214	0.0277	0.0000	0.0271	-0.3042
1.4599	-0.0215	0.0277	0.0000	0.0271	-0.3042
1.4604	-0.0216	0.0277	0.0000	0.0271	-0.3042
1.4609	-0.0213	0.0277	-0.0000	0.0271	-0.3042
1.4614	-0.0215	0.0277	0.0000	0.0270	-0.3042
1.4619	-0.0213	0.0277	-0.0000	0.0271	-0.3043
1.4625	-0.0216	0.0277	0.0000	0.0271	-0.3042
1.4630	-0.0211	0.0277	0.0000	0.0271	-0.3042
1.4635	-0.0215	0.0278	-0.0000	0.0271	-0.3042
1.4640	-0.0213	0.0277	-0.0000	0.0270	-0.3042
1.4645	-0.0213	0.0277	0.0000	0.0271	-0.3042
1.4650	-0.0212	0.0277	0.0000	0.0271	-0.3043
1.4655	-0.0213	0.0277	-0.0000	0.0271	-0.3042
1.4660	-0.0212	0.0277	0.0000	0.0271	-0.3043
1.4665	-0.0215	0.0277	-0.0000	0.0270	-0.3042
1.4670	-0.0212	0.0277	0.0000	0.0271	-0.3043
1.4675	-0.0215	0.0277	0.0000	0.0271	-0.3042
1.4680	-0.0210	0.0277	0.0001	0.0271	-0.3043
1.4685	-0.0212	0.0277	-0.0000	0.0271	-0.3042
1.4690	-0.0212	0.0277	0.0000	0.0271	-0.3043
1.4695	-0.0211	0.0277	0.0000	0.0271	-0.3043
1.4701	-0.0211	0.0277	-0.0000	0.0271	-0.3042
1.4706	-0.0212	0.0277	0.0000	0.0270	-0.3043
1.4711	-0.0211	0.0277	0.0000	0.0271	-0.3043
1.4716	-0.0212	0.0277	0.0000	0.0271	-0.3043
1.4721	-0.0210	0.0277	-0.0000	0.0271	-0.3043
1.4726	-0.0211	0.0277	0.0000	0.0271	-0.3043
1.4731	-0.0211	0.0277	0.0000	0.0271	-0.3042
1.4736	-0.0209	0.0277	0.0000	0.0271	-0.3043
1.4741	-0.0210	0.0277	0.0000	0.0271	-0.3043
1.4746	-0.0212	0.0277	0.0000	0.0271	-0.3042
1.4751	-0.0212	0.0277	-0.0000	0.0271	-0.3043
1.4756	-0.0210	0.0277	0.0000	0.0271	-0.3042
1.4761	-0.0209	0.0277	0.0000	0.0271	-0.3043
1.4766	-0.0209	0.0277	0.0000	0.0271	-0.3043
1.4771	-0.0209	0.0277	0.0000	0.0271	-0.3043
1.4777	-0.0209	0.0278	0.0000	0.0271	-0.3042
1.4782	-0.0209	0.0277	0.0000	0.0271	-0.3042
1.4787	-0.0210	0.0277	0.0000	0.0270	-0.3043
1.4792	-0.0210	0.0277	0.0000	0.0271	-0.3043
1.4797	-0.0209	0.0277	0.0001	0.0270	-0.3043
1.4802	-0.0208	0.0277	-0.0000	0.0271	-0.3042
1.4807	-0.0210	0.0277	-0.0000	0.0271	-0.3042
1.4812	-0.0209	0.0277	0.0000	0.0270	-0.3042
1.4817	-0.0210	0.0277	0.0000	0.0270	-0.3042
1.4822	-0.0206	0.0277	0.0000	0.0271	-0.3042
1.4827	-0.0209	0.0277	0.0000	0.0271	-0.3042
1.4832	-0.0207	0.0277	0.0000	0.0271	-0.3042
1.4837	-0.0208	0.0277	0.0000	0.0270	-0.3042
1.4842	-0.0205	0.0277	0.0000	0.0271	-0.3043
1.4847	-0.0205	0.0277	0.0000	0.0271	-0.3042
1.4853	-0.0205	0.0277	0.0000	0.0271	-0.3043
1.4858	-0.0206	0.0276	-0.0000	0.0271	-0.3043
1.4863	-0.0203	0.0276	-0.0000	0.0271	-0.3043
1.4868	-0.0209	0.0277	0.0000	0.0271	-0.3042
1.4873	-0.0206	0.0277	-0.0000	0.0270	-0.3042
1.4878	-0.0208	0.0277	-0.0000	0.0271	-0.3042
1.4883	-0.0204	0.0277	0.0000	0.0271	-0.3042
1.4888	-0.0206	0.0277	0.0000	0.0270	-0.3042
1.4893	-0.0202	0.0278	-0.0000	0.0271	-0.3043
1.4898	-0.0205	0.0277	-0.0000	0.0271	-0.3042
1.4903	-0.0204	0.0277	-0.0000	0.0270	-0.3042
1.4908	-0.0205	0.0277	0.0000	0.0271	-0.3043
1.4913	-0.0204	0.0277	0.0000	0.0271	-0.3042
1.4918	-0.0204	0.0277	-0.0000	0.0270	-0.3042
1.4923	-0.0202	0.0277	0.0000	0.0270	-0.3042
1.4929	-0.0201	0.0277	0.0000	0.0271	-0.3042
1.4934	-0.0202	0.0276	-0.0000	0.0270	-0.3042
1.4939	-0.0201	0.0276	0.0000	0.0271	-0.3042
1.4944	-0.0202	0.0276	0.0001	0.0271	-0.3042
1.4949	-0.0201	0.0276	0.0000	0.0270	-0.3042
1.4954	-0.0201	0.0277	-0.0000	0.0271	-0.3042
1.4959	-0.0199	0.0276	0.0000	0.0270	-0.3042
1.4964	-0.0201	0.0276	0.0000	0.0271	-0.3042
1.4969	-0.0196	0.0276	0.0000	0.0270	-0.3041
1.4974	-0.0201	0.0277	0.0000	0.0271	-0.3042
1.4979	-0.0196	0.0277	-0.0000	0.0270	-0.3042
1.4984	-0.0200	0.0276	0.0000	0.0270	-0.3042
1.4989	-0.0195	0.0276	0.0000	0.0271	-0.3041
1.4994	-0.0200	0.0276	0.0000	0.0270	-0.3041
1.4999	-0.0195	0.0276	0.0000	0.0270	-0.3042
1.5005	-0.0199	0.0276	0.0000	0.0270	-0.3041
1.5010	-0.0195	0.0276	-0.0000	0.0270	-0.3041
1.5015	-0.0198	0.0276	-0.0000	0.0270	-0.3042
1.5020	-0.0195	0.0276	0.0000	0.0270	-0.3041
1.5025	-0.0195	0.0276	-0.0000	0.0270	-0.3041
1.5030	-0.0193	0.0276	0.0000	0.0270	-0.3041
1.5035	-0.0194	0.0276	0.0000	0.0270	-0.3041
1.5040	-0.0191	0.0275	0.0000	0.0270	-0.3041
1.5045	-0.0193	0.0276	0.0000	0.0270	-0.3041
1.5050	-0.0192	0.0276	-0.0000	0.0270	-0.3041
1.5055	-0.0192	0.0275	0.0000	0.0270	-0.3040
1.5060	-0.0191	0.0276	-0.0000	0.0270	-0.3040
1.5065	-0.0191	0.0276	0.0000	0.0270	-0.3040
1.5070	-0.0191	0.0275	0.0000	0.0270	-0.3040
1.5075	-0.0189	0.0276	-0.0000	0.0270	-0.3040
1.5081	-0.0189	0.0276	0.0000	0.0270	-0.3040
1.5086	-0.0189	0.0275	0.0000	0.0270	-0.3040
1.5091	-0.0190	0.0276	0.0000	0.0270	-0.3039
1.5096	-0.0189	0.0275	0.0000	0.0270	-0.3039
1.5101	-0.0189	0.0276	-0.0000	0.0270	-0.3039
1.5106	-0.0187	0.0275	0.0000	0.0270	-0.3039
1.5111	-0.0189	0.0276	0.0000	0.0269	-0.3039
1.5116	-0.0187	0.0275	-0.0000	0.0270	-0.3038
1.5121	-0.0188	0.0276	0.0000	0.0270	-0.3038
1.5126	-0.0187	0.0275	0.0000	0.0270	-0.3037
1.5131	-0.0187	0.0275	0.0000	0.0269	-0.3037
1.5136	-0.0186	0.0275	0.0000	0.0270	-0.3037
1.5141	-0.0188	0.0275	0.0000	0.0270	-0.3036
1.5146	-0.0184	0.0275	0.0000	0.0269	-0.3036
1.5151	-0.0187	0.0275	0.0000	0.0270	-0.3035
1.5157	-0.0185	0.0274	0.0000	0.0270	-0.3035
1.5162	-0.0185	0.0275	-0.0000	0.0270	-0.3033
1.5167	-0.0183	0.0275	0.0000	0.0270	-0.3033
1.5172	-0.0183	0.0275	-0.0000	0.0270	-0.3032
1.5177	-0.0181	0.0275	0.0000	0.0269	-0.3030
1.5182	-0.0181	0.0275	0.0000	0.0269	-0.3030
1.5187	-0.0180	0.0275	-0.0000	0.0269	-0.3028
1.5192	-0.0180	0.0274	0.0000	0.0269	-0.3026
1.5197	-0.0179	0.0275	-0.0000	0.0269	-0.3023
1.5202	-0.0178	0.0274	0.0000	0.0270	-0.3020
1.5207	-0.0178	0.0275	-0.0000	0.0269	-0.3016
1.5212	-0.0178	0.0274	0.0000	0.0269	-0.3013
1.5217	-0.0177	0.0274	0.0001	0.0269	-0.3007
1.5222	-0.0177	0.0274	0.0000	0.0269	-0.2995
1.5227	-0.0176	0.0274	0.0000	0.0269	-0.2989
1.5233	-0.0176	0.0274	0.0000	0.0269	-0.2977
1.5238	-0.0175	0.0274	0.0000	0.0269	-0.2946
1.5243	-0.0175	0.0274	0.0000	0.0269	-0.2889
1.5248	-0.0174	0.0274	0.0000	0.0269	-0.2810
1.5253	-0.0173	0.0274	0.0000	0.0269	-0.2628
1.5258	-0.0173	0.0274	0.0000	0.0269	-0.1985
1.5263	-0.0172	0.0274	-0.0000	0.0268	-0.1651
1.5268	-0.0172	0.0273	0.0001	0.0269	-0.0669
1.5273	-0.0172	0.0273	0.0000	0.0269	-0.0011
1.5278	-0.0170	0.0273	-0.0000	0.0269	0.1610
1.5283	-0.0172	0.0273	0.0000	0.0268	0.3847
1.5288	-0.0170	0.0273	0.0000	0.0269	0.6635
1.5293	-0.0168	0.0273	0.0000	0.0268	0.7988
1.5298	-0.0167	0.0273	0.0000	0.0268	0.8433
1.5303	-0.0169	0.0273	0.0000	0.0268	0.9153
1.5309	-0.0165	0.0273	-0.0000	0.0268	0.5605
1.5314	-0.0167	0.0272	0.0001	0.0268	-0.0358
1.5319	-0.0165	0.0273	0.0000	0.0268	-0.2084
1.5324	-0.0166	0.0273	0.0000	0.0268	-0.2687
1.5329	-0.0164	0.0273	0.0000	0.0268	-0.2879
1.5334	-0.0163	0.0273	0.0000	0.0268	-0.2918
1.5339	-0.0163	0.0273	-0.0000	0.0268	-0.2941
1.5344	-0.0163	0.0272	0.0000	0.0268	-0.2959
1.5349	-0.0162	0.0273	-0.0000	0.0268	-0.2978
1.5354	-0.0161	0.0272	0.0000	0.0268	-0.2994
1.5359	-0.0159	0.0272	-0.0000	0.0268	-0.3002
1.5364	-0.0159	0.0272	-0.0000	0.0268	-0.3006
1.5369	-0.0158	0.0272	0.0000	0.0268	-0.3011
1.5374	-0.0157	0.0272	0.0000	0.0268	-0.3016
1.5379	-0.0157	0.0272	0.0000	0.0268	-0.3017
1.5385	-0.0157	0.0272	0.0000	0.0268	-0.3019
1.5390	-0.0157	0.0272	0.0000	0.0268	-0.3021
1.5395	-0.0154	0.0272	-0.0000	0.0267	-0.3023
1.5400	-0.0153	0.0271	0.0000	0.0268	-0.3026
1.5405	-0.0153	0.0272	0.0000	0.0267	-0.3027
1.5410	-0.0152	0.0272	0.0000	0.0267	-0.3029
1.5415	-0.0152	0.0271	0.0001	0.0267	-0.3030
1.5420	-0.0150	0.0272	-0.0000	0.0267	-0.3031
1.5425	-0.0149	0.0271	0.0000	0.0267	-0.3032
1.5430	-0.0150	0.0271	-0.0000	0.0267	-0.3033
1.5435	-0.0148	0.0271	-0.0000	0.0267	-0.3034
1.5440	-0.0148	0.0271	0.0000	0.0267	-0.3035
1.5445	-0.0148	0.0271	-0.0000	0.0267	-0.3036
1.5450	-0.0145	0.0270	-0.0000	0.0266	-0.3035
1.5455	-0.0146	0.0270	0.0000	0.0267	-0.3036
1.5461	-0.0146	0.0271	-0.0000	0.0267	-0.3036
1.5466	-0.0144	0.0271	-0.0000	0.0267	-0.3037
1.5471	-0.0143	0.0271	0.0000	0.0266	-0.3037
1.5476	-0.0142	0.0270	-0.0000	0.0267	-0.3037
1.5481	-0.0141	0.0270	-0.0000	0.0266	-0.3038
1.5486	-0.0142	0.0270	-0.0000	0.0266	-0.3039
1.5491	-0.0140	0.0270	0.0000	0.0266	-0.3039
1.5496	-0.0142	0.0270	0.0001	0.0266	-0.3039
1.5501	-0.0140	0.0270	0.0000	0.0266	-0.3039
1.5506	-0.0138	0.0270	-0.0000	0.0266	-0.3039
1.5511	-0.0140	0.0270	0.0001	0.0266	-0.3039
1.5516	-0.0136	0.0269	0.0000	0.0266	-0.3039
1.5521	-0.0138	0.0270	0.0000	0.0266	-0.3040
1.5526	-0.0134	0.0269	0.0000	0.0266	-0.3040
1.5531	-0.0137	0.0270	0.0000	0.0265	-0.3040
1.5537	-0.0133	0.0269	0.0000	0.0266	-0.3040
1.5542	-0.0134	0.0269	0.0000	0.0266	-0.3040
1.5547	-0.0132	0.0269	0.0000	0.0265	-0.3041
1.5552	-0.0134	0.0270	0.0000	0.0266	-0.3041
1.5557	-0.0130	0.0269	0.0000	0.0265	-0.3041
1.5562	-0.0132	0.0269	0.0000	0.0265	-0.3041
1.5567	-0.0129	0.0269	0.0000	0.0265	-0.3040
1.5572	-0.0130	0.0269	0.0000	0.0265	-0.3041
1.5577	-0.0127	0.0269	0.0000	0.0265	-0.3041
1.5582	-0.0130	0.0269	0.0000	0.0265	-0.3041
1.5587	-0.0127	0.0268	0.0000	0.0265	-0.3041
1.5592	-0.0129	0.0268	0.0000	0.0265	-0.3041
1.5597	-0.0123	0.0268	-0.0000	0.0265	-0.3041
1.5602	-0.0125	0.0268	0.0000	0.0265	-0.3042
1.5607	-0.0122	0.0268	0.0000	0.0265	-0.3041
1.5613	-0.0123	0.0268	-0.0000	0.0264	-0.3041
1.5618	-0.0122	0.0267	-0.0000	0.0265	-0.3041
1.5623	-0.0121	0.0267	0.0000	0.0264	-0.3041
1.5628	-0.0120	0.0268	-0.0000	0.0264	-0.3042
1.5633	-0.0119	0.0267	0.0000	0.0264	-0.3042
1.5638	-0.0118	0.0267	-0.0000	0.0264	-0.3042
1.5643	-0.0117	0.0267	0.0000	0.0264	-0.3042
1.5648	-0.0116	0.0267	-0.0000	0.0263	-0.3041
1.5653	-0.0115	0.0267	0.0000	0.0264	-0.3042
1.5658	-0.0116	0.0266	0.0000	0.0263	-0.3042
1.5663	-0.0112	0.0267	0.0000	0.0263	-0.3042
1.5668	-0.0114	0.0266	0.0001	0.0264	-0.3042
1.5673	-0.0110	0.0266	0.0000	0.0263	-0.3042
1.5678	-0.0112	0.0266	0.0000	0.0263	-0.3042
1.5683	-0.0108	0.0266	0.0000	0.0263	-0.3042
1.5689	-0.0112	0.0266	0.0000	0.0263	-0.3042
1.5694	-0.0107	0.0266	0.0000	0.0263	-0.3042
1.5699	-0.0109	0.0266	0.0000	0.0263	-0.3042
1.5704	-0.0106	0.0265	0.0000	0.0263	-0.3042
1.5709	-0.0106	0.0265	0.0000	0.0262	-0.3042
1.5714	-0.0103	0.0265	-0.0000	0.0262	-0.3042
1.5719	-0.0105	0.0265	0.0000	0.0263	-0.3042
1.5724	-0.0103	0.0265	-0.0000	0.0262	-0.3043
1.5729	-0.0103	0.0265	-0.0000	0.0262	-0.3043
1.5734	-0.0102	0.0265	0.0000	0.0262	-0.3042
1.5739	-0.0100	0.0264	0.0000	0.0263	-0.3043
1.5744	-0.0098	0.0264	0.0000	0.0262	-0.3043
1.5749	-0.0098	0.0264	-0.0000	0.0262	-0.3043
1.5754	-0.0097	0.0264	0.0000	0.0262	-0.3042
1.5759	-0.0097	0.0264	-0.0000	0.0262	-0.3042
1.5765	-0.0097	0.0264	-0.0000	0.0262	-0.3042
1.5770	-0.0096	0.0264	0.0000	0.0262	-0.3042
1.5775	-0.0095	0.0263	-0.0000	0.0262	-0.3043
1.5780	-0.0093	0.0263	-0.0000	0.0261	-0.3043
1.5785	-0.0091	0.0263	0.0000	0.0261	-0.3043
1.5790	-0.0092	0.0263	0.0000	0.0262	-0.3042
1.5795	-0.0091	0.0263	-0.0000	0.0261	-0.3043
1.5800	-0.0089	0.0263	-0.0000	0.0261	-0.3043
1.5805	-0.0090	0.0264	-0.0000	0.0261	-0.3043
1.5810	-0.0087	0.0262	0.0000	0.0261	-0.3042
1.5815	-0.0089	0.0263	-0.0001	0.0261	-0.3043
1.5820	-0.0086	0.0262	0.0000	0.0261	-0.3043
1.5825	-0.0085	0.0263	0.0000	0.0260	-0.3042
1.5830	-0.0086	0.0262	0.0001	0.0260	-0.3043
1.5835	-0.0082	0.0262	0.0000	0.0260	-0.3043
1.5841	-0.0082	0.0262	-0.0000	0.0260	-0.3043
1.5846	-0.0081	0.0262	-0.0000	0.0260	-0.3042
1.5851	-0.0080	0.0261	-0.0000	0.0259	-0.3042
1.5856	-0.0080	0.0261	0.0000	0.0260	-0.3043
1.5861	-0.0080	0.0261	-0.0000	0.0259	-0.3043
1.5866	-0.0077	0.0261	-0.0000	0.0260	-0.3043
1.5871	-0.0078	0.0261	-0.0000	0.0259	-0.3043
1.5876	-0.0076	0.0261	-0.0000	0.0259	-0.3043
1.5881	-0.0074	0.0260	-0.0000	0.0259	-0.3043
1.5886	-0.0071	0.0261	-0.0000	0.0259	-0.3043
1.5891	-0.0070	0.0260	0.0000	0.0258	-0.3042
1.5896	-0.0070	0.0260	-0.0000	0.0258	-0.3043
1.5901	-0.0071	0.0260	0.0000	0.0258	-0.3043
1.5906	-0.0070	0.0260	0.0000	0.0258	-0.3043
1.5911	-0.0069	0.0260	0.0000	0.0258	-0.3043
1.5917	-0.0070	0.0260	-0.0000	0.0258	-0.3043
1.5922	-0.0068	0.0260	-0.0000	0.0258	-0.3043
1.5927	-0.0069	0.0259	-0.0000	0.0258	-0.3043
1.5932	-0.0066	0.0259	0.0000	0.0258	-0.3043
1.5937	-0.0066	0.0259	0.0000	0.0257	-0.3043
1.5942	-0.0065	0.0259	0.0000	0.0257	-0.3043
1.5947	-0.0065	0.0259	0.0000	0.0258	-0.3042
1.5952	-0.0063	0.0258	-0.0000	0.0258	-0.3043
1.5957	-0.0064	0.0258	0.0000	0.0258	-0.3043
1.5962	-0.0062	0.0258	-0.0000	0.0257	-0.3042
1.5967	-0.0062	0.0258	0.0000	0.0257	-0.3043
1.5972	-0.0060	0.0258	0.0000	0.0257	-0.3042
1.5977	-0.0061	0.0258	-0.0000	0.0257	-0.3042
1.5982	-0.0059	0.0258	-0.0000	0.0257	-0.3042
1.5987	-0.0060	0.0257	-0.0000	0.0257	-0.3042
1.5993	-0.0056	0.0257	0.0000	0.0256	-0.3042
1.5998	-0.0057	0.0257	-0.0000	0.0256	-0.3043
1.6003	-0.0055	0.0258	0.0000	0.0256	-0.3042
1.6008	-0.0056	0.0257	-0.0001	0.0256	-0.3042
1.6013	-0.0054	0.0257	-0.0000	0.0256	-0.3042
1.6018	-0.0055	0.0257	-0.0000	0.0256	-0.3042
1.6023	-0.0052	0.0257	0.0000	0.0256	-0.3041
1.6028	-0.0053	0.0257	-0.0000	0.0255	-0.3042
1.6033	-0.0050	0.0256	-0.0000	0.0256	-0.3042
1.6038	-0.0050	0.0256	0.0000	0.0256	-0.3042
1.6043	-0.0051	0.0256	0.0000	0.0255	-0.3043
1.6048	-0.0050	0.0256	-0.0000	0.0256	-0.3043
1.6053	-0.0048	0.0256	0.0000	0.0255	-0.3042
1.6058	-0.0048	0.0256	0.0000	0.0255	-0.3042
1.6063	-0.0048	0.0255	0.0000	0.0255	-0.3042
1.6069	-0.0045	0.0255	-0.0000	0.0255	-0.3041
1.6074	-0.0046	0.0255	0.0000	0.0254	-0.3041
1.6079	-0.0044	0.0255	0.0000	0.0255	-0.3041
1.6084	-0.0044	0.0255	-0.0000	0.0254	-0.3042
1.6089	-0.0042	0.0255	-0.0000	0.0254	-0.3041
1.6094	-0.0042	0.0255	-0.0000	0.0254	-0.3042
1.6099	-0.0041	0.0254	0.0000	0.0254	-0.3041
1.6104	-0.0041	0.0255	0.0000	0.0254	-0.3041
1.6109	-0.0039	0.0254	-0.0000	0.0253	-0.3041
1.6114	-0.0039	0.0254	0.0000	0.0254	-0.3041
1.6119	-0.0038	0.0254	-0.0000	0.0253	-0.3041
1.6124	-0.0036	0.0254	0.0000	0.0253	-0.3041
1.6129	-0.0036	0.0253	-0.0000	0.0253	-0.3041
1.6134	-0.0035	0.0253	0.0000	0.0253	-0.3041
1.6139	-0.0035	0.0253	-0.0000	0.0253	-0.3041
1.6145	-0.0034	0.0253	-0.0000	0.0253	-0.3041
1.6150	-0.0034	0.0253	-0.0000	0.0253	-0.3041
1.6155	-0.0033	0.0252	-0.0000	0.0253	-0.3040
1.6160	-0.0032	0.0252	0.0000	0.0252	-0.3041
1.6165	-0.0030	0.0252	0.0000	0.0253	-0.3040
1.6170	-0.0031	0.0252	0.0000	0.0252	-0.3041
1.6175	-0.0029	0.0252	0.0000	0.0252	-0.3041
1.6180	-0.0029	0.0252	-0.0000	0.0252	-0.3040
1.6185	-0.0028	0.0252	0.0000	0.0252	-0.3039
1.6190	-0.0028	0.0252	-0.0000	0.0252	-0.3039
1.6195	-0.0027	0.0251	0.0000	0.0252	-0.3039
1.6200	-0.0025	0.0251	0.0000	0.0251	-0.3039
1.6205	-0.0026	0.0251	-0.0000	0.0251	-0.3039
1.6210	-0.0022	0.0251	-0.0000	0.0251	-0.3038
1.6215	-0.0024	0.0251	-0.0000	0.0251	-0.3039
1.6221	-0.0021	0.0251	0.0000	0.0252	-0.3038
1.6226	-0.0022	0.0250	0.0001	0.0251	-0.3038
1.6231	-0.0019	0.0250	0.0000	0.0251	-0.3037
1.6236	-0.0020	0.0250	-0.0000	0.0251	-0.3036
1.6241	-0.0017	0.0250	-0.0000	0.0250	-0.3036
1.6246	-0.0019	0.0250	0.0000	0.0250	-0.3036
1.6251	-0.0016	0.0249	-0.0000	0.0250	-0.3035
1.6256	-0.0017	0.0250	-0.0000	0.0250	-0.3035
1.6261	-0.0016	0.0250	-0.0000	0.0250	-0.3033
1.6266	-0.0015	0.0250	0.0000	0.0250	-0.3033
1.6271	-0.0015	0.0250	-0.0000	0.0250	-0.3031
1.6276	-0.0014	0.0249	0.0000	0.0250	-0.3031
1.6281	-0.0013	0.0249	-0.0000	0.0249	-0.3029
1.6286	-0.0011	0.0249	0.0000	0.0249	-0.3027
1.6291	-0.0012	0.0248	-0.0000	0.0249	-0.3024
1.6297	-0.0009	0.0248	0.0000	0.0249	-0.3021
1.6302	-0.0010	0.0248	-0.0000	0.0249	-0.3019
1.6307	-0.0007	0.0248	-0.0000	0.0249	-0.3013
1.6312	-0.0010	0.0248	-0.0000	0.0249	-0.3009
1.6317	-0.0006	0.0248	0.0000	0.0249	-0.2999
1.6322	-0.0008	0.0248	0.0000	0.0249	-0.2992
1.6327	-0.0005	0.0248	-0.0000	0.0249	-0.2986
1.6332	-0.0006	0.0248	-0.0000	0.0248	-0.2969
1.6337	-0.0003	0.0247	-0.0000	0.0249	-0.2922
1.6342	-0.0004	0.0248	-0.0000	0.0248	-0.2887
1.6347	-0.0001	0.0247	-0.0000	0.0248	-0.2774
1.6352	-0.0001	0.0247	0.0000	0.0247	-0.2578
1.6357	0.0000	0.0247	-0.0001	0.0248	-0.2395
1.6362	-0.0000	0.0247	-0.0000	0.0248	-0.1840
1.6367	0.0001	0.0247	0.0000	0.0248	-0.1212
1.6373	0.0002	0.0247	0.0000	0.0248	-0.0124
1.6378	0.0002	0.0247	0.0000	0.0248	0.1537
1.6383	0.0004	0.0247	-0.0000	0.0248	0.4862
1.6388	0.0005	0.0246	-0.0000	0.0247	0.6899
1.6393	0.0005	0.0246	-0.0000	0.0247	0.7692
1.6398	0.0005	0.0245	0.0000	0.0247	0.7982
1.6403	0.0007	0.0245	0.0000	0.0247	0.8426
1.6408	0.0006	0.0246	0.0000	0.0247	0.7594
1.6413	0.0009	0.0246	0.0000	0.0247	0.2843
1.6418	0.0009	0.0245	0.0000	0.0247	-0.0453
1.6423	0.0010	0.0245	0.0000	0.0247	-0.2108
1.6428	0.0010	0.0245	-0.0000	0.0247	-0.2637
1.6433	0.0013	0.0245	-0.0000	0.0247	-0.2836
1.6438	0.0013	0.0245	0.0000	0.0247	-0.2913
1.6443	0.0016	0.0245	0.0000	0.0246	-0.2950
1.6449	0.0017	0.0245	0.0000	0.0247	-0.2976
1.6454	0.0019	0.0244	-0.0000	0.0246	-0.2990
1.6459	0.0021	0.0245	0.0000	0.0246	-0.3000
1.6464	0.0022	0.0244	0.0000	0.0246	-0.3004
1.6469	0.0024	0.0244	0.0000	0.0246	-0.3010
1.6474	0.0025	0.0244	0.0000	0.0246	-0.3014
1.6479	0.0028	0.0244	-0.0000	0.0246	-0.3019
1.6484	0.0030	0.0243	-0.0000	0.0246	-0.3022
1.6489	0.0033	0.0243	-0.0001	0.0246	-0.3023
1.6494	0.0035	0.0243	0.0000	0.0246	-0.3026
1.6499	0.0036	0.0244	-0.0000	0.0246	-0.3026
1.6504	0.0041	0.0243	0.0000	0.0246	-0.3028
1.6509	0.0043	0.0243	-0.0000	0.0246	-0.3029
1.6514	0.0048	0.0243	-0.0000	0.0246	-0.3031
1.6519	0.0051	0.0243	0.0000	0.0246	-0.3032
1.6525	0.0054	0.0243	-0.0000	0.0246	-0.3032
1.6530	0.0058	0.0243	-0.0000	0.0246	-0.3033
1.6535	0.0063	0.0243	0.0000	0.0246	-0.3034
1.6540	0.0069	0.0243	-0.0000	0.0246	-0.3035
1.6545	0.0071	0.0243	0.0001	0.0246	-0.3035
1.6550	0.0081	0.0243	0.0000	0.0246	-0.3035
1.6555	0.0092	0.0243	-0.0000	0.0247	-0.3036
1.6560	0.0097	0.0242	-0.0000	0.0247	-0.3037
1.6565	0.0110	0.0242	0.0000	0.0248	-0.3037
1.6570	0.0117	0.0242	0.0000	0.0248	-0.3038
1.6575	0.0137	0.0242	-0.0000	0.0248	-0.3038
1.6580	0.0149	0.0242	0.0000	0.0248	-0.3038
1.6585	0.0161	0.0242	0.0000	0.0249	-0.3038
1.6590	0.0171	0.0242	-0.0000	0.0249	-0.3039
1.6595	0.0178	0.0242	0.0000	0.0249	-0.3039
1.6601	0.0173	0.0242	-0.0000	0.0249	-0.3040
1.6606	0.0162	0.0241	0.0000	0.0249	-0.3039
1.6611	0.0149	0.0242	0.0000	0.0248	-0.3039
1.6616	0.0142	0.0241	0.0000	0.0247	-0.3041
1.6621	0.0127	0.0241	-0.0000	0.0247	-0.3040
1.6626	0.0116	0.0241	-0.0000	0.0247	-0.3040
1.6631	0.0104	0.0241	0.0000	0.0246	-0.3041
1.6636	0.0098	0.0241	-0.0000	0.0246	-0.3041
1.6641	0.0093	0.0241	0.0000	0.0246	-0.3041
1.6646	0.0083	0.0241	-0.0000	0.0245	-0.3041
1.6651	0.0082	0.0241	0.0000	0.0245	-0.3041
1.6656	0.0076	0.0241	0.0000	0.0245	-0.3041
1.6661	0.0076	0.0240	0.0000	0.0244	-0.3041
1.6666	0.0072	0.0241	-0.0000	0.0244	-0.3041
1.6671	0.0072	0.0240	0.0000	0.0244	-0.3041
1.6677	0.0066	0.0241	-0.0000	0.0244	-0.3041
1.6682	0.0068	0.0240	0.0000	0.0244	-0.3041
1.6687	0.0064	0.0240	-0.0000	0.0244	-0.3041
1.6692	0.0067	0.0240	-0.0000	0.0243	-0.3041
1.6697	0.0062	0.0240	0.0000	0.0244	-0.3041
1.6702	0.0066	0.0240	0.0000	0.0244	-0.3041
1.6707	0.0063	0.0240	-0.0000	0.0243	-0.3042
1.6712	0.0067	0.0240	-0.0000	0.0243	-0.3042
1.6717	0.0064	0.0240	0.0000	0.0244	-0.3041
1.6722	0.0066	0.0239	0.0000	0.0243	-0.3042
1.6727	0.0066	0.0240	-0.0000	0.0243	-0.3041
1.6732	0.0066	0.0239	0.0000	0.0243	-0.3042
1.6737	0.0067	0.0240	-0.0000	0.0243	-0.3042
1.6742	0.0069	0.0240	0.0000	0.0243	-0.3041
1.6747	0.0070	0.0240	0.0000	0.0244	-0.3042
1.6753	0.0073	0.0240	-0.0000	0.0243	-0.3042
1.6758	0.0077	0.0240	0.0000	0.0243	-0.3042
1.6763	0.0075	0.0240	-0.0000	0.0243	-0.3042
1.6768	0.0082	0.0239	0.0000	0.0243	-0.3042
1.6773	0.0081	0.0239	-0.0000	0.0243	-0.3042
1.6778	0.0088	0.0240	-0.0000	0.0243	-0.3042
1.6783	0.0088	0.0239	0.0000	0.0244	-0.3042
1.6788	0.0095	0.0239	-0.0000	0.0244	-0.3042
1.6793	0.0098	0.0239	0.0000	0.0244	-0.3043
1.6798	0.0107	0.0239	-0.0000	0.0244	-0.3042
1.6803	0.0111	0.0239	-0.0000	0.0244	-0.3042
1.6808	0.0118	0.0239	0.0000	0.0245	-0.3042
1.6813	0.0125	0.0239	-0.0000	0.0245	-0.3043
1.6818	0.0134	0.0240	0.0000	0.0245	-0.3042
1.6823	0.0141	0.0239	-0.0000	0.0245	-0.3043
1.6829	0.0148	0.0238	-0.0000	0.0246	-0.3042
1.6834	0.0156	0.0239	-0.0000	0.0246	-0.3043
1.6839	0.0171	0.0239	-0.0000	0.0246	-0.3042
1.6844	0.0182	0.0239	0.0000	0.0247	-0.3043
1.6849	0.0202	0.0239	-0.0000	0.0247	-0.3043
1.6854	0.0212	0.0239	-0.0000	0.0248	-0.3042
1.6859	0.0239	0.0239	0.0001	0.0248	-0.3042
1.6864	0.0259	0.0239	0.0000	0.0249	-0.3042
1.6869	0.0301	0.0239	0.0000	0.0251	-0.3042
1.6874	0.0327	0.0239	0.0000	0.0252	-0.3042
1.6879	0.0365	0.0239	-0.0000	0.0252	-0.3042
1.6884	0.0398	0.0239	0.0000	0.0254	-0.3042
1.6889	0.0416	0.0239	-0.0001	0.0255	-0.3042
1.6894	0.0414	0.0239	0.0000	0.0255	-0.3043
1.6899	0.0415	0.0239	-0.0000	0.0255	-0.3042
1.6905	0.0388	0.0239	-0.0000	0.0254	-0.3042
1.6910	0.0355	0.0239	0.0000	0.0252	-0.3043
1.6915	0.0333	0.0239	0.0000	0.0252	-0.3042
1.6920	0.0295	0.0239	-0.0000	0.0250	-0.3043
1.6925	0.0272	0.0239	-0.0000	0.0249	-0.3043
1.6930	0.0248	0.0238	-0.0000	0.0249	-0.3043
1.6935	0.0234	0.0238	-0.0000	0.0248	-0.3042
1.6940	0.0218	0.0238	-0.0000	0.0247	-0.3042
1.6945	0.0208	0.0238	-0.0000	0.0247	-0.3042
1.6950	0.0199	0.0238	0.0000	0.0247	-0.3042
1.6955	0.0189	0.0239	-0.0000	0.0246	-0.3043
1.6960	0.0188	0.0238	-0.0000	0.0247	-0.3043
1.6965	0.0181	0.0239	0.0000	0.0246	-0.3042
1.6970	0.0179	0.0238	-0.0000	0.0246	-0.3042
1.6975	0.0176	0.0239	-0.0000	0.0246	-0.3043
1.6981	0.0177	0.0238	-0.0000	0.0245	-0.3043
1.6986	0.0179	0.0239	0.0000	0.0245	-0.3042
1.6991	0.0181	0.0239	-0.0000	0.0246	-0.3043
1.6996	0.0185	0.0238	0.0000	0.0246	-0.3043
1.7001	0.0192	0.0238	0.0000	0.0246	-0.3042
1.7006	0.0199	0.0238	-0.0000	0.0247	-0.3043
1.7011	0.0205	0.0238	0.0000	0.0247	-0.3043
1.7016	0.0207	0.0238	0.0000	0.0247	-0.3043
1.7021	0.0215	0.0238	-0.0000	0.0247	-0.3043
1.7026	0.0216	0.0238	-0.0000	0.0247	-0.3043
1.7031	0.0215	0.0238	0.0000	0.0247	-0.3043
1.7036	0.0204	0.0239	-0.0000	0.0247	-0.3042
1.7041	0.0191	0.0238	0.0000	0.0246	-0.3043
1.7046	0.0175	0.0239	-0.0001	0.0246	-0.3042
1.7051	0.0161	0.0239	-0.0000	0.0245	-0.3043
1.7057	0.0149	0.0239	0.0000	0.0244	-0.3042
1.7062	0.0135	0.0238	-0.0000	0.0244	-0.3043
1.7067	0.0128	0.0239	-0.0000	0.0244	-0.3043
1.7072	0.0118	0.0238	-0.0000	0.0244	-0.3043
1.7077	0.0108	0.0239	0.0000	0.0243	-0.3043
1.7082	0.0099	0.0238	0.0000	0.0243	-0.3043
1.7087	0.0092	0.0238	-0.0000	0.0243	-0.3042
1.7092	0.0084	0.0238	-0.0000	0.0243	-0.3042
1.7097	0.0079	0.0238	-0.0000	0.0242	-0.3042
1.7102	0.0074	0.0238	0.0000	0.0242	-0.3043
1.7107	0.0071	0.0238	-0.0000	0.0242	-0.3043
1.7112	0.0067	0.0238	-0.0000	0.0242	-0.3043
1.7117	0.0063	0.0238	-0.0000	0.0242	-0.3042
1.7122	0.0060	0.0239	0.0000	0.0242	-0.3042
1.7127	0.0056	0.0239	-0.0000	0.0242	-0.3042
1.7133	0.0055	0.0239	-0.0000	0.0242	-0.3042
1.7138	0.0054	0.0239	-0.0000	0.0242	-0.3042
1.7143	0.0052	0.0239	-0.0000	0.0242	-0.3042
1.7148	0.0052	0.0240	-0.0000	0.0242	-0.3042
1.7153	0.0053	0.0239	0.0000	0.0242	-0.3042
1.7158	0.0053	0.0239	-0.0000	0.0242	-0.3043
1.7163	0.0053	0.0240	-0.0000	0.0242	-0.3042
1.7168	0.0054	0.0240	-0.0000	0.0242	-0.3042
1.7173	0.0055	0.0239	-0.0000	0.0243	-0.3042
1.7178	0.0056	0.0240	-0.0000	0.0243	-0.3042
1.7183	0.0056	0.0240	0.0000	0.0243	-0.3042
1.7188	0.0057	0.0240	-0.0000	0.0243	-0.3041
1.7193	0.0054	0.0240	-0.0000	0.0243	-0.3042
1.7198	0.0058	0.0240	0.0000	0.0243	-0.3042
1.7203	0.0059	0.0240	0.0000	0.0243	-0.3041
1.7209	0.0062	0.0240	0.0000	0.0243	-0.3042
1.7214	0.0066	0.0239	-0.0000	0.0243	-0.3041
1.7219	0.0068	0.0240	-0.0000	0.0243	-0.3041
1.7224	0.0070	0.0240	-0.0000	0.0244	-0.3041
1.7229	0.0073	0.0240	-0.0000	0.0244	-0.3041
1.7234	0.0080	0.0240	-0.0000	0.0245	-0.3041
1.7239	0.0091	0.0241	-0.0000	0.0245	-0.3041
1.7244	0.0093	0.0240	0.0000	0.0245	-0.3040
1.7249	0.0110	0.0240	0.0000	0.0245	-0.3041
1.7254	0.0112	0.0241	-0.0000	0.0245	-0.3040
1.7259	0.0128	0.0240	-0.0000	0.0246	-0.3040
1.7264	0.0147	0.0241	-0.0000	0.0247	-0.3040
1.7269	0.0173	0.0241	-0.0000	0.0247	-0.3040
1.7274	0.0198	0.0241	0.0000	0.0249	-0.3040
1.7279	0.0200	0.0241	-0.0000	0.0250	-0.3039
1.7285	0.0244	0.0241	-0.0000	0.0251	-0.3040
1.7290	0.0264	0.0241	-0.0000	0.0252	-0.3040
1.7295	0.0290	0.0241	0.0000	0.0253	-0.3039
1.7300	0.0297	0.0241	0.0000	0.0253	-0.3039
1.7305	0.0305	0.0241	-0.0000	0.0253	-0.3039
1.7310	0.0282	0.0242	-0.0000	0.0253	-0.3038
1.7315	0.0258	0.0242	-0.0000	0.0252	-0.3038
1.7320	0.0220	0.0242	-0.0000	0.0251	-0.3037
1.7325	0.0199	0.0242	-0.0000	0.0250	-0.3038
1.7330	0.0181	0.0242	-0.0000	0.0249	-0.3036
1.7335	0.0154	0.0241	-0.0000	0.0249	-0.3037
1.7340	0.0125	0.0242	0.0000	0.0248	-0.3036
1.7345	0.0093	0.0242	0.0000	0.0247	-0.3035
1.7350	0.0081	0.0242	0.0000	0.0246	-0.3034
1.7355	0.0062	0.0242	-0.0000	0.0246	-0.3034
1.7361	0.0048	0.0243	0.0000	0.0245	-0.3033
1.7366	0.0034	0.0243	-0.0000	0.0245	-0.3032
1.7371	0.0023	0.0242	-0.0000	0.0245	-0.3032
1.7376	0.0013	0.0243	-0.0000	0.0244	-0.3031
1.7381	-0.0005	0.0243	0.0000	0.0244	-0.3028
1.7386	-0.0010	0.0243	-0.0000	0.0244	-0.3027
1.7391	-0.0021	0.0243	0.0000	0.0243	-0.3025
1.7396	-0.0032	0.0243	0.0000	0.0243	-0.3021
1.7401	-0.0040	0.0243	-0.0000	0.0243	-0.3017
1.7406	-0.0047	0.0243	-0.0000	0.0243	-0.3014
1.7411	-0.0057	0.0243	-0.0000	0.0243	-0.3005
1.7416	-0.0061	0.0244	0.0000	0.0242	-0.3003
1.7421	-0.0070	0.0243	-0.0000	0.0242	-0.2995
1.7426	-0.0080	0.0244	-0.0000	0.0242	-0.2987
1.7431	-0.0087	0.0244	-0.0000	0.0242	-0.2972
1.7437	-0.0100	0.0244	0.0000	0.0242	-0.2916
1.7442	-0.0103	0.0244	0.0000	0.0242	-0.2905
1.7447	-0.0104	0.0244	-0.0000	0.0242	-0.2816
1.7452	-0.0102	0.0244	-0.0000	0.0242	-0.2644
1.7457	-0.0099	0.0244	0.0000	0.0242	-0.2392
1.7462	-0.0095	0.0245	-0.0000	0.0242	-0.1958
1.7467	-0.0093	0.0245	-0.0000	0.0242	-0.1310
1.7472	-0.0091	0.0245	-0.0000	0.0243	-0.0798
1.7477	-0.0090	0.0245	-0.0000	0.0243	0.0520
1.7482	-0.0087	0.0245	0.0000	0.0243	0.2810
1.7487	-0.0088	0.0246	-0.0000	0.0243	0.3830
1.7492	-0.0086	0.0245	-0.0000	0.0243	0.6666
1.7497	-0.0088	0.0245	0.0000	0.0243	0.7959
1.7502	-0.0087	0.0246	-0.0000	0.0244	0.7967
1.7507	-0.0088	0.0246	-0.0000	0.0244	0.9046
1.7513	-0.0087	0.0246	-0.0000	0.0244	0.7422
1.7518	-0.0088	0.0245	-0.0000	0.0244	0.2264
1.7523	-0.0088	0.0246	0.0000	0.0244	0.0094
1.7528	-0.0089	0.0246	0.0000	0.0244	-0.2175
1.7533	-0.0091	0.0246	-0.0000	0.0244	-0.2662
1.7538	-0.0091	0.0246	-0.0000	0.0244	-0.2758
1.7543	-0.0093	0.0247	-0.0000	0.0245	-0.2894
1.7548	-0.0093	0.0247	-0.0000	0.0244	-0.2936
1.7553	-0.0095	0.0247	-0.0000	0.0245	-0.2963
1.7558	-0.0096	0.0247	-0.0001	0.0245	-0.2965
1.7563	-0.0096	0.0247	0.0000	0.0245	-0.2981
1.7568	-0.0098	0.0248	-0.0000	0.0245	-0.2992
1.7573	-0.0099	0.0247	-0.0000	0.0245	-0.3000
1.7578	-0.0100	0.0248	-0.0000	0.0245	-0.3008
1.7583	-0.0099	0.0247	-0.0000	0.0246	-0.3009
1.7589	-0.0101	0.0248	0.0000	0.0245	-0.3014
1.7594	-0.0102	0.0248	-0.0000	0.0246	-0.3017
1.7599	-0.0104	0.0249	0.0000	0.0245	-0.3020
1.7604	-0.0104	0.0249	-0.0000	0.0245	-0.3023
1.7609	-0.0106	0.0248	-0.0000	0.0246	-0.3025
1.7614	-0.0106	0.0248	0.0000	0.0246	-0.3026
1.7619	-0.0107	0.0249	-0.0000	0.0246	-0.3028
1.7624	-0.0107	0.0249	0.0000	0.0247	-0.3028
1.7629	-0.0109	0.0249	0.0000	0.0247	-0.3030
1.7634	-0.0109	0.0249	-0.0000	0.0246	-0.3032
1.7639	-0.0111	0.0249	-0.0000	0.0247	-0.3033
1.7644	-0.0111	0.0250	0.0000	0.0247	-0.3034
1.7649	-0.0112	0.0249	-0.0001	0.0247	-0.3035
1.7654	-0.0112	0.0249	0.0000	0.0247	-0.3035
1.7659	-0.0115	0.0250	-0.0000	0.0247	-0.3035
1.7665	-0.0115	0.0250	-0.0000	0.0247	-0.3036
1.7670	-0.0117	0.0250	0.0000	0.0247	-0.3037
1.7675	-0.0117	0.0250	-0.0000	0.0248	-0.3037
1.7680	-0.0119	0.0251	-0.0000	0.0248	-0.3038
1.7685	-0.0119	0.0251	-0.0000	0.0248	-0.3038
1.7690	-0.0121	0.0251	0.0000	0.0248	-0.3038
1.7695	-0.0122	0.0252	-0.0001	0.0248	-0.3039
1.7700	-0.0121	0.0252	0.0000	0.0248	-0.3039
1.7705	-0.0123	0.0252	-0.0000	0.0248	-0.3039
1.7710	-0.0124	0.0252	-0.0000	0.0248	-0.3040
1.7715	-0.0124	0.0252	-0.0000	0.0249	-0.3040
1.7720	-0.0125	0.0252	-0.0000	0.0249	-0.3040
1.7725	-0.0127	0.0253	-0.0000	0.0250	-0.3040
1.7730	-0.0127	0.0252	-0.0000	0.0249	-0.3040
1.7735	-0.0129	0.0253	-0.0000	0.0249	-0.3041
1.7741	-0.0129	0.0253	0.0000	0.0250	-0.3041
1.7746	-0.0130	0.0253	-0.0000	0.0250	-0.3041
1.7751	-0.0130	0.0254	0.0000	0.0250	-0.3040
1.7756	-0.0133	0.0254	-0.0000	0.0251	-0.3041
1.7761	-0.0133	0.0254	-0.0000	0.0251	-0.3041
1.7766	-0.0134	0.0254	0.0000	0.0251	-0.3041
1.7771	-0.0133	0.0254	0.0000	0.0250	-0.3041
1.7776	-0.0135	0.0255	-0.0000	0.0251	-0.3041
1.7781	-0.0135	0.0254	-0.0000	0.0251	-0.3041
1.7786	-0.0137	0.0254	0.0000	0.0251	-0.3041
1.7791	-0.0137	0.0255	0.0000	0.0251	-0.3041
1.7796	-0.0139	0.0255	-0.0000	0.0251	-0.3042
1.7801	-0.0139	0.0256	-0.0000	0.0251	-0.3041
1.7806	-0.0140	0.0255	-0.0000	0.0251	-0.3042
1.7811	-0.0141	0.0255	-0.0000	0.0252	-0.3041
1.7817	-0.0140	0.0256	-0.0000	0.0252	-0.3041
1.7822	-0.0142	0.0256	-0.0000	0.0252	-0.3041
1.7827	-0.0142	0.0256	-0.0000	0.0253	-0.3042
1.7832	-0.0142	0.0256	-0.0001	0.0253	-0.3042
1.7837	-0.0144	0.0256	-0.0000	0.0252	-0.3042
1.7842	-0.0145	0.0256	0.0000	0.0252	-0.3041
1.7847	-0.0144	0.0257	-0.0000	0.0253	-0.3042
1.7852	-0.0146	0.0257	0.0000	0.0253	-0.3041
1.7857	-0.0147	0.0257	0.0000	0.0254	-0.3042
1.7862	-0.0147	0.0257	0.0000	0.0254	-0.3042
1.7867	-0.0148	0.0257	0.0000	0.0254	-0.3042
1.7872	-0.0148	0.0258	0.0000	0.0254	-0.3042
1.7877	-0.0150	0.0258	0.0000	0.0254	-0.3042
1.7882	-0.0150	0.0258	-0.0000	0.0254	-0.3042
1.7887	-0.0150	0.0258	0.0000	0.0254	-0.3042
1.7893	-0.0151	0.0258	-0.0000	0.0254	-0.3042
1.7898	-0.0150	0.0258	0.0000	0.0254	-0.3042
1.7903	-0.0152	0.0259	0.0000	0.0255	-0.3042
1.7908	-0.0154	0.0259	0.0000	0.0255	-0.3042
1.7913	-0.0154	0.0259	0.0000	0.0255	-0.3042
1.7918	-0.0155	0.0259	0.0000	0.0255	-0.3042
1.7923	-0.0155	0.0259	0.0000	0.0256	-0.3043
1.7928	-0.0157	0.0260	0.0000	0.0256	-0.3042
1.7933	-0.0156	0.0260	0.0000	0.0255	-0.3043
1.7938	-0.0158	0.0260	-0.0000	0.0256	-0.3043
1.7943	-0.0157	0.0260	0.0000	0.0256	-0.3043
1.7948	-0.0157	0.0260	0.0000	0.0256	-0.3042
1.7953	-0.0157	0.0261	0.0000	0.0256	-0.3043
1.7958	-0.0159	0.0261	0.0000	0.0257	-0.3043
1.7963	-0.0159	0.0260	0.0000	0.0256	-0.3041
1.7969	-0.0159	0.0261	0.0000	0.0257	-0.3043
1.7974	-0.0160	0.0261	0.0000	0.0256	-0.3042
1.7979	-0.0161	0.0261	0.0000	0.0256	-0.3043
1.7984	-0.0162	0.0262	0.0000	0.0257	-0.3043
1.7989	-0.0162	0.0262	-0.0000	0.0257	-0.3043
1.7994	-0.0164	0.0262	-0.0000	0.0257	-0.3043
1.7999	-0.0162	0.0262	-0.0000	0.0257	-0.3042
1.8004	-0.0164	0.0263	0.0000	0.0257	-0.3042
1.8009	-0.0165	0.0262	0.0000	0.0258	-0.3043
1.8014	-0.0165	0.0263	0.0000	0.0258	-0.3043
1.8019	-0.0165	0.0263	0.0000	0.0259	-0.3043
1.8024	-0.0166	0.0263	0.0000	0.0259	-0.3043
1.8029	-0.0164	0.0263	-0.0000	0.0258	-0.3042
1.8034	-0.0167	0.0264	-0.0000	0.0259	-0.3043
1.8039	-0.0166	0.0264	-0.0000	0.0259	-0.3042
1.8045	-0.0169	0.0264	0.0000	0.0259	-0.3042
1.8050	-0.0167	0.0264	-0.0000	0.0259	-0.3043
1.8055	-0.0171	0.0264	0.0000	0.0259	-0.3043
1.8060	-0.0169	0.0265	-0.0000	0.0260	-0.3043
1.8065	-0.0170	0.0264	0.0000	0.0259	-0.3043
1.8070	-0.0170	0.0265	0.0000	0.0260	-0.3042
1.8075	-0.0171	0.0265	0.0000	0.0260	-0.3042
1.8080	-0.0172	0.0265	-0.0000	0.0261	-0.3042
1.8085	-0.0172	0.0266	0.0000	0.0260	-0.3043
1.8090	-0.0173	0.0266	-0.0000	0.0261	-0.3042
1.8095	-0.0173	0.0266	-0.0000	0.0261	-0.3042
1.8100	-0.0174	0.0266	-0.0000	0.0261	-0.3042
1.8105	-0.0174	0.0267	-0.0000	0.0261	-0.3043
1.8110	-0.0174	0.0267	0.0000	0.0262	-0.3043
1.8115	-0.0175	0.0267	-0.0000	0.0262	-0.3043
1.8121	-0.0176	0.0267	-0.0001	0.0261	-0.3043
1.8126	-0.0177	0.0266	-0.0000	0.0262	-0.3042
1.8131	-0.0177	0.0267	-0.0000	0.0262	-0.3042
1.8136	-0.0177	0.0267	0.0000	0.0262	-0.3042
1.8141	-0.0179	0.0268	0.0000	0.0263	-0.3042
1.8146	-0.0177	0.0267	-0.0000	0.0263	-0.3042
1.8151	-0.0179	0.0268	-0.0000	0.0263	-0.3043
1.8156	-0.0179	0.0268	-0.0000	0.0263	-0.3043
1.8161	-0.0180	0.0268	0.0000	0.0263	-0.3043
1.8166	-0.0179	0.0268	0.0000	0.0263	-0.3042
1.8171	-0.0181	0.0269	0.0000	0.0264	-0.3043
1.8176	-0.0180	0.0269	0.0000	0.0264	-0.3042
1.8181	-0.0181	0.0269	-0.0000	0.0264	-0.3042
1.8186	-0.0180	0.0269	0.0000	0.0264	-0.3042
1.8191	-0.0182	0.0269	-0.0000	0.0264	-0.3042
1.8197	-0.0182	0.0269	0.0000	0.0264	-0.3043
1.8202	-0.0182	0.0270	0.0000	0.0264	-0.3042
1.8207	-0.0182	0.0270	0.0000	0.0265	-0.3043
1.8212	-0.0183	0.0270	0.0000	0.0264	-0.3043
1.8217	-0.0183	0.0270	-0.0000	0.0265	-0.3042
1.8222	-0.0185	0.0270	-0.0000	0.0265	-0.3042
1.8227	-0.0185	0.0270	-0.0000	0.0265	-0.3042
1.8232	-0.0186	0.0271	-0.0000	0.0265	-0.3042
1.8237	-0.0184	0.0271	0.0000	0.0265	-0.3043
1.8242	-0.0185	0.0271	-0.0000	0.0265	-0.3042
1.8247	-0.0187	0.0271	0.0000	0.0266	-0.3042
1.8252	-0.0186	0.0271	0.0000	0.0266	-0.3042
1.8257	-0.0187	0.0271	-0.0000	0.0266	-0.3042
1.8262	-0.0187	0.0271	-0.0000	0.0266	-0.3042
1.8267	-0.0188	0.0272	0.0000	0.0267	-0.3042
1.8273	-0.0188	0.0272	0.0000	0.0267	-0.3042
1.8278	-0.0188	0.0272	-0.0000	0.0267	-0.3042
1.8283	-0.0188	0.0272	-0.0000	0.0267	-0.3042
1.8288	-0.0189	0.0273	-0.0000	0.0267	-0.3042
1.8293	-0.0189	0.0272	0.0000	0.0266	-0.3042
1.8298	-0.0189	0.0273	-0.0000	0.0267	-0.3042
1.8303	-0.0190	0.0273	-0.0000	0.0267	-0.3042
1.8308	-0.0190	0.0274	-0.0000	0.0267	-0.3041
1.8313	-0.0190	0.0273	0.0000	0.0268	-0.3041
1.8318	-0.0189	0.0273	0.0000	0.0268	-0.3041
1.8323	-0.0192	0.0273	-0.0000	0.0268	-0.3041
1.8328	-0.0192	0.0274	0.0001	0.0268	-0.3041
1.8333	-0.0193	0.0274	-0.0000	0.0268	-0.3041
1.8338	-0.0193	0.0274	-0.0000	0.0269	-0.3041
1.8343	-0.0194	0.0274	-0.0000	0.0269	-0.3040
1.8349	-0.0191	0.0273	0.0000	0.0269	-0.3041
1.8354	-0.0194	0.0275	0.0000	0.0269	-0.3041
1.8359	-0.0192	0.0275	0.0000	0.0269	-0.3041
1.8364	-0.0194	0.0275	0.0000	0.0269	-0.3041
1.8369	-0.0194	0.0275	0.0000	0.0269	-0.3040
1.8374	-0.0194	0.0275	-0.0000	0.0270	-0.3040
1.8379	-0.0195	0.0275	-0.0000	0.0269	-0.3040
1.8384	-0.0195	0.0276	-0.0000	0.0270	-0.3040
1.8389	-0.0194	0.0276	0.0000	0.0270	-0.3040
1.8394	-0.0196	0.0276	0.0000	0.0270	-0.3040
1.8399	-0.0196	0.0276	0.0000	0.0270	-0.3039
1.8404	-0.0197	0.0277	0.0000	0.0270	-0.3038
1.8409	-0.0196	0.0276	0.0000	0.0270	-0.3039
1.8414	-0.0198	0.0277	-0.0000	0.0270	-0.3039
1.8419	-0.0197	0.0277	-0.0000	0.0271	-0.3038
1.8425	-0.0199	0.0277	0.0000	0.0271	-0.3037
1.8430	-0.0198	0.0278	-0.0000	0.0271	-0.3037
1.8435	-0.0197	0.0277	0.0000	0.0271	-0.3037
1.8440	-0.0199	0.0277	0.0000	0.0271	-0.3037
1.8445	-0.0197	0.0278	-0.0000	0.0272	-0.3036
1.8450	-0.0200	0.0278	-0.0000	0.0272	-0.3035
1.8455	-0.0197	0.0278	0.0000	0.0272	-0.3035
1.8460	-0.0199	0.0277	0.0000	0.0272	-0.3034
1.8465	-0.0198	0.0278	-0.0000	0.0272	-0.3033
1.8470	-0.0200	0.0278	0.0000	0.0272	-0.3032
1.8475	-0.0199	0.0278	-0.0000	0.0273	-0.3031
1.8480	-0.0199	0.0278	-0.0000	0.0273	-0.3030
1.8485	-0.0201	0.0279	0.0000	0.0272	-0.3028
1.8490	-0.0201	0.0279	0.0000	0.0273	-0.3026
1.8495	-0.0199	0.0279	0.0000	0.0273	-0.3023
1.8501	-0.0201	0.0279	-0.0000	0.0273	-0.3020
1.8506	-0.0200	0.0279	0.0000	0.0273	-0.3014
1.8511	-0.0201	0.0280	0.0000	0.0274	-0.3008
1.8516	-0.0202	0.0280	-0.0000	0.0273	-0.3002
1.8521	-0.0202	0.0280	0.0000	0.0273	-0.2989
1.8526	-0.0201	0.0279	0.0000	0.0274	-0.2981
1.8531	-0.0203	0.0280	-0.0000	0.0274	-0.2968
1.8536	-0.0203	0.0280	-0.0000	0.0274	-0.2945
1.8541	-0.0203	0.0280	-0.0000	0.0274	-0.2921
1.8546	-0.0203	0.0280	0.0000	0.0274	-0.2825
1.8551	-0.0204	0.0280	0.0000	0.0274	-0.2704
1.8556	-0.0203	0.0280	-0.0000	0.0275	-0.2410
1.8561	-0.0204	0.0280	-0.0000	0.0275	-0.2218
1.8566	-0.0203	0.0281	0.0000	0.0275	-0.1556
1.8571	-0.0204	0.0281	0.0000	0.0275	-0.0810
1.8577	-0.0203	0.0280	0.0000	0.0275	0.0229
1.8582	-0.0203	0.0281	0.0000	0.0275	0.2163
1.8587	-0.0204	0.0281	0.0000	0.0275	0.4409
1.8592	-0.0203	0.0281	0.0000	0.0275	0.6475
1.8597	-0.0204	0.0282	0.0000	0.0275	0.7752
1.8602	-0.0203	0.0281	0.0000	0.0275	0.8340
1.8607	-0.0204	0.0282	-0.0000	0.0275	0.8764
1.8612	-0.0203	0.0282	-0.0000	0.0276	0.8472
1.8617	-0.0205	0.0282	-0.0000	0.0276	0.3076
1.8622	-0.0204	0.0283	-0.0001	0.0276	0.0000
1.8627	-0.0204	0.0282	-0.0000	0.0276	-0.2004
1.8632	-0.0205	0.0283	-0.0000	0.0276	-0.2689
1.8637	-0.0205	0.0282	0.0000	0.0276	-0.2856
1.8642	-0.0205	0.0283	-0.0000	0.0276	-0.2937
1.8647	-0.0205	0.0283	-0.0000	0.0276	-0.2967
1.8653	-0.0205	0.0283	-0.0000	0.0277	-0.2980
1.8658	-0.0205	0.0283	0.0000	0.0277	-0.2988
1.8663	-0.0205	0.0283	-0.0001	0.0277	-0.3000
1.8668	-0.0205	0.0283	-0.0000	0.0277	-0.3003
1.8673	-0.0206	0.0283	-0.0000	0.0277	-0.3011
1.8678	-0.0204	0.0283	-0.0000	0.0277	-0.3014
1.8683	-0.0204	0.0283	0.0000	0.0277	-0.3018
1.8688	-0.0205	0.0283	0.0000	0.0277	-0.3021
1.8693	-0.0206	0.0284	-0.0000	0.0277	-0.3023
1.8698	-0.0204	0.0284	0.0000	0.0278	-0.3025
1.8703	-0.0205	0.0283	-0.0000	0.0278	-0.3026
1.8708	-0.0205	0.0284	0.0000	0.0278	-0.3028
1.8713	-0.0205	0.0284	-0.0000	0.0278	-0.3030
1.8718	-0.0205	0.0284	-0.0000	0.0278	-0.3030
1.8723	-0.0207	0.0284	0.0000	0.0278	-0.3032
1.8729	-0.0205	0.0285	-0.0000	0.0278	-0.3033
1.8734	-0.0206	0.0285	-0.0000	0.0278	-0.3034
1.8739	-0.0205	0.0285	-0.0000	0.0279	-0.3035
1.8744	-0.0205	0.0285	-0.0000	0.0279	-0.3034
1.8749	-0.0206	0.0285	0.0000	0.0278	-0.3035
1.8754	-0.0205	0.0285	-0.0000	0.0279	-0.3035
1.8759	-0.0204	0.0285	-0.0000	0.0279	-0.3037
1.8764	-0.0204	0.0285	-0.0000	0.0279	-0.3037
1.8769	-0.0204	0.0285	-0.0000	0.0279	-0.3037
1.8774	-0.0204	0.0285	-0.0000	0.0279	-0.3037
1.8779	-0.0205	0.0285	0.0000	0.0279	-0.3038
1.8784	-0.0204	0.0285	-0.0000	0.0279	-0.3038
1.8789	-0.0203	0.0286	0.0000	0.0279	-0.3039
1.8794	-0.0204	0.0285	0.0000	0.0280	-0.3039
1.8799	-0.0205	0.0286	-0.0000	0.0280	-0.3039
1.8805	-0.0204	0.0286	0.0000	0.0280	-0.3039
1.8810	-0.0205	0.0286	0.0000	0.0280	-0.3039
1.8815	-0.0204	0.0286	0.0000	0.0280	-0.3039
1.8820	-0.0204	0.0286	0.0000	0.0280	-0.3040
1.8825	-0.0203	0.0286	0.0000	0.0280	-0.3040
1.8830	-0.0203	0.0286	0.0000	0.0280	-0.3040
1.8835	-0.0204	0.0286	0.0000	0.0280	-0.3041
1.8840	-0.0203	0.0287	0.0000	0.0280	-0.3040
1.8845	-0.0203	0.0287	-0.0000	0.0280	-0.3040
1.8850	-0.0203	0.0287	-0.0000	0.0280	-0.3041
1.8855	-0.0203	0.0286	0.0000	0.0281	-0.3041
1.8860	-0.0203	0.0287	-0.0000	0.0281	-0.3041
1.8865	-0.0203	0.0287	0.0000	0.0281	-0.3040
1.8870	-0.0204	0.0287	0.0000	0.0281	-0.3040
1.8875	-0.0204	0.0287	0.0000	0.0281	-0.3041
1.8881	-0.0204	0.0287	0.0000	0.0281	-0.3041
1.8886	-0.0203	0.0287	0.0000	0.0281	-0.3041
1.8891	-0.0206	0.0287	0.0000	0.0281	-0.3041
1.8896	-0.0205	0.0287	0.0000	0.0281	-0.3041
1.8901	-0.0204	0.0287	-0.0000	0.0281	-0.3041
1.8906	-0.0205	0.0287	0.0000	0.0282	-0.3041
1.8911	-0.0205	0.0287	-0.0000	0.0282	-0.3041
1.8916	-0.0205	0.0287	0.0000	0.0281	-0.3041
1.8921	-0.0206	0.0287	0.0000	0.0282	-0.3041
1.8926	-0.0203	0.0288	0.0000	0.0282	-0.3042
1.8931	-0.0206	0.0288	-0.0000	0.0282	-0.3041
1.8936	-0.0203	0.0288	0.0000	0.0282	-0.3041
1.8941	-0.0203	0.0288	0.0001	0.0282	-0.3041
1.8946	-0.0204	0.0289	0.0000	0.0282	-0.3042
1.8951	-0.0203	0.0288	0.0000	0.0282	-0.3041
1.8957	-0.0205	0.0288	0.0000	0.0282	-0.3041
1.8962	-0.0206	0.0289	0.0000	0.0282	-0.3042
1.8967	-0.0202	0.0288	0.0001	0.0282	-0.3042
1.8972	-0.0204	0.0289	-0.0000	0.0283	-0.3042
1.8977	-0.0204	0.0289	-0.0000	0.0282	-0.3042
1.8982	-0.0204	0.0289	0.0000	0.0282	-0.3042
1.8987	-0.0202	0.0289	0.0000	0.0283	-0.3041
1.8992	-0.0206	0.0288	0.0000	0.0282	-0.3041
1.8997	-0.0202	0.0289	-0.0000	0.0283	-0.3042
1.9002	-0.0207	0.0289	0.0000	0.0283	-0.3042
1.9007	-0.0202	0.0289	0.0000	0.0283	-0.3042
1.9012	-0.0207	0.0289	0.0000	0.0283	-0.3042
1.9017	-0.0204	0.0289	0.0000	0.0283	-0.3042
1.9022	-0.0205	0.0289	0.0000	0.0283	-0.3042
1.9027	-0.0202	0.0289	0.0000	0.0283	-0.3042
1.9033	-0.0205	0.0289	-0.0000	0.0283	-0.3042
1.9038	-0.0204	0.0289	0.0000	0.0283	-0.3042
1.9043	-0.0204	0.0289	-0.0000	0.0284	-0.3042
1.9048	-0.0204	0.0289	0.0000	0.0283	-0.3042
1.9053	-0.0204	0.0289	0.0000	0.0283	-0.3042
1.9058	-0.0204	0.0290	0.0000	0.0283	-0.3043
1.9063	-0.0204	0.0290	0.0000	0.0283	-0.3042
1.9068	-0.0203	0.0290	0.0000	0.0284	-0.3042
1.9073	-0.0204	0.0290	-0.0000	0.0284	-0.3042
1.9078	-0.0203	0.0290	0.0000	0.0284	-0.3043
1.9083	-0.0204	0.0290	0.0000	0.0284	-0.3042
1.9088	-0.0204	0.0290	0.0000	0.0284	-0.3042
1.9093	-0.0201	0.0290	-0.0000	0.0284	-0.3042
1.9098	-0.0206	0.0290	0.0000	0.0284	-0.3042
1.9103	-0.0201	0.0290	0.0000	0.0284	-0.3042
1.9109	-0.0204	0.0290	-0.0000	0.0284	-0.3043
1.9114	-0.0200	0.0290	-0.0000	0.0284	-0.3043
1.9119	-0.0205	0.0290	0.0000	0.0284	-0.3042
1.9124	-0.0199	0.0290	-0.0000	0.0285	-0.3043
1.9129	-0.0204	0.0291	0.0000	0.0285	-0.3042
1.9134	-0.0199	0.0290	0.0000	0.0285	-0.3043
1.9139	-0.0205	0.0290	0.0000	0.0285	-0.3042
1.9144	-0.0199	0.0290	0.0000	0.0285	-0.3043
1.9149	-0.0205	0.0290	0.0000	0.0284	-0.3043
1.9154	-0.0199	0.0290	-0.0000	0.0285	-0.3042
1.9159	-0.0204	0.0291	0.0000	0.0284	-0.3042
1.9164	-0.0199	0.0291	0.0000	0.0285	-0.3042
1.9169	-0.0203	0.0291	-0.0000	0.0285	-0.3042
1.9174	-0.0199	0.0291	0.0000	0.0284	-0.3043
1.9179	-0.0203	0.0291	-0.0000	0.0285	-0.3043
1.9185	-0.0197	0.0291	-0.0000	0.0285	-0.3043
1.9190	-0.0202	0.0291	-0.0000	0.0285	-0.3042
1.9195	-0.0199	0.0291	0.0000	0.0285	-0.3043
1.9200	-0.0200	0.0291	-0.0000	0.0285	-0.3043
1.9205	-0.0200	0.0291	0.0000	0.0285	-0.3042
1.9210	-0.0198	0.0291	-0.0000	0.0285	-0.3043
1.9215	-0.0200	0.0291	-0.0000	0.0285	-0.3042
1.9220	-0.0197	0.0291	-0.0000	0.0285	-0.3042
1.9225	-0.0199	0.0290	0.0000	0.0286	-0.3042
1.9230	-0.0197	0.0291	-0.0000	0.0286	-0.3043
1.9235	-0.0199	0.0292	-0.0000	0.0286	-0.3042
1.9240	-0.0199	0.0291	-0.0000	0.0286	-0.3042
1.9245	-0.0200	0.0292	0.0000	0.0286	-0.3042
1.9250	-0.0198	0.0291	0.0000	0.0286	-0.3042
1.9255	-0.0198	0.0291	-0.0000	0.0285	-0.3042
1.9261	-0.0197	0.0292	0.0000	0.0286	-0.3042
1.9266	-0.0197	0.0292	-0.0000	0.0286	-0.3042
1.9271	-0.0197	0.0292	-0.0000	0.0286	-0.3042
1.9276	-0.0199	0.0292	0.0000	0.0286	-0.3043
1.9281	-0.0198	0.0292	-0.0000	0.0286	-0.3042
1.9286	-0.0198	0.0292	-0.0000	0.0286	-0.3042
1.9291	-0.0196	0.0292	-0.0000	0.0286	-0.3042
1.9296	-0.0197	0.0291	0.0000	0.0286	-0.3042
1.9301	-0.0197	0.0292	-0.0000	0.0286	-0.3042
1.9306	-0.0197	0.0292	0.0000	0.0286	-0.3042
1.9311	-0.0198	0.0292	-0.0000	0.0286	-0.3043
1.9316	-0.0198	0.0292	0.0000	0.0287	-0.3042
1.9321	-0.0198	0.0292	0.0000	0.0286	-0.3042
1.9326	-0.0198	0.0292	0.0000	0.0286	-0.3042
1.9331	-0.0197	0.0292	0.0000	0.0287	-0.3042
1.9337	-0.0197	0.0292	-0.0000	0.0287	-0.3041
1.9342	-0.0198	0.0292	0.0000	0.0287	-0.3042
1.9347	-0.0197	0.0292	0.0000	0.0287	-0.3042
1.9352	-0.0198	0.0293	-0.0000	0.0286	-0.3042
1.9357	-0.0197	0.0292	0.0000	0.0286	-0.3042
1.9362	-0.0197	0.0292	0.0000	0.0286	-0.3041
1.9367	-0.0197	0.0292	0.0000	0.0287	-0.3041
1.9372	-0.0198	0.0293	0.0000	0.0286	-0.3041
1.9377	-0.0198	0.0293	0.0000	0.0286	-0.3041
1.9382	-0.0198	0.0292	0.0000	0.0287	-0.3041
1.9387	-0.0196	0.0293	0.0000	0.0287	-0.3041
1.9392	-0.0198	0.0293	-0.0000	0.0287	-0.3042
1.9397	-0.0196	0.0293	0.0000	0.0286	-0.3041
1.9402	-0.0197	0.0293	0.0000	0.0287	-0.3041
1.9407	-0.0197	0.0293	0.0000	0.0286	-0.3041
1.9413	-0.0197	0.0293	-0.0000	0.0286	-0.3041
1.9418	-0.0196	0.0292	-0.0000	0.0287	-0.3041
1.9423	-0.0196	0.0292	-0.0000	0.0287	-0.3041
1.9428	-0.0197	0.0293	-0.0000	0.0287	-0.3040
1.9433	-0.0195	0.0293	0.0000	0.0287	-0.3041
1.9438	-0.0197	0.0293	-0.0000	0.0287	-0.3040
1.9443	-0.0196	0.0293	-0.0000	0.0287	-0.3041
1.9448	-0.0197	0.0293	-0.0000	0.0287	-0.3041
1.9453	-0.0195	0.0293	-0.0000	0.0287	-0.3041
1.9458	-0.0196	0.0293	-0.0001	0.0288	-0.3041
1.9463	-0.0194	0.0293	0.0000	0.0287	-0.3040
1.9468	-0.0195	0.0292	0.0000	0.0287	-0.3040
1.9473	-0.0196	0.0293	-0.0000	0.0287	-0.3039
1.9478	-0.0194	0.0293	-0.0000	0.0288	-0.3039
1.9483	-0.0197	0.0293	-0.0000	0.0287	-0.3040
1.9489	-0.0195	0.0293	-0.0000	0.0288	-0.3040
1.9494	-0.0196	0.0293	-0.0000	0.0287	-0.3040
1.9499	-0.0195	0.0293	0.0000	0.0287	-0.3040
1.9504	-0.0196	0.0293	-0.0000	0.0287	-0.3039
1.9509	-0.0193	0.0293	-0.0000	0.0287	-0.3039
1.9514	-0.0197	0.0293	0.0000	0.0287	-0.3039
1.9519	-0.0195	0.0293	-0.0000	0.0287	-0.3038
1.9524	-0.0195	0.0293	0.0000	0.0287	-0.3038
1.9529	-0.0196	0.0294	0.0000	0.0288	-0.3038
1.9534	-0.0194	0.0293	-0.0000	0.0288	-0.3037
1.9539	-0.0195	0.0293	0.0000	0.0288	-0.3037
1.9544	-0.0196	0.0293	0.0000	0.0287	-0.3036
1.9549	-0.0194	0.0294	-0.0001	0.0288	-0.3035
1.9554	-0.0194	0.0293	0.0000	0.0287	-0.3035
1.9559	-0.0194	0.0293	0.0000	0.0288	-0.3034
1.9565	-0.0194	0.0293	0.0000	0.0287	-0.3033
1.9570	-0.0194	0.0293	-0.0000	0.0288	-0.3033
1.9575	-0.0194	0.0293	-0.0000	0.0288	-0.3032
1.9580	-0.0194	0.0294	-0.0000	0.0288	-0.3030
1.9585	-0.0194	0.0294	-0.0000	0.0288	-0.3028
1.9590	-0.0194	0.0294	0.0000	0.0288	-0.3028
1.9595	-0.0194	0.0293	0.0000	0.0288	-0.3024
1.9600	-0.0193	0.0294	-0.0000	0.0288	-0.3023
1.9605	-0.0193	0.0294	-0.0000	0.0288	-0.3020
1.9610	-0.0193	0.0294	-0.0000	0.0288	-0.3015
1.9615	-0.0193	0.0294	-0.0000	0.0288	-0.3011
1.9620	-0.0192	0.0293	-0.0000	0.0288	-0.3000
1.9625	-0.0191	0.0294	0.0000	0.0288	-0.2992
1.9630	-0.0193	0.0294	-0.0000	0.0288	-0.2976
1.9635	-0.0192	0.0293	-0.0000	0.0288	-0.2960
1.9641	-0.0192	0.0293	-0.0000	0.0288	-0.2912
1.9646	-0.0191	0.0293	-0.0000	0.0288	-0.2878
1.9651	-0.0191	0.0294	0.0000	0.0289	-0.2777
1.9656	-0.0191	0.0294	-0.0000	0.0288	-0.2665
1.9661	-0.0190	0.0294	-0.0000	0.0289	-0.2186
1.9666	-0.0192	0.0294	-0.0000	0.0288	-0.1627
1.9671	-0.0190	0.0294	0.0000	0.0288	-0.0894
1.9676	-0.0191	0.0294	-0.0000	0.0288	0.0652
1.9681	-0.0189	0.0294	-0.0000	0.0288	0.1665
1.9686	-0.0192	0.0294	-0.0000	0.0288	0.4528
1.9691	-0.0191	0.0294	0.0000	0.0288	0.6456
1.9696	-0.0192	0.0294	-0.0000	0.0289	0.8130
1.9701	-0.0190	0.0294	-0.0000	0.0289	0.8374
1.9706	-0.0192	0.0294	-0.0000	0.0288	0.8585
1.9711	-0.0188	0.0294	-0.0000	0.0289	0.9085
1.9717	-0.0191	0.0294	-0.0000	0.0288	0.7023
1.9722	-0.0188	0.0294	0.0000	0.0288	0.1795
1.9727	-0.0192	0.0294	-0.0001	0.0289	-0.1574
1.9732	-0.0189	0.0294	-0.0000	0.0289	-0.2143
1.9737	-0.0191	0.0294	0.0000	0.0289	-0.2742
1.9742	-0.0189	0.0294	0.0000	0.0289	-0.2845
1.9747	-0.0190	0.0294	-0.0000	0.0289	-0.2917
1.9752	-0.0187	0.0294	-0.0000	0.0289	-0.2950
1.9757	-0.0189	0.0294	-0.0000	0.0289	-0.2971
1.9762	-0.0187	0.0294	0.0000	0.0289	-0.2983
1.9767	-0.0191	0.0294	0.0000	0.0289	-0.2993
1.9772	-0.0188	0.0295	-0.0000	0.0289	-0.3001
1.9777	-0.0189	0.0295	-0.0000	0.0289	-0.3007
1.9782	-0.0189	0.0294	0.0000	0.0289	-0.3011
1.9787	-0.0187	0.0294	-0.0000	0.0289	-0.3014
1.9793	-0.0188	0.0294	-0.0000	0.0289	-0.3018
1.9798	-0.0186	0.0294	0.0000	0.0289	-0.3021
1.9803	-0.0189	0.0294	0.0000	0.0289	-0.3024
1.9808	-0.0187	0.0294	0.0000	0.0289	-0.3026
1.9813	-0.0189	0.0295	-0.0000	0.0289	-0.3027
1.9818	-0.0187	0.0294	0.0000	0.0289	-0.3029
1.9823	-0.0188	0.0294	0.0000	0.0289	-0.3029
1.9828	-0.0185	0.0294	-0.0001	0.0289	-0.3031
1.9833	-0.0187	0.0294	-0.0000	0.0289	-0.3032
1.9838	-0.0186	0.0295	-0.0001	0.0289	-0.3033
1.9843	-0.0189	0.0295	-0.0000	0.0289	-0.3033
1.9848	-0.0186	0.0294	-0.0000	0.0289	-0.3034
1.9853	-0.0187	0.0295	-0.0000	0.0289	-0.3036
1.9858	-0.0184	0.0294	-0.0000	0.0290	-0.3036
1.9863	-0.0185	0.0295	-0.0000	0.0289	-0.3036
1.9869	-0.0185	0.0295	0.0000	0.0289	-0.3036
1.9874	-0.0186	0.0295	0.0000	0.0289	-0.3037
1.9879	-0.0184	0.0294	-0.0000	0.0289	-0.3038
1.9884	-0.0186	0.0295	0.0000	0.0289	-0.3038
1.9889	-0.0187	0.0295	0.0000	0.0288	-0.3038
1.9894	-0.0189	0.0294	-0.0000	0.0288	-0.3038
1.9899	-0.0187	0.0295	-0.0000	0.0289	-0.3039
1.9904	-0.0186	0.0295	-0.0000	0.0289	-0.3039
1.9909	-0.0185	0.0295	0.0000	0.0289	-0.3040
1.9914	-0.0185	0.0294	0.0000	0.0290	-0.3040
1.9919	-0.0185	0.0294	-0.0000	0.0289	-0.3040
1.9924	-0.0184	0.0294	-0.0000	0.0290	-0.3040
1.9929	-0.0183	0.0294	-0.0001	0.0290	-0.3040
1.9934	-0.0181	0.0295	-0.0000	0.0289	-0.3041
1.9939	-0.0181	0.0295	-0.0000	0.0290	-0.3041
1.9945	-0.0181	0.0295	-0.0000	0.0289	-0.3040
1.9950	-0.0182	0.0295	-0.0000	0.0289	-0.3041
1.9955	-0.0182	0.0295	-0.0000	0.0290	-0.3041
1.9960	-0.0183	0.0295	-0.0000	0.0289	-0.3041
1.9965	-0.0181	0.0295	-0.0000	0.0289	-0.3041
1.9970	-0.0182	0.0295	-0.0000	0.0289	-0.3041
1.9975	-0.0182	0.0295	-0.0000	0.0290	-0.3040
1.9980	-0.0181	0.0295	0.0000	0.0290	-0.3041
1.9985	-0.0183	0.0295	0.0000	0.0290	-0.3041
1.9990	-0.0181	0.0295	-0.0000	0.0289	-0.3041
1.9995	-0.0182	0.0295	0.0000	0.0290	-0.3041
2.0000	-0.0181	0.0295	-0.0000	0.0290	-0.3042
2.0005	-0.0182	0.0295	0.0000	0.0290	-0.3041
2.0010	-0.0183	0.0295	-0.0000	0.0290	-0.3041
2.0015	-0.0185	0.0295	-0.0000	0.0290	-0.3041
2.0021	-0.0184	0.0295	-0.0000	0.0290	-0.3041
2.0026	-0.0184	0.0295	-0.0000	0.0290	-0.3041
2.0031	-0.0182	0.0295	-0.0000	0.0290	-0.3042
2.0036	-0.0183	0.0294	0.0000	0.0290	-0.3041
2.0041	-0.0180	0.0295	-0.0000	0.0290	-0.3042
2.0046	-0.0182	0.0295	-0.0000	0.0290	-0.3042
2.0051	-0.0181	0.0295	0.0000	0.0290	-0.3042
2.0056	-0.0181	0.0295	0.0000	0.0290	-0.3042
2.0061	-0.0180	0.0295	-0.0000	0.0290	-0.3042
2.0066	-0.0180	0.0296	-0.0000	0.0290	-0.3042
2.0071	-0.0182	0.0295	-0.0000	0.0290	-0.3042
2.0076	-0.0181	0.0296	-0.0000	0.0290	-0.3041
2.0081	-0.0181	0.0295	-0.0000	0.0291	-0.3042
2.0086	-0.0181	0.0295	-0.0001	0.0290	-0.3043
2.0091	-0.0181	0.0295	-0.0000	0.0290	-0.3042
2.0097	-0.0181	0.0296	-0.0000	0.0290	-0.3042
2.0102	-0.0181	0.0295	0.0000	0.0290	-0.3042
2.0107	-0.0181	0.0296	-0.0000	0.0290	-0.3043
2.0112	-0.0180	0.0296	-0.0000	0.0290	-0.3042
2.0117	-0.0182	0.0295	0.0000	0.0290	-0.3042
2.0122	-0.0179	0.0296	-0.0000	0.0290	-0.3042
2.0127	-0.0183	0.0295	-0.0000	0.0290	-0.3043
2.0132	-0.0181	0.0296	-0.0000	0.0291	-0.3042
2.0137	-0.0182	0.0296	-0.0000	0.0290	-0.3042
2.0142	-0.0180	0.0296	0.0000	0.0291	-0.3042
2.0147	-0.0183	0.0296	-0.0000	0.0291	-0.3042
2.0152	-0.0180	0.0296	-0.0000	0.0291	-0.3042
2.0157	-0.0184	0.0296	-0.0000	0.0291	-0.3042
2.0162	-0.0180	0.0296	0.0000	0.0291	-0.3042
2.0167	-0.0184	0.0296	0.0000	0.0290	-0.3042
2.0173	-0.0180	0.0296	-0.0000	0.0291	-0.3042
2.0178	-0.0183	0.0296	0.0000	0.0291	-0.3042
2.0183	-0.0180	0.0296	-0.0000	0.0291	-0.3043
2.0188	-0.0182	0.0296	-0.0000	0.0291	-0.3043
2.0193	-0.0180	0.0296	-0.0000	0.0291	-0.3042
2.0198	-0.0183	0.0296	0.0000	0.0291	-0.3042
2.0203	-0.0181	0.0296	0.0000	0.0291	-0.3042
2.0208	-0.0182	0.0296	-0.0000	0.0290	-0.3042
2.0213	-0.0182	0.0296	0.0000	0.0290	-0.3043
2.0218	-0.0181	0.0296	-0.0000	0.0290	-0.3042
2.0223	-0.0182	0.0296	-0.0000	0.0291	-0.3043
2.0228	-0.0181	0.0296	0.0000	0.0291	-0.3043
2.0233	-0.0182	0.0296	-0.0000	0.0291	-0.3043
2.0238	-0.0181	0.0295	-0.0000	0.0291	-0.3043
2.0243	-0.0181	0.0296	-0.0000	0.0291	-0.3042
2.0249	-0.0181	0.0296	-0.0000	0.0291	-0.3042
2.0254	-0.0182	0.0296	-0.0000	0.0291	-0.3043
2.0259	-0.0181	0.0296	0.0000	0.0291	-0.3042
2.0264	-0.0181	0.0296	-0.0000	0.0291	-0.3042
2.0269	-0.0181	0.0296	0.0000	0.0291	-0.3043
2.0274	-0.0182	0.0296	0.0000	0.0291	-0.3042
2.0279	-0.0181	0.0296	-0.0000	0.0291	-0.3042
2.0284	-0.0181	0.0296	0.0000	0.0291	-0.3042
2.0289	-0.0180	0.0296	0.0000	0.0291	-0.3043
2.0294	-0.0180	0.0296	-0.0000	0.0291	-0.3043
2.0299	-0.0180	0.0296	-0.0000	0.0291	-0.3043
2.0304	-0.0181	0.0296	-0.0000	0.0291	-0.3042
2.0309	-0.0181	0.0296	0.0000	0.0291	-0.3043
2.0314	-0.0180	0.0296	-0.0000	0.0291	-0.3042
2.0319	-0.0179	0.0296	-0.0000	0.0291	-0.3043
2.0325	-0.0179	0.0296	0.0000	0.0291	-0.3042
2.0330	-0.0179	0.0296	-0.0000	0.0291	-0.3043
2.0335	-0.0180	0.0296	-0.0000	0.0291	-0.3043
2.0340	-0.0178	0.0296	-0.0000	0.0291	-0.3043
2.0345	-0.0179	0.0296	0.0000	0.0292	-0.3042
2.0350	-0.0179	0.0296	0.0000	0.0291	-0.3042
2.0355	-0.0179	0.0296	0.0000	0.0291	-0.3043
2.0360	-0.0178	0.0297	0.0000	0.0291	-0.3043
2.0365	-0.0177	0.0296	-0.0000	0.0291	-0.3043
2.0370	-0.0179	0.0296	0.0000	0.0292	-0.3042
2.0375	-0.0178	0.0297	-0.0000	0.0291	-0.3043
2.0380	-0.0179	0.0296	-0.0000	0.0291	-0.3042
2.0385	-0.0178	0.0296	-0.0000	0.0291	-0.3043
2.0390	-0.0178	0.0297	0.0000	0.0291	-0.3042
2.0395	-0.0179	0.0297	0.0000	0.0291	-0.3042
2.0401	-0.0177	0.0297	-0.0000	0.0292	-0.3042
2.0406	-0.0177	0.0297	-0.0000	0.0291	-0.3042
2.0411	-0.0176	0.0297	-0.0000	0.0291	-0.3043
2.0416	-0.0178	0.0297	0.0000	0.0291	-0.3042
2.0421	-0.0175	0.0296	0.0000	0.0291	-0.3042
2.0426	-0.0179	0.0297	0.0000	0.0291	-0.3042
2.0431	-0.0176	0.0296	0.0000	0.0291	-0.3042
2.0436	-0.0178	0.0297	-0.0000	0.0291	-0.3042
2.0441	-0.0175	0.0297	0.0000	0.0291	-0.3042
2.0446	-0.0178	0.0297	0.0000	0.0292	-0.3042
2.0451	-0.0174	0.0297	0.0000	0.0291	-0.3042
2.0456	-0.0175	0.0297	-0.0000	0.0291	-0.3041
2.0461	-0.0174	0.0297	-0.0000	0.0291	-0.3041
2.0466	-0.0177	0.0296	0.0000	0.0292	-0.3041
2.0471	-0.0175	0.0296	0.0000	0.0291	-0.3041
2.0477	-0.0177	0.0297	-0.0000	0.0292	-0.3042
2.0482	-0.0174	0.0296	-0.0000	0.0292	-0.3041
2.0487	-0.0177	0.0297	-0.0000	0.0291	-0.3042
2.0492	-0.0174	0.0296	-0.0000	0.0292	-0.3042
2.0497	-0.0175	0.0297	-0.0000	0.0292	-0.3041
2.0502	-0.0174	0.0297	0.0000	0.0292	-0.3041
2.0507	-0.0176	0.0297	-0.0000	0.0292	-0.3042
2.0512	-0.0173	0.0296	0.0000	0.0292	-0.3041
2.0517	-0.0177	0.0296	0.0000	0.0292	-0.3041
2.0522	-0.0175	0.0297	-0.0000	0.0292	-0.3041
2.0527	-0.0176	0.0297	0.0000	0.0292	-0.3041
2.0532	-0.0174	0.0296	0.0000	0.0291	-0.3041
2.0537	-0.0176	0.0297	0.0000	0.0292	-0.3041
2.0542	-0.0174	0.0297	-0.0000	0.0292	-0.3041
2.0547	-0.0175	0.0297	0.0000	0.0291	-0.3041
2.0553	-0.0173	0.0297	-0.0000	0.0292	-0.3040
2.0558	-0.0174	0.0297	0.0000	0.0292	-0.3040
2.0563	-0.0173	0.0297	-0.0000	0.0292	-0.3041
2.0568	-0.0173	0.0297	-0.0000	0.0292	-0.3041
2.0573	-0.0173	0.0296	-0.0000	0.0292	-0.3040
2.0578	-0.0174	0.0297	-0.0000	0.0292	-0.3040
2.0583	-0.0173	0.0297	-0.0000	0.0291	-0.3040
2.0588	-0.0174	0.0297	0.0000	0.0292	-0.3040
2.0593	-0.0173	0.0297	-0.0000	0.0292	-0.3039
2.0598	-0.0174	0.0297	-0.0000	0.0292	-0.3039
2.0603	-0.0173	0.0297	-0.0000	0.0292	-0.3039
2.0608	-0.0173	0.0297	-0.0000	0.0292	-0.3039
2.0613	-0.0173	0.0297	-0.0000	0.0292	-0.3039
2.0618	-0.0173	0.0297	-0.0001	0.0292	-0.3038
2.0623	-0.0175	0.0298	-0.0000	0.0292	-0.3038
2.0629	-0.0174	0.0297	0.0000	0.0292	-0.3038
2.0634	-0.0172	0.0296	0.0000	0.0292	-0.3037
2.0639	-0.0173	0.0297	-0.0000	0.0292	-0.3037
2.0644	-0.0172	0.0297	-0.0000	0.0293	-0.3036
2.0649	-0.0172	0.0297	-0.0000	0.0292	-0.3036
2.0654	-0.0173	0.0297	0.0000	0.0292	-0.3035
2.0659	-0.0174	0.0297	0.0000	0.0292	-0.3034
2.0664	-0.0173	0.0298	-0.0000	0.0293	-0.3033
2.0669	-0.0173	0.0297	-0.0000	0.0292	-0.3033
2.0674	-0.0173	0.0297	0.0000	0.0292	-0.3032
2.0679	-0.0173	0.0297	-0.0000	0.0292	-0.3031
2.0684	-0.0175	0.0297	-0.0000	0.0292	-0.3029
2.0689	-0.0172	0.0297	-0.0000	0.0292	-0.3028
2.0694	-0.0173	0.0297	-0.0000	0.0292	-0.3026
2.0699	-0.0173	0.0297	0.0000	0.0293	-0.3023
2.0705	-0.0173	0.0297	0.0000	0.0292	-0.3021
2.0710	-0.0173	0.0297	-0.0000	0.0293	-0.3017
2.0715	-0.0174	0.0297	0.0000	0.0292	-0.3009
2.0720	-0.0172	0.0297	0.0000	0.0293	-0.3004
2.0725	-0.0173	0.0297	0.0000	0.0293	-0.2993
2.0730	-0.0176	0.0297	-0.0000	0.0292	-0.2979
2.0735	-0.0172	0.0297	-0.0000	0.0293	-0.2966
2.0740	-0.0173	0.0297	-0.0000	0.0293	-0.2938
2.0745	-0.0171	0.0298	-0.0000	0.0292	-0.2879
2.0750	-0.0173	0.0298	0.0000	0.0292	-0.2712
2.0755	-0.0172	0.0298	-0.0000	0.0293	-0.2597
2.0760	-0.0176	0.0297	0.0000	0.0292	-0.2109
2.0765	-0.0173	0.0298	0.0000	0.0292	-0.1558
2.0770	-0.0174	0.0298	-0.0000	0.0292	-0.0734
2.0775	-0.0174	0.0298	0.0000	0.0293	0.0231
2.0781	-0.0172	0.0298	-0.0000	0.0292	0.2353
2.0786	-0.0174	0.0298	0.0000	0.0292	0.4683
2.0791	-0.0173	0.0297	-0.0000	0.0292	0.7199
2.0796	-0.0173	0.0298	-0.0000	0.0293	0.8194
2.0801	-0.0172	0.0297	-0.0000	0.0292	0.8428
2.0806	-0.0175	0.0298	0.0000	0.0292	0.9296
2.0811	-0.0171	0.0297	-0.0000	0.0292	0.8842
2.0816	-0.0177	0.0298	0.0000	0.0292	0.3844
2.0821	-0.0171	0.0297	0.0000	0.0292	-0.0932
2.0826	-0.0177	0.0298	-0.0000	0.0293	-0.1915
2.0831	-0.0173	0.0298	-0.0000	0.0293	-0.2739
2.0836	-0.0174	0.0298	-0.0000	0.0293	-0.2861
2.0841	-0.0173	0.0298	0.0000	0.0293	-0.2924
2.0846	-0.0175	0.0298	-0.0000	0.0293	-0.2949
2.0851	-0.0170	0.0298	-0.0000	0.0293	-0.2967
2.0857	-0.0177	0.0298	-0.0000	0.0293	-0.2985
2.0862	-0.0173	0.0297	-0.0000	0.0293	-0.2994
2.0867	-0.0175	0.0298	-0.0000	0.0293	-0.3003
2.0872	-0.0178	0.0298	0.0000	0.0293	-0.3007
2.0877	-0.0174	0.0298	-0.0001	0.0293	-0.3012
2.0882	-0.0176	0.0298	-0.0000	0.0293	-0.3015
2.0887	-0.0172	0.0298	-0.0000	0.0293	-0.3019
2.0892	-0.0176	0.0298	0.0000	0.0293	-0.3022
2.0897	-0.0173	0.0298	-0.0000	0.0293	-0.3023
2.0902	-0.0178	0.0298	0.0000	0.0293	-0.3026
2.0907	-0.0174	0.0298	-0.0000	0.0293	-0.3027
2.0912	-0.0179	0.0299	-0.0001	0.0293	-0.3029
2.0917	-0.0176	0.0298	-0.0000	0.0293	-0.3028
2.0922	-0.0178	0.0298	-0.0000	0.0293	-0.3030
2.0927	-0.0176	0.0298	-0.0000	0.0293	-0.3032
2.0933	-0.0175	0.0298	-0.0000	0.0293	-0.3033
2.0938	-0.0174	0.0298	0.0000	0.0293	-0.3033
2.0943	-0.0177	0.0298	-0.0000	0.0293	-0.3034
2.0948	-0.0178	0.0298	0.0000	0.0293	-0.3035
2.0953	-0.0178	0.0299	0.0000	0.0293	-0.3036
2.0958	-0.0177	0.0298	0.0000	0.0293	-0.3036
2.0963	-0.0178	0.0298	0.0000	0.0293	-0.3037
2.0968	-0.0178	0.0298	-0.0000	0.0293	-0.3037
2.0973	-0.0177	0.0298	-0.0000	0.0293	-0.3037
2.0978	-0.0178	0.0299	-0.0000	0.0293	-0.3038
2.0983	-0.0176	0.0298	0.0000	0.0293	-0.3039
2.0988	-0.0178	0.0299	-0.0000	0.0293	-0.3038
2.0993	-0.0178	0.0298	0.0000	0.0294	-0.3039
2.0998	-0.0177	0.0299	0.0000	0.0293	-0.3039
2.1003	-0.0177	0.0299	-0.0000	0.0293	-0.3039
2.1009	-0.0176	0.0299	-0.0000	0.0293	-0.3039
2.1014	-0.0177	0.0299	-0.0000	0.0293	-0.3040
2.1019	-0.0177	0.0298	-0.0000	0.0293	-0.3040
2.1024	-0.0178	0.0299	-0.0000	0.0294	-0.3040
2.1029	-0.0176	0.0298	-0.0000	0.0294	-0.3040
2.1034	-0.0176	0.0299	-0.0000	0.0293	-0.3040
2.1039	-0.0175	0.0299	-0.0000	0.0294	-0.3040
2.1044	-0.0177	0.0299	-0.0000	0.0294	-0.3041
2.1049	-0.0177	0.0298	-0.0000	0.0293	-0.3041
2.1054	-0.0178	0.0299	0.0000	0.0293	-0.3040
2.1059	-0.0177	0.0298	-0.0000	0.0294	-0.3041
2.1064	-0.0176	0.0299	0.0000	0.0294	-0.3041
2.1069	-0.0177	0.0299	-0.0000	0.0293	-0.3040
2.1074	-0.0177	0.0299	-0.0000	0.0293	-0.3041
2.1079	-0.0176	0.0299	0.0000	0.0294	-0.3041
2.1085	-0.0177	0.0299	-0.0000	0.0293	-0.3041
2.1090	-0.0176	0.0299	-0.0000	0.0294	-0.3041
2.1095	-0.0177	0.0298	-0.0000	0.0294	-0.3042
2.1100	-0.0176	0.0299	-0.0000	0.0294	-0.3041
2.1105	-0.0177	0.0299	0.0000	0.0293	-0.3042
2.1110	-0.0176	0.0299	-0.0000	0.0293	-0.3041
2.1115	-0.0177	0.0299	-0.0000	0.0294	-0.3041
2.1120	-0.0175	0.0299	-0.0000	0.0294	-0.3041
2.1125	-0.0176	0.0299	0.0000	0.0294	-0.3042
2.1130	-0.0173	0.0299	-0.0000	0.0294	-0.3041
2.1135	-0.0176	0.0299	0.0000	0.0294	-0.3042
2.1140	-0.0174	0.0299	-0.0000	0.0294	-0.3042
2.1145	-0.0176	0.0299	0.0000	0.0294	-0.3042
2.1150	-0.0174	0.0299	-0.0000	0.0294	-0.3042
2.1155	-0.0176	0.0299	-0.0001	0.0294	-0.3042
2.1161	-0.0173	0.0299	-0.0000	0.0294	-0.3042
2.1166	-0.0175	0.0299	-0.0000	0.0294	-0.3042
2.1171	-0.0173	0.0299	0.0000	0.0294	-0.3042
2.1176	-0.0174	0.0299	0.0001	0.0294	-0.3042
2.1181	-0.0174	0.0299	0.0000	0.0294	-0.3042
2.1186	-0.0175	0.0299	-0.0000	0.0293	-0.3042
2.1191	-0.0174	0.0299	0.0000	0.0293	-0.3042
2.1196	-0.0174	0.0299	-0.0000	0.0294	-0.3042
2.1201	-0.0175	0.0299	0.0000	0.0294	-0.3042
2.1206	-0.0174	0.0299	0.0000	0.0293	-0.3042
2.1211	-0.0174	0.0299	0.0000	0.0294	-0.3042
2.1216	-0.0173	0.0299	-0.0000	0.0294	-0.3042
2.1221	-0.0174	0.0299	0.0000	0.0294	-0.3043
2.1226	-0.0174	0.0299	-0.0000	0.0294	-0.3042
2.1231	-0.0172	0.0299	-0.0000	0.0294	-0.3042
2.1237	-0.0172	0.0299	0.0000	0.0294	-0.3042
2.1242	-0.0172	0.0299	0.0001	0.0294	-0.3042
2.1247	-0.0172	0.0299	-0.0000	0.0295	-0.3043
2.1252	-0.0173	0.0299	-0.0000	0.0294	-0.3042
2.1257	-0.0173	0.0299	-0.0000	0.0294	-0.3042
2.1262	-0.0172	0.0299	0.0000	0.0294	-0.3042
2.1267	-0.0172	0.0299	-0.0000	0.0294	-0.3043
2.1272	-0.0172	0.0299	0.0000	0.0295	-0.3043
2.1277	-0.0172	0.0299	0.0000	0.0294	-0.3042
2.1282	-0.0173	0.0299	-0.0000	0.0294	-0.3043
2.1287	-0.0172	0.0299	0.0000	0.0294	-0.3043
2.1292	-0.0173	0.0299	-0.0000	0.0294	-0.3043
2.1297	-0.0173	0.0299	-0.0000	0.0294	-0.3042
2.1302	-0.0171	0.0300	-0.0000	0.0294	-0.3043
2.1307	-0.0173	0.0299	-0.0000	0.0294	-0.3042
2.1313	-0.0171	0.0300	-0.0000	0.0294	-0.3043
2.1318	-0.0172	0.0299	-0.0000	0.0294	-0.3042
2.1323	-0.0173	0.0299	-0.0000	0.0294	-0.3043
2.1328	-0.0171	0.0299	-0.0000	0.0295	-0.3043
2.1333	-0.0170	0.0299	0.0000	0.0294	-0.3043
2.1338	-0.0172	0.0299	0.0000	0.0295	-0.3043
2.1343	-0.0171	0.0300	0.0000	0.0295	-0.3042
2.1348	-0.0173	0.0300	-0.0000	0.0294	-0.3043
2.1353	-0.0173	0.0299	-0.0000	0.0295	-0.3043
2.1358	-0.0172	0.0299	-0.0000	0.0295	-0.3043
2.1363	-0.0174	0.0300	-0.0001	0.0295	-0.3043
2.1368	-0.0172	0.0300	-0.0000	0.0295	-0.3043
2.1373	-0.0174	0.0299	0.0000	0.0294	-0.3043
2.1378	-0.0172	0.0299	-0.0000	0.0294	-0.3043
2.1383	-0.0175	0.0300	-0.0000	0.0294	-0.3043
2.1389	-0.0172	0.0300	-0.0000	0.0294	-0.3042
2.1394	-0.0176	0.0300	-0.0000	0.0294	-0.3042
2.1399	-0.0170	0.0299	-0.0000	0.0295	-0.3042
2.1404	-0.0176	0.0300	-0.0000	0.0295	-0.3043
2.1409	-0.0173	0.0299	-0.0000	0.0294	-0.3043
2.1414	-0.0176	0.0300	0.0000	0.0294	-0.3042
2.1419	-0.0171	0.0300	-0.0000	0.0295	-0.3042
2.1424	-0.0176	0.0300	-0.0000	0.0295	-0.3043
2.1429	-0.0170	0.0300	0.0000	0.0294	-0.3043
2.1434	-0.0175	0.0299	-0.0000	0.0295	-0.3042
2.1439	-0.0173	0.0300	-0.0000	0.0294	-0.3043
2.1444	-0.0177	0.0300	-0.0000	0.0295	-0.3043
2.1449	-0.0172	0.0300	-0.0000	0.0295	-0.3042
2.1454	-0.0175	0.0300	-0.0000	0.0295	-0.3042
2.1459	-0.0174	0.0299	-0.0000	0.0295	-0.3042
2.1465	-0.0176	0.0300	-0.0000	0.0294	-0.3043
2.1470	-0.0174	0.0300	-0.0000	0.0295	-0.3042
2.1475	-0.0175	0.0300	-0.0000	0.0295	-0.3042
2.1480	-0.0175	0.0299	-0.0000	0.0295	-0.3042
2.1485	-0.0174	0.0300	0.0000	0.0295	-0.3043
2.1490	-0.0176	0.0300	-0.0000	0.0295	-0.3042
2.1495	-0.0172	0.0300	-0.0000	0.0295	-0.3042
2.1500	-0.0175	0.0300	0.0000	0.0295	-0.3042
2.1505	-0.0172	0.0300	-0.0000	0.0295	-0.3043
2.1510	-0.0175	0.0300	-0.0000	0.0295	-0.3042
2.1515	-0.0171	0.0300	-0.0000	0.0295	-0.3042
2.1520	-0.0175	0.0300	-0.0000	0.0295	-0.3042
2.1525	-0.0171	0.0300	-0.0000	0.0295	-0.3042
2.1530	-0.0175	0.0300	-0.0000	0.0295	-0.3042
2.1535	-0.0172	0.0300	-0.0000	0.0295	-0.3042
2.1541	-0.0176	0.0300	0.0000	0.0295	-0.3042
2.1546	-0.0176	0.0300	-0.0000	0.0295	-0.3042
2.1551	-0.0176	0.0300	-0.0000	0.0295	-0.3042
2.1556	-0.0173	0.0300	-0.0000	0.0296	-0.3042
2.1561	-0.0176	0.0300	0.0000	0.0295	-0.3042
2.1566	-0.0172	0.0300	-0.0000	0.0295	-0.3041
2.1571	-0.0175	0.0300	0.0000	0.0295	-0.3042
2.1576	-0.0173	0.0299	0.0000	0.0295	-0.3042
2.1581	-0.0175	0.0301	-0.0000	0.0295	-0.3042
2.1586	-0.0173	0.0300	-0.0000	0.0295	-0.3042
2.1591	-0.0174	0.0300	0.0000	0.0295	-0.3041
2.1596	-0.0173	0.0301	-0.0000	0.0295	-0.3041
2.1601	-0.0174	0.0300	0.0000	0.0295	-0.3041
2.1606	-0.0174	0.0301	0.0000	0.0295	-0.3041
2.1611	-0.0174	0.0301	-0.0000	0.0295	-0.3041
2.1617	-0.0174	0.0300	0.0000	0.0295	-0.3041
2.1622	-0.0174	0.0300	0.0000	0.0295	-0.3041
2.1627	-0.0174	0.0301	-0.0000	0.0296	-0.3041
2.1632	-0.0174	0.0300	-0.0000	0.0295	-0.3041
2.1637	-0.0173	0.0300	-0.0000	0.0296	-0.3041
2.1642	-0.0173	0.0300	-0.0000	0.0295	-0.3040
2.1647	-0.0173	0.0301	-0.0000	0.0295	-0.3040
2.1652	-0.0175	0.0301	0.0000	0.0296	-0.3040
2.1657	-0.0174	0.0300	-0.0001	0.0295	-0.3040
2.1662	-0.0175	0.0300	0.0000	0.0296	-0.3040
2.1667	-0.0174	0.0301	-0.0000	0.0296	-0.3040
2.1672	-0.0175	0.0301	0.0000	0.0296	-0.3040
2.1677	-0.0170	0.0301	-0.0000	0.0296	-0.3039
2.1682	-0.0174	0.0301	0.0000	0.0295	-0.3039
2.1687	-0.0172	0.0300	0.0000	0.0295	-0.3039
2.1693	-0.0174	0.0301	0.0000	0.0296	-0.3039
2.1698	-0.0173	0.0301	-0.0000	0.0296	-0.3039
2.1703	-0.0174	0.0301	-0.0000	0.0295	-0.3038
2.1708	-0.0171	0.0301	-0.0000	0.0295	-0.3038
2.1713	-0.0173	0.0301	0.0000	0.0296	-0.3038
2.1718	-0.0171	0.0301	0.0000	0.0296	-0.3037
2.1723	-0.0173	0.0301	-0.0000	0.0296	-0.3037
2.1728	-0.0174	0.0301	0.0000	0.0296	-0.3036
2.1733	-0.0176	0.0301	-0.0000	0.0296	-0.3037
2.1738	-0.0174	0.0301	-0.0000	0.0296	-0.3035
2.1743	-0.0175	0.0301	-0.0000	0.0296	-0.3035
2.1748	-0.0174	0.0301	-0.0000	0.0296	-0.3034
2.1753	-0.0173	0.0301	0.0000	0.0296	-0.3034
2.1758	-0.0173	0.0301	0.0000	0.0296	-0.3032
2.1763	-0.0172	0.0301	0.0000	0.0296	-0.3031
2.1769	-0.0175	0.0302	-0.0000	0.0296	-0.3031
2.1774	-0.0172	0.0301	-0.0000	0.0296	-0.3029
2.1779	-0.0175	0.0301	-0.0000	0.0296	-0.3028
2.1784	-0.0172	0.0301	-0.0000	0.0296	-0.3025
2.1789	-0.0174	0.0302	0.0000	0.0296	-0.3023
2.1794	-0.0172	0.0301	0.0000	0.0295	-0.3021
2.1799	-0.0173	0.0301	-0.0001	0.0296	-0.3015
2.1804	-0.0172	0.0302	0.0000	0.0296	-0.3010
2.1809	-0.0176	0.0301	-0.0000	0.0296	-0.3004
2.1814	-0.0173	0.0301	0.0000	0.0296	-0.2997
2.1819	-0.0175	0.0301	-0.0000	0.0296	-0.2991
2.1824	-0.0172	0.0301	0.0000	0.0296	-0.2986
2.1829	-0.0175	0.0302	0.0000	0.0296	-0.2959
2.1834	-0.0172	0.0301	0.0000	0.0296	-0.2927
2.1839	-0.0176	0.0302	-0.0000	0.0296	-0.2885
2.1845	-0.0172	0.0301	-0.0000	0.0296	-0.2781
2.1850	-0.0175	0.0302	0.0000	0.0297	-0.2727
2.1855	-0.0171	0.0301	0.0000	0.0296	-0.2315
2.1860	-0.0175	0.0301	-0.0000	0.0296	-0.1882
2.1865	-0.0172	0.0301	0.0000	0.0297	-0.1106
2.1870	-0.0174	0.0302	0.0000	0.0297	0.0123
2.1875	-0.0173	0.0302	-0.0000	0.0296	0.1557
2.1880	-0.0173	0.0302	0.0000	0.0296	0.4431
2.1885	-0.0173	0.0302	-0.0000	0.0296	0.6540
2.1890	-0.0174	0.0302	-0.0000	0.0297	0.8571
2.1895	-0.0173	0.0302	0.0000	0.0296	0.8744
2.1900	-0.0173	0.0302	-0.0000	0.0297	0.9179
2.1905	-0.0173	0.0301	0.0000	0.0296	0.7486
2.1910	-0.0174	0.0302	-0.0000	0.0297	0.2771
2.1915	-0.0171	0.0302	-0.0000	0.0297	-0.1428
2.1921	-0.0172	0.0302	-0.0000	0.0297	-0.2316
2.1926	-0.0172	0.0302	-0.0000	0.0297	-0.2744
2.1931	-0.0173	0.0302	0.0000	0.0297	-0.2840
2.1936	-0.0173	0.0302	-0.0000	0.0297	-0.2904
2.1941	-0.0172	0.0301	-0.0000	0.0297	-0.2955
2.1946	-0.0172	0.0302	0.0000	0.0297	-0.2975
2.1951	-0.0173	0.0302	-0.0000	0.0297	-0.2988
2.1956	-0.0172	0.0301	-0.0000	0.0297	-0.2996
2.1961	-0.0172	0.0302	-0.0000	0.0297	-0.3003
2.1966	-0.0172	0.0302	-0.0000	0.0297	-0.3006
2.1971	-0.0171	0.0301	-0.0000	0.0297	-0.3010
2.1976	-0.0171	0.0302	-0.0000	0.0296	-0.3015
2.1981	-0.0173	0.0302	-0.0000	0.0296	-0.3019
2.1986	-0.0170	0.0302	-0.0000	0.0297	-0.3021
2.1991	-0.0173	0.0302	-0.0000	0.0297	-0.3023
2.1997	-0.0171	0.0302	-0.0000	0.0296	-0.3024
2.2002	-0.0172	0.0302	-0.0000	0.0297	-0.3026
2.2007	-0.0171	0.0302	0.0000	0.0297	-0.3027
2.2012	-0.0173	0.0303	0.0000	0.0297	-0.3029
2.2017	-0.0171	0.0302	-0.0000	0.0297	-0.3030
2.2022	-0.0171	0.0302	-0.0000	0.0297	-0.3031
2.2027	-0.0170	0.0302	0.0000	0.0296	-0.3032
2.2032	-0.0172	0.0302	0.0000	0.0296	-0.3033
2.2037	-0.0171	0.0302	0.0000	0.0297	-0.3034
2.2042	-0.0171	0.0302	-0.0000	0.0297	-0.3035
2.2047	-0.0173	0.0302	0.0000	0.0297	-0.3035
2.2052	-0.0170	0.0302	-0.0001	0.0297	-0.3036
2.2057	-0.0172	0.0302	-0.0000	0.0297	-0.3036
2.2062	-0.0171	0.0302	0.0000	0.0297	-0.3037
2.2067	-0.0172	0.0302	0.0000	0.0296	-0.3037
2.2073	-0.0170	0.0302	-0.0000	0.0297	-0.3038
2.2078	-0.0174	0.0302	-0.0000	0.0296	-0.3038
2.2083	-0.0171	0.0302	-0.0000	0.0297	-0.3039
2.2088	-0.0173	0.0302	-0.0000	0.0297	-0.3039
2.2093	-0.0170	0.0302	-0.0000	0.0297	-0.3039
2.2098	-0.0172	0.0302	-0.0000	0.0297	-0.3039
2.2103	-0.0171	0.0302	-0.0000	0.0297	-0.3039
2.2108	-0.0173	0.0302	0.0000	0.0297	-0.3039
2.2113	-0.0172	0.0302	0.0000	0.0297	-0.3039
2.2118	-0.0174	0.0302	-0.0000	0.0297	-0.3040
2.2123	-0.0173	0.0303	-0.0000	0.0297	-0.3040
2.2128	-0.0174	0.0302	0.0000	0.0297	-0.3040
2.2133	-0.0171	0.0302	-0.0000	0.0297	-0.3040
2.2138	-0.0173	0.0302	0.0000	0.0297	-0.3041
2.2143	-0.0170	0.0302	0.0000	0.0297	-0.3041
2.2149	-0.0174	0.0302	-0.0000	0.0297	-0.3041
2.2154	-0.0172	0.0302	-0.0000	0.0297	-0.3041
2.2159	-0.0173	0.0303	-0.0000	0.0298	-0.3041
2.2164	-0.0173	0.0303	0.0000	0.0297	-0.3041
2.2169	-0.0174	0.0303	0.0000	0.0297	-0.3041
2.2174	-0.0173	0.0302	0.0000	0.0298	-0.3042
2.2179	-0.0175	0.0302	-0.0000	0.0297	-0.3041
2.2184	-0.0171	0.0302	-0.0000	0.0298	-0.3041
2.2189	-0.0173	0.0303	-0.0000	0.0298	-0.3042
2.2194	-0.0173	0.0302	0.0000	0.0298	-0.3041
2.2199	-0.0177	0.0303	-0.0000	0.0297	-0.3042
2.2204	-0.0176	0.0303	0.0000	0.0297	-0.3041
2.2209	-0.0174	0.0303	-0.0000	0.0297	-0.3041
2.2214	-0.0174	0.0303	-0.0000	0.0298	-0.3041
2.2219	-0.0174	0.0302	0.0000	0.0297	-0.3042
2.2225	-0.0174	0.0303	-0.0000	0.0297	-0.3041
2.2230	-0.0173	0.0303	-0.0000	0.0297	-0.3041
2.2235	-0.0175	0.0303	-0.0000	0.0297	-0.3042
2.2240	-0.0174	0.0303	-0.0000	0.0297	-0.3042
2.2245	-0.0175	0.0303	0.0000	0.0298	-0.3041
2.2250	-0.0174	0.0302	-0.0000	0.0297	-0.3042
2.2255	-0.0174	0.0303	0.0000	0.0297	-0.3042
2.2260	-0.0174	0.0302	-0.0000	0.0298	-0.3042
2.2265	-0.0172	0.0303	0.0000	0.0298	-0.3042
2.2270	-0.0174	0.0303	0.0000	0.0298	-0.3041
2.2275	-0.0173	0.0303	-0.0000	0.0298	-0.3042
2.2280	-0.0171	0.0303	-0.0000	0.0298	-0.3042
2.2285	-0.0172	0.0303	-0.0000	0.0298	-0.3042
2.2290	-0.0171	0.0302	-0.0000	0.0298	-0.3042
2.2295	-0.0171	0.0303	-0.0000	0.0298	-0.3042
2.2301	-0.0172	0.0303	-0.0000	0.0298	-0.3042
2.2306	-0.0172	0.0303	0.0000	0.0297	-0.3042
2.2311	-0.0175	0.0303	-0.0000	0.0297	-0.3042
2.2316	-0.0173	0.0303	-0.0000	0.0298	-0.3042
2.2321	-0.0173	0.0303	-0.0000	0.0297	-0.3042
2.2326	-0.0172	0.0303	-0.0000	0.0297	-0.3042
2.2331	-0.0171	0.0303	0.0000	0.0298	-0.3042
2.2336	-0.0170	0.0303	-0.0000	0.0298	-0.3042
2.2341	-0.0174	0.0303	-0.0000	0.0298	-0.3042
2.2346	-0.0173	0.0303	0.0000	0.0298	-0.3042
2.2351	-0.0172	0.0303	0.0000	0.0298	-0.3042
2.2356	-0.0172	0.0303	-0.0000	0.0298	-0.3042
2.2361	-0.0173	0.0303	0.0000	0.0298	-0.3043
2.2366	-0.0174	0.0304	0.0000	0.0298	-0.3042
2.2371	-0.0172	0.0303	-0.0000	0.0298	-0.3043
2.2377	-0.0174	0.0303	-0.0000	0.0298	-0.3043
2.2382	-0.0173	0.0304	0.0000	0.0298	-0.3042
2.2387	-0.0173	0.0303	0.0000	0.0298	-0.3043
2.2392	-0.0170	0.0303	-0.0001	0.0298	-0.3042
2.2397	-0.0174	0.0304	-0.0000	0.0298	-0.3043
2.2402	-0.0170	0.0304	0.0000	0.0298	-0.3042
2.2407	-0.0175	0.0304	0.0000	0.0298	-0.3043
2.2412	-0.0170	0.0303	-0.0000	0.0298	-0.3043
2.2417	-0.0175	0.0303	-0.0000	0.0298	-0.3043
2.2422	-0.0171	0.0303	0.0000	0.0297	-0.3043
2.2427	-0.0175	0.0303	-0.0000	0.0298	-0.3042
2.2432	-0.0171	0.0303	-0.0000	0.0298	-0.3043
2.2437	-0.0173	0.0303	0.0000	0.0299	-0.3043
2.2442	-0.0172	0.0303	0.0000	0.0298	-0.3043
2.2447	-0.0174	0.0303	-0.0000	0.0298	-0.3042
2.2453	-0.0173	0.0303	0.0000	0.0298	-0.3043
2.2458	-0.0171	0.0304	0.0000	0.0298	-0.3043
2.2463	-0.0173	0.0303	0.0000	0.0299	-0.3043
2.2468	-0.0171	0.0304	0.0000	0.0299	-0.3042
2.2473	-0.0171	0.0303	0.0000	0.0299	-0.3042
2.2478	-0.0173	0.0303	-0.0000	0.0298	-0.3043
2.2483	-0.0172	0.0304	0.0000	0.0298	-0.3042
2.2488	-0.0171	0.0304	-0.0000	0.0298	-0.3042
2.2493	-0.0173	0.0304	0.0000	0.0298	-0.3042
2.2498	-0.0170	0.0304	0.0000	0.0298	-0.3043
2.2503	-0.0174	0.0303	-0.0000	0.0298	-0.3043
2.2508	-0.0170	0.0303	-0.0000	0.0298	-0.3042
2.2513	-0.0174	0.0304	-0.0000	0.0299	-0.3043
2.2518	-0.0171	0.0304	-0.0001	0.0298	-0.3043
2.2523	-0.0173	0.0304	-0.0000	0.0298	-0.3043
2.2529	-0.0170	0.0304	-0.0000	0.0298	-0.3043
2.2534	-0.0174	0.0303	-0.0000	0.0299	-0.3043
2.2539	-0.0169	0.0304	-0.0000	0.0298	-0.3042
2.2544	-0.0174	0.0304	-0.0000	0.0299	-0.3042
2.2549	-0.0169	0.0304	0.0000	0.0298	-0.3042
2.2554	-0.0174	0.0304	-0.0001	0.0299	-0.3043
2.2559	-0.0170	0.0304	-0.0000	0.0299	-0.3042
2.2564	-0.0172	0.0304	0.0000	0.0299	-0.3042
2.2569	-0.0170	0.0303	0.0000	0.0299	-0.3043
2.2574	-0.0170	0.0303	-0.0000	0.0299	-0.3042
2.2579	-0.0170	0.0304	0.0000	0.0299	-0.3042
2.2584	-0.0172	0.0304	-0.0000	0.0299	-0.3042
2.2589	-0.0170	0.0304	-0.0000	0.0299	-0.3043
2.2594	-0.0171	0.0304	-0.0000	0.0299	-0.3042
2.2599	-0.0170	0.0304	-0.0000	0.0299	-0.3042
2.2605	-0.0171	0.0304	-0.0001	0.0299	-0.3042
2.2610	-0.0172	0.0304	0.0000	0.0299	-0.3042
2.2615	-0.0170	0.0304	-0.0000	0.0299	-0.3042
2.2620	-0.0172	0.0304	0.0000	0.0299	-0.3042
2.2625	-0.0171	0.0304	0.0000	0.0298	-0.3042
2.2630	-0.0171	0.0304	0.0000	0.0299	-0.3042
2.2635	-0.0172	0.0304	-0.0000	0.0299	-0.3042
2.2640	-0.0172	0.0304	-0.0000	0.0299	-0.3042
2.2645	-0.0172	0.0304	-0.0000	0.0299	-0.3042
2.2650	-0.0171	0.0304	0.0000	0.0299	-0.3042
2.2655	-0.0171	0.0304	-0.0000	0.0299	-0.3041
2.2660	-0.0172	0.0304	0.0000	0.0299	-0.3042
2.2665	-0.0171	0.0304	-0.0000	0.0299	-0.3042
2.2670	-0.0172	0.0304	0.0000	0.0299	-0.3042
2.2675	-0.0172	0.0304	-0.0000	0.0299	-0.3042
2.2681	-0.0171	0.0304	-0.0000	0.0299	-0.3042
2.2686	-0.0172	0.0304	-0.0000	0.0299	-0.3041
2.2691	-0.0172	0.0304	-0.0000	0.0299	-0.3041
2.2696	-0.0172	0.0304	0.0000	0.0298	-0.3041
2.2701	-0.0172	0.0305	-0.0000	0.0299	-0.3041
2.2706	-0.0172	0.0305	-0.0000	0.0299	-0.3041
2.2711	-0.0173	0.0304	0.0000	0.0298	-0.3041
2.2716	-0.0173	0.0304	-0.0000	0.0299	-0.3041
2.2721	-0.0172	0.0304	-0.0000	0.0299	-0.3041
2.2726	-0.0174	0.0305	-0.0000	0.0299	-0.3041
2.2731	-0.0173	0.0304	-0.0000	0.0299	-0.3041
2.2736	-0.0174	0.0305	0.0000	0.0299	-0.3041
2.2741	-0.0172	0.0305	-0.0000	0.0299	-0.3040
2.2746	-0.0172	0.0305	0.0000	0.0299	-0.3040
2.2751	-0.0173	0.0304	-0.0000	0.0299	-0.3040
2.2757	-0.0174	0.0305	0.0000	0.0299	-0.3040
2.2762	-0.0172	0.0305	-0.0000	0.0299	-0.3040
2.2767	-0.0174	0.0305	-0.0000	0.0299	-0.3039
2.2772	-0.0172	0.0305	0.0000	0.0300	-0.3039
2.2777	-0.0174	0.0305	-0.0000	0.0299	-0.3039
2.2782	-0.0173	0.0305	-0.0000	0.0300	-0.3039
2.2787	-0.0175	0.0305	0.0000	0.0299	-0.3039
2.2792	-0.0174	0.0305	-0.0000	0.0300	-0.3038
2.2797	-0.0174	0.0305	-0.0000	0.0299	-0.3038
2.2802	-0.0174	0.0305	0.0000	0.0299	-0.3038
2.2807	-0.0174	0.0305	0.0001	0.0299	-0.3037
2.2812	-0.0172	0.0305	0.0000	0.0299	-0.3037
2.2817	-0.0174	0.0305	-0.0000	0.0299	-0.3037
2.2822	-0.0174	0.0305	-0.0000	0.0299	-0.3036
2.2827	-0.0175	0.0305	0.0000	0.0299	-0.3036
2.2833	-0.0174	0.0305	-0.0000	0.0300	-0.3035
2.2838	-0.0173	0.0305	0.0000	0.0299	-0.3034
2.2843	-0.0174	0.0305	-0.0000	0.0300	-0.3033
2.2848	-0.0172	0.0305	0.0000	0.0300	-0.3033
2.2853	-0.0175	0.0305	0.0000	0.0299	-0.3031
2.2858	-0.0174	0.0305	0.0000	0.0300	-0.3030
2.2863	-0.0174	0.0305	-0.0000	0.0300	-0.3029
2.2868	-0.0173	0.0305	-0.0000	0.0300	-0.3028
2.2873	-0.0174	0.0305	-0.0000	0.0300	-0.3026
2.2878	-0.0173	0.0304	-0.0000	0.0300	-0.3025
2.2883	-0.0174	0.0305	0.0000	0.0300	-0.3021
2.2888	-0.0172	0.0305	-0.0000	0.0299	-0.3020
2.2893	-0.0173	0.0305	-0.0000	0.0300	-0.3014
2.2898	-0.0174	0.0305	0.0000	0.0299	-0.3009
2.2903	-0.0173	0.0305	-0.0000	0.0300	-0.3002
2.2909	-0.0174	0.0305	-0.0000	0.0300	-0.2997
2.2914	-0.0173	0.0305	-0.0000	0.0300	-0.2989
2.2919	-0.0173	0.0305	0.0000	0.0300	-0.2976
2.2924	-0.0172	0.0305	-0.0000	0.0299	-0.2962
2.2929	-0.0173	0.0305	0.0000	0.0300	-0.2936
2.2934	-0.0173	0.0305	0.0000	0.0300	-0.2871
2.2939	-0.0173	0.0305	0.0000	0.0300	-0.2700
2.2944	-0.0172	0.0305	-0.0000	0.0300	-0.2621
2.2949	-0.0172	0.0305	-0.0000	0.0300	-0.2209
2.2954	-0.0172	0.0305	0.0000	0.0300	-0.1403
2.2959	-0.0172	0.0304	-0.0000	0.0300	-0.0576
2.2964	-0.0173	0.0305	-0.0000	0.0300	0.0943
2.2969	-0.0171	0.0305	0.0000	0.0300	0.2320
2.2974	-0.0171	0.0305	0.0000	0.0300	0.4273
2.2979	-0.0171	0.0305	-0.0000	0.0300	0.6046
2.2985	-0.0171	0.0305	0.0000	0.0300	0.8450
2.2990	-0.0172	0.0305	0.0000	0.0300	0.8691
2.2995	-0.0172	0.0305	0.0000	0.0300	0.9663
2.3000	-0.0173	0.0305	0.0000	0.0300	0.8619
2.3005	-0.0171	0.0305	-0.0000	0.0300	0.2493
2.3010	-0.0170	0.0305	0.0000	0.0300	-0.0317
2.3015	-0.0170	0.0306	0.0000	0.0300	-0.2185
2.3020	-0.0170	0.0305	0.0000	0.0301	-0.2732
2.3025	-0.0170	0.0305	-0.0000	0.0301	-0.2855
2.3030	-0.0171	0.0306	-0.0000	0.0300	-0.2881
2.3035	-0.0172	0.0305	-0.0000	0.0300	-0.2937
2.3040	-0.0169	0.0306	0.0000	0.0300	-0.2951
2.3045	-0.0171	0.0305	-0.0000	0.0300	-0.2978
2.3050	-0.0168	0.0305	-0.0000	0.0300	-0.2986
2.3055	-0.0171	0.0305	-0.0000	0.0301	-0.2999
2.3061	-0.0168	0.0305	0.0000	0.0300	-0.3007
2.3066	-0.0171	0.0305	-0.0000	0.0300	-0.3010
2.3071	-0.0169	0.0305	0.0000	0.0300	-0.3016
2.3076	-0.0172	0.0305	0.0000	0.0301	-0.3018
2.3081	-0.0168	0.0305	0.0000	0.0300	-0.3020
2.3086	-0.0169	0.0306	-0.0000	0.0300	-0.3021
2.3091	-0.0168	0.0306	0.0000	0.0300	-0.3024
2.3096	-0.0167	0.0306	-0.0000	0.0301	-0.3025
2.3101	-0.0170	0.0306	-0.0000	0.0300	-0.3026
2.3106	-0.0168	0.0305	0.0000	0.0300	-0.3029
2.3111	-0.0172	0.0306	-0.0000	0.0301	-0.3029
2.3116	-0.0167	0.0306	0.0000	0.0300	-0.3030
2.3121	-0.0169	0.0306	0.0000	0.0300	-0.3032
2.3126	-0.0167	0.0305	-0.0000	0.0300	-0.3032
2.3131	-0.0169	0.0306	0.0000	0.0300	-0.3034
2.3137	-0.0167	0.0306	-0.0000	0.0301	-0.3034
2.3142	-0.0170	0.0306	0.0000	0.0300	-0.3035
2.3147	-0.0167	0.0305	-0.0000	0.0300	-0.3035
2.3152	-0.0169	0.0305	-0.0000	0.0301	-0.3036
2.3157	-0.0166	0.0306	0.0000	0.0301	-0.3036
2.3162	-0.0167	0.0305	0.0000	0.0300	-0.3037
2.3167	-0.0167	0.0305	0.0000	0.0301	-0.3037
2.3172	-0.0168	0.0306	-0.0000	0.0301	-0.3037
2.3177	-0.0165	0.0306	-0.0000	0.0301	-0.3038
2.3182	-0.0167	0.0305	0.0000	0.0301	-0.3038
2.3187	-0.0168	0.0305	0.0000	0.0300	-0.3038
2.3192	-0.0166	0.0306	-0.0000	0.0301	-0.3039
2.3197	-0.0167	0.0306	-0.0000	0.0301	-0.3039
2.3202	-0.0167	0.0306	-0.0000	0.0300	-0.3039
2.3207	-0.0166	0.0306	0.0000	0.0300	-0.3040
2.3213	-0.0165	0.0305	-0.0000	0.0300	-0.3040
2.3218	-0.0166	0.0306	-0.0000	0.0301	-0.3040
2.3223	-0.0166	0.0305	0.0000	0.0300	-0.3041
2.3228	-0.0167	0.0306	-0.0000	0.0301	-0.3040
2.3233	-0.0168	0.0306	-0.0000	0.0301	-0.3040
2.3238	-0.0169	0.0306	0.0000	0.0300	-0.3041
2.3243	-0.0166	0.0306	-0.0000	0.0301	-0.3041
2.3248	-0.0166	0.0306	0.0000	0.0301	-0.3041
2.3253	-0.0167	0.0305	-0.0000	0.0301	-0.3041
2.3258	-0.0170	0.0306	0.0000	0.0301	-0.3041
2.3263	-0.0168	0.0306	-0.0000	0.0301	-0.3041
2.3268	-0.0169	0.0305	-0.0000	0.0301	-0.3041
2.3273	-0.0168	0.0306	-0.0000	0.0301	-0.3041
2.3278	-0.0170	0.0306	-0.0000	0.0301	-0.3041
2.3283	-0.0166	0.0305	0.0000	0.0301	-0.3041
2.3289	-0.0166	0.0305	-0.0000	0.0301	-0.3042
2.3294	-0.0169	0.0306	-0.0000	0.0301	-0.3041
2.3299	-0.0169	0.0306	0.0000	0.0301	-0.3041
2.3304	-0.0170	0.0306	-0.0000	0.0301	-0.3041
2.3309	-0.0166	0.0306	-0.0000	0.0301	-0.3041
2.3314	-0.0165	0.0306	0.0000	0.0301	-0.3041
2.3319	-0.0168	0.0306	-0.0000	0.0301	-0.3041
2.3324	-0.0167	0.0306	0.0000	0.0301	-0.3041
2.3329	-0.0165	0.0306	-0.0000	0.0301	-0.3042
2.3334	-0.0168	0.0306	-0.0000	0.0301	-0.3042
2.3339	-0.0168	0.0306	-0.0000	0.0301	-0.3041
2.3344	-0.0168	0.0306	-0.0000	0.0301	-0.3041
2.3349	-0.0168	0.0305	-0.0000	0.0301	-0.3042
2.3354	-0.0169	0.0306	-0.0000	0.0301	-0.3042
2.3359	-0.0164	0.0305	-0.0000	0.0301	-0.3042
2.3365	-0.0165	0.0306	-0.0000	0.0301	-0.3041
2.3370	-0.0166	0.0305	0.0000	0.0301	-0.3042
2.3375	-0.0167	0.0305	-0.0000	0.0301	-0.3042
2.3380	-0.0169	0.0305	-0.0000	0.0301	-0.3042
2.3385	-0.0169	0.0306	-0.0000	0.0301	-0.3042
2.3390	-0.0170	0.0306	0.0000	0.0301	-0.3042
2.3395	-0.0165	0.0306	-0.0000	0.0301	-0.3042
2.3400	-0.0168	0.0306	-0.0000	0.0301	-0.3042
2.3405	-0.0165	0.0305	-0.0000	0.0301	-0.3042
2.3410	-0.0168	0.0306	-0.0000	0.0301	-0.3042
2.3415	-0.0164	0.0306	0.0000	0.0301	-0.3042
2.3420	-0.0169	0.0306	-0.0000	0.0301	-0.3042
2.3425	-0.0167	0.0306	0.0000	0.0300	-0.3042
2.3430	-0.0170	0.0307	0.0000	0.0301	-0.3042
2.3435	-0.0167	0.0306	-0.0000	0.0301	-0.3043
2.3441	-0.0168	0.0306	0.0000	0.0301	-0.3043
2.3446	-0.0166	0.0306	-0.0000	0.0301	-0.3042
2.3451	-0.0169	0.0306	0.0000	0.0301	-0.3042
2.3456	-0.0169	0.0306	-0.0001	0.0301	-0.3042
2.3461	-0.0168	0.0306	-0.0000	0.0301	-0.3043
2.3466	-0.0166	0.0305	-0.0000	0.0301	-0.3043
2.3471	-0.0166	0.0306	0.0000	0.0301	-0.3042
2.3476	-0.0165	0.0305	0.0000	0.0301	-0.3042
2.3481	-0.0168	0.0306	0.0000	0.0301	-0.3043
2.3486	-0.0169	0.0306	-0.0000	0.0301	-0.3042
2.3491	-0.0169	0.0306	0.0000	0.0301	-0.3042
2.3496	-0.0168	0.0306	-0.0000	0.0301	-0.3043
2.3501	-0.0168	0.0305	-0.0000	0.0301	-0.3043
2.3506	-0.0166	0.0306	-0.0000	0.0301	-0.3042
2.3511	-0.0165	0.0306	0.0000	0.0301	-0.3043
2.3517	-0.0168	0.0306	0.0000	0.0301	-0.3043
2.3522	-0.0168	0.0306	0.0000	0.0300	-0.3042
2.3527	-0.0166	0.0305	0.0000	0.0301	-0.3043
2.3532	-0.0168	0.0306	-0.0000	0.0300	-0.3043
2.3537	-0.0168	0.0306	-0.0000	0.0300	-0.3043
2.3542	-0.0165	0.0306	-0.0000	0.0301	-0.3043
2.3547	-0.0166	0.0306	-0.0000	0.0301	-0.3042
2.3552	-0.0164	0.0305	-0.0000	0.0301	-0.3043
2.3557	-0.0165	0.0305	0.0000	0.0301	-0.3043
2.3562	-0.0165	0.0306	0.0000	0.0301	-0.3043
2.3567	-0.0166	0.0306	0.0000	0.0301	-0.3043
2.3572	-0.0165	0.0306	-0.0000	0.0301	-0.3042
2.3577	-0.0167	0.0306	-0.0000	0.0301	-0.3043
2.3582	-0.0165	0.0306	-0.0000	0.0301	-0.3043
2.3587	-0.0168	0.0305	0.0000	0.0301	-0.3043
2.3593	-0.0167	0.0305	-0.0000	0.0301	-0.3043
2.3598	-0.0164	0.0305	0.0000	0.0301	-0.3042
2.3603	-0.0162	0.0306	-0.0000	0.0301	-0.3042
2.3608	-0.0163	0.0305	-0.0000	0.0301	-0.3043
2.3613	-0.0164	0.0306	-0.0000	0.0301	-0.3042
2.3618	-0.0163	0.0305	-0.0000	0.0300	-0.3043
2.3623	-0.0163	0.0306	-0.0000	0.0301	-0.3042
2.3628	-0.0161	0.0306	-0.0000	0.0301	-0.3042
2.3633	-0.0162	0.0305	-0.0000	0.0300	-0.3042
2.3638	-0.0161	0.0305	-0.0000	0.0300	-0.3042
2.3643	-0.0163	0.0306	-0.0000	0.0301	-0.3042
2.3648	-0.0161	0.0305	-0.0000	0.0301	-0.3043
2.3653	-0.0162	0.0305	-0.0000	0.0300	-0.3042
2.3658	-0.0159	0.0305	-0.0001	0.0301	-0.3043
2.3663	-0.0160	0.0305	-0.0000	0.0301	-0.3042
2.3669	-0.0158	0.0304	0.0000	0.0301	-0.3042
2.3674	-0.0160	0.0305	-0.0000	0.0300	-0.3043
2.3679	-0.0157	0.0305	0.0000	0.0300	-0.3042
2.3684	-0.0159	0.0304	-0.0001	0.0301	-0.3043
2.3689	-0.0156	0.0305	-0.0001	0.0301	-0.3043
2.3694	-0.0158	0.0305	-0.0000	0.0300	-0.3042
2.3699	-0.0156	0.0305	-0.0000	0.0301	-0.3042
2.3704	-0.0158	0.0305	0.0000	0.0300	-0.3042
2.3709	-0.0156	0.0305	-0.0000	0.0300	-0.3043
2.3714	-0.0156	0.0305	-0.0000	0.0300	-0.3042
2.3719	-0.0155	0.0305	-0.0000	0.0300	-0.3042
2.3724	-0.0154	0.0305	-0.0000	0.0300	-0.3042
2.3729	-0.0154	0.0305	-0.0000	0.0300	-0.3042
2.3734	-0.0155	0.0305	0.0000	0.0300	-0.3042
2.3739	-0.0153	0.0305	0.0000	0.0300	-0.3042
2.3745	-0.0154	0.0305	-0.0001	0.0300	-0.3042
2.3750	-0.0153	0.0305	0.0000	0.0300	-0.3042
2.3755	-0.0153	0.0305	-0.0000	0.0300	-0.3041
2.3760	-0.0152	0.0305	-0.0000	0.0301	-0.3042
2.3765	-0.0151	0.0304	-0.0000	0.0300	-0.3041
2.3770	-0.0152	0.0304	-0.0000	0.0300	-0.3042
2.3775	-0.0151	0.0304	-0.0000	0.0300	-0.3041
2.3780	-0.0152	0.0304	-0.0000	0.0300	-0.3042
2.3785	-0.0150	0.0304	-0.0000	0.0300	-0.3042
2.3790	-0.0149	0.0304	-0.0000	0.0300	-0.3042
2.3795	-0.0150	0.0304	0.0000	0.0300	-0.3041
2.3800	-0.0150	0.0305	-0.0000	0.0300	-0.3041
2.3805	-0.0148	0.0305	-0.0000	0.0301	-0.3042
2.3810	-0.0151	0.0304	-0.0000	0.0300	-0.3041
2.3815	-0.0149	0.0304	0.0000	0.0300	-0.3041
2.3821	-0.0147	0.0304	-0.0000	0.0300	-0.3041
2.3826	-0.0148	0.0304	0.0000	0.0300	-0.3041
2.3831	-0.0144	0.0304	-0.0000	0.0300	-0.3041
2.3836	-0.0145	0.0304	0.0000	0.0299	-0.3041
2.3841	-0.0145	0.0303	-0.0000	0.0300	-0.3041
2.3846	-0.0145	0.0304	0.0000	0.0300	-0.3041
2.3851	-0.0145	0.0304	-0.0000	0.0300	-0.3041
2.3856	-0.0145	0.0304	0.0000	0.0300	-0.3041
2.3861	-0.0144	0.0303	-0.0000	0.0299	-0.3040
2.3866	-0.0142	0.0303	-0.0000	0.0300	-0.3041
2.3871	-0.0143	0.0304	-0.0000	0.0299	-0.3040
2.3876	-0.0142	0.0303	-0.0000	0.0299	-0.3040
2.3881	-0.0141	0.0304	0.0000	0.0299	-0.3040
2.3886	-0.0142	0.0304	0.0000	0.0299	-0.3040
2.3891	-0.0143	0.0304	-0.0000	0.0299	-0.3039
2.3897	-0.0138	0.0303	-0.0000	0.0299	-0.3040
2.3902	-0.0142	0.0303	-0.0000	0.0299	-0.3039
2.3907	-0.0139	0.0303	0.0000	0.0299	-0.3039
2.3912	-0.0141	0.0303	-0.0000	0.0299	-0.3038
2.3917	-0.0140	0.0303	0.0000	0.0299	-0.3038
2.3922	-0.0139	0.0303	-0.0000	0.0299	-0.3038
2.3927	-0.0137	0.0303	0.0000	0.0299	-0.3037
2.3932	-0.0137	0.0303	0.0000	0.0299	-0.3037
2.3937	-0.0135	0.0303	-0.0000	0.0299	-0.3036
2.3942	-0.0137	0.0303	0.0000	0.0299	-0.3036
2.3947	-0.0132	0.0303	0.0000	0.0299	-0.3036
2.3952	-0.0135	0.0303	0.0000	0.0299	-0.3035
2.3957	-0.0135	0.0303	-0.0000	0.0298	-0.3034
2.3962	-0.0133	0.0302	0.0000	0.0299	-0.3033
2.3967	-0.0133	0.0302	-0.0000	0.0299	-0.3031
2.3973	-0.0129	0.0302	-0.0000	0.0298	-0.3030
2.3978	-0.0132	0.0303	-0.0000	0.0298	-0.3030
2.3983	-0.0129	0.0302	-0.0000	0.0298	-0.3028
2.3988	-0.0132	0.0302	0.0000	0.0298	-0.3026
2.3993	-0.0127	0.0302	-0.0000	0.0298	-0.3024
2.3998	-0.0128	0.0302	0.0000	0.0298	-0.3021
2.4003	-0.0124	0.0301	0.0001	0.0298	-0.3016
2.4008	-0.0128	0.0301	-0.0000	0.0298	-0.3011
2.4013	-0.0123	0.0301	-0.0000	0.0298	-0.3004
2.4018	-0.0124	0.0301	-0.0000	0.0298	-0.2996
2.4023	-0.0123	0.0301	-0.0000	0.0298	-0.2979
2.4028	-0.0124	0.0301	-0.0000	0.0297	-0.2972
2.4033	-0.0122	0.0301	-0.0001	0.0297	-0.2933
2.4038	-0.0121	0.0300	-0.0000	0.0297	-0.2889
2.4043	-0.0119	0.0300	-0.0000	0.0298	-0.2816
2.4049	-0.0118	0.0300	0.0000	0.0297	-0.2608
2.4054	-0.0117	0.0301	0.0000	0.0297	-0.2604
2.4059	-0.0119	0.0300	-0.0000	0.0297	-0.2215
2.4064	-0.0116	0.0301	-0.0000	0.0297	-0.1804
2.4069	-0.0116	0.0300	0.0000	0.0297	-0.0734
2.4074	-0.0115	0.0300	-0.0000	0.0297	0.0834
2.4079	-0.0114	0.0300	-0.0000	0.0297	0.2085
2.4084	-0.0113	0.0300	-0.0000	0.0297	0.4119
2.4089	-0.0112	0.0300	0.0000	0.0297	0.7194
2.4094	-0.0112	0.0299	0.0000	0.0296	0.8802
2.4099	-0.0109	0.0299	0.0000	0.0296	0.9077
2.4104	-0.0111	0.0299	-0.0000	0.0296	0.9155
2.4109	-0.0107	0.0299	-0.0000	0.0297	0.9077
2.4114	-0.0106	0.0298	-0.0000	0.0296	0.2366
2.4119	-0.0104	0.0298	-0.0000	0.0296	-0.1406
2.4125	-0.0105	0.0298	-0.0000	0.0296	-0.2256
2.4130	-0.0102	0.0298	-0.0000	0.0296	-0.2742
2.4135	-0.0104	0.0298	-0.0000	0.0296	-0.2819
2.4140	-0.0101	0.0298	-0.0000	0.0296	-0.2882
2.4145	-0.0102	0.0298	-0.0000	0.0295	-0.2944
2.4150	-0.0100	0.0298	0.0000	0.0296	-0.2945
2.4155	-0.0101	0.0298	-0.0000	0.0296	-0.2970
2.4160	-0.0100	0.0298	-0.0000	0.0295	-0.2983
2.4165	-0.0100	0.0298	-0.0000	0.0295	-0.2996
2.4170	-0.0099	0.0298	-0.0000	0.0295	-0.3001
2.4175	-0.0096	0.0297	0.0000	0.0294	-0.3004
2.4180	-0.0095	0.0297	-0.0000	0.0295	-0.3011
2.4185	-0.0094	0.0297	0.0000	0.0295	-0.3014
2.4190	-0.0094	0.0297	0.0000	0.0294	-0.3017
2.4195	-0.0091	0.0297	-0.0000	0.0295	-0.3019
2.4201	-0.0091	0.0297	-0.0000	0.0294	-0.3021
2.4206	-0.0091	0.0297	-0.0000	0.0294	-0.3024
2.4211	-0.0091	0.0296	-0.0000	0.0295	-0.3025
2.4216	-0.0088	0.0296	-0.0000	0.0294	-0.3027
2.4221	-0.0086	0.0296	-0.0000	0.0294	-0.3028
2.4226	-0.0086	0.0296	-0.0000	0.0294	-0.3029
2.4231	-0.0084	0.0295	0.0000	0.0294	-0.3030
2.4236	-0.0083	0.0296	-0.0000	0.0293	-0.3031
2.4241	-0.0083	0.0295	-0.0000	0.0293	-0.3032
2.4246	-0.0080	0.0295	0.0000	0.0293	-0.3033
2.4251	-0.0079	0.0295	-0.0000	0.0293	-0.3034
2.4256	-0.0078	0.0295	-0.0000	0.0293	-0.3034
2.4261	-0.0077	0.0294	-0.0000	0.0293	-0.3036
2.4266	-0.0077	0.0295	-0.0000	0.0292	-0.3035
2.4271	-0.0076	0.0295	0.0000	0.0293	-0.3036
2.4277	-0.0075	0.0294	-0.0000	0.0293	-0.3037
2.4282	-0.0073	0.0294	-0.0000	0.0292	-0.3037
2.4287	-0.0071	0.0294	-0.0000	0.0292	-0.3038
2.4292	-0.0071	0.0293	-0.0000	0.0292	-0.3038
2.4297	-0.0070	0.0293	-0.0001	0.0292	-0.3039
2.4302	-0.0070	0.0293	0.0000	0.0292	-0.3039
2.4307	-0.0068	0.0293	-0.0000	0.0292	-0.3039
2.4312	-0.0066	0.0293	-0.0000	0.0291	-0.3039
2.4317	-0.0066	0.0293	-0.0000	0.0291	-0.3039
2.4322	-0.0064	0.0292	-0.0000	0.0292	-0.3039
2.4327	-0.0064	0.0292	-0.0000	0.0291	-0.3039
2.4332	-0.0062	0.0292	-0.0001	0.0291	-0.3040
2.4337	-0.0060	0.0292	-0.0000	0.0291	-0.3040
2.4342	-0.0058	0.0291	-0.0000	0.0290	-0.3040
2.4347	-0.0059	0.0292	-0.0000	0.0290	-0.3041
2.4353	-0.0057	0.0291	-0.0000	0.0290	-0.3040
2.4358	-0.0056	0.0291	-0.0000	0.0290	-0.3041
2.4363	-0.0054	0.0291	-0.0001	0.0290	-0.3041
2.4368	-0.0053	0.0290	-0.0000	0.0290	-0.3040
2.4373	-0.0051	0.0290	-0.0001	0.0290	-0.3041
2.4378	-0.0049	0.0290	-0.0000	0.0289	-0.3040
2.4383	-0.0048	0.0290	-0.0000	0.0289	-0.3041
2.4388	-0.0048	0.0290	-0.0000	0.0289	-0.3041
2.4393	-0.0046	0.0289	0.0000	0.0289	-0.3042
2.4398	-0.0045	0.0289	-0.0000	0.0289	-0.3041
2.4403	-0.0043	0.0288	-0.0000	0.0288	-0.3041
2.4408	-0.0043	0.0289	-0.0000	0.0289	-0.3041
2.4413	-0.0040	0.0288	-0.0001	0.0288	-0.3042
2.4418	-0.0038	0.0288	-0.0000	0.0288	-0.3041
2.4423	-0.0036	0.0288	-0.0000	0.0288	-0.3041
2.4429	-0.0034	0.0288	0.0000	0.0288	-0.3041
2.4434	-0.0032	0.0287	-0.0000	0.0288	-0.3041
2.4439	-0.0029	0.0287	-0.0000	0.0288	-0.3041
2.4444	-0.0029	0.0287	-0.0000	0.0287	-0.3041
2.4449	-0.0027	0.0286	-0.0000	0.0286	-0.3042
2.4454	-0.0027	0.0287	-0.0001	0.0287	-0.3042
2.4459	-0.0023	0.0287	-0.0000	0.0286	-0.3041
2.4464	-0.0023	0.0286	-0.0000	0.0286	-0.3042
2.4469	-0.0020	0.0286	-0.0000	0.0286	-0.3042
2.4474	-0.0018	0.0285	-0.0000	0.0286	-0.3042
2.4479	-0.0018	0.0285	-0.0000	0.0286	-0.3042
2.4484	-0.0015	0.0285	-0.0000	0.0286	-0.3042
2.4489	-0.0012	0.0284	0.0000	0.0285	-0.3042
2.4494	-0.0011	0.0284	-0.0000	0.0285	-0.3042
2.4499	-0.0009	0.0284	-0.0000	0.0285	-0.3043
2.4505	-0.0007	0.0283	-0.0000	0.0285	-0.3043
2.4510	-0.0003	0.0283	0.0000	0.0284	-0.3042
2.4515	-0.0003	0.0283	0.0000	0.0284	-0.3042
2.4520	0.0001	0.0282	-0.0000	0.0284	-0.3042
2.4525	0.0001	0.0282	-0.0000	0.0283	-0.3042
2.4530	0.0003	0.0282	0.0000	0.0283	-0.3042
2.4535	0.0003	0.0282	-0.0000	0.0283	-0.3042
2.4540	0.0006	0.0282	-0.0000	0.0283	-0.3042
2.4545	0.0008	0.0281	-0.0000	0.0282	-0.3042
2.4550	0.0010	0.0281	-0.0001	0.0283	-0.3043
2.4555	0.0011	0.0281	-0.0000	0.0282	-0.3043
2.4560	0.0013	0.0281	0.0000	0.0282	-0.3043
2.4565	0.0016	0.0280	-0.0000	0.0282	-0.3043
2.4570	0.0015	0.0280	0.0000	0.0281	-0.3042
2.4575	0.0020	0.0279	-0.0000	0.0281	-0.3042
2.4581	0.0021	0.0279	0.0000	0.0281	-0.3043
2.4586	0.0024	0.0278	0.0000	0.0280	-0.3043
2.4591	0.0027	0.0278	-0.0000	0.0280	-0.3043
2.4596	0.0029	0.0278	-0.0000	0.0280	-0.3042
2.4601	0.0031	0.0278	-0.0000	0.0280	-0.3042
2.4606	0.0032	0.0277	-0.0000	0.0279	-0.3042
2.4611	0.0034	0.0277	-0.0000	0.0279	-0.3043
2.4616	0.0037	0.0276	0.0000	0.0279	-0.3042
2.4621	0.0038	0.0276	0.0000	0.0279	-0.3042
2.4626	0.0040	0.0276	0.0000	0.0279	-0.3042
2.4631	0.0042	0.0275	-0.0000	0.0278	-0.3043
2.4636	0.0046	0.0275	-0.0000	0.0278	-0.3043
2.4641	0.0046	0.0275	-0.0000	0.0278	-0.3043
2.4646	0.0049	0.0274	-0.0000	0.0277	-0.3043
2.4651	0.0049	0.0274	0.0000	0.0277	-0.3042
2.4657	0.0053	0.0274	0.0000	0.0277	-0.3042
2.4662	0.0053	0.0274	-0.0000	0.0276	-0.3043
2.4667	0.0055	0.0273	-0.0000	0.0276	-0.3042
2.4672	0.0057	0.0273	-0.0000	0.0276	-0.3043
2.4677	0.0059	0.0273	-0.0000	0.0276	-0.3043
2.4682	0.0061	0.0272	-0.0000	0.0276	-0.3043
2.4687	0.0064	0.0272	0.0000	0.0275	-0.3042
2.4692	0.0063	0.0272	-0.0000	0.0275	-0.3043
2.4697	0.0066	0.0271	-0.0001	0.0275	-0.3043
2.4702	0.0068	0.0271	0.0000	0.0274	-0.3043
2.4707	0.0072	0.0270	-0.0000	0.0274	-0.3043
2.4712	0.0073	0.0270	0.0000	0.0274	-0.3043
2.4717	0.0075	0.0270	0.0000	0.0274	-0.3043
2.4722	0.0076	0.0269	-0.0000	0.0273	-0.3042
2.4727	0.0079	0.0269	-0.0000	0.0273	-0.3042
2.4733	0.0082	0.0268	-0.0001	0.0273	-0.3042
2.4738	0.0083	0.0268	-0.0000	0.0272	-0.3042
2.4743	0.0084	0.0268	-0.0001	0.0272	-0.3042
2.4748	0.0087	0.0267	-0.0000	0.0272	-0.3043
2.4753	0.0089	0.0267	0.0000	0.0271	-0.3043
2.4758	0.0092	0.0267	-0.0000	0.0271	-0.3043
2.4763	0.0094	0.0266	-0.0000	0.0271	-0.3043
2.4768	0.0096	0.0266	0.0000	0.0270	-0.3042
2.4773	0.0100	0.0265	-0.0000	0.0270	-0.3042
2.4778	0.0101	0.0265	-0.0000	0.0269	-0.3043
2.4783	0.0105	0.0264	-0.0000	0.0269	-0.3043
2.4788	0.0107	0.0264	0.0000	0.0268	-0.3042
2.4793	0.0107	0.0264	0.0000	0.0268	-0.3043
2.4798	0.0110	0.0263	-0.0000	0.0268	-0.3042
2.4803	0.0112	0.0263	-0.0000	0.0268	-0.3043
2.4809	0.0114	0.0262	-0.0000	0.0268	-0.3043
2.4814	0.0119	0.0262	-0.0000	0.0267	-0.3042
2.4819	0.0119	0.0262	0.0000	0.0267	-0.3042
2.4824	0.0120	0.0261	0.0000	0.0266	-0.3042
2.4829	0.0124	0.0261	-0.0000	0.0266	-0.3042
2.4834	0.0124	0.0261	-0.0000	0.0266	-0.3042
2.4839	0.0127	0.0260	-0.0000	0.0265	-0.3042
2.4844	0.0128	0.0260	-0.0000	0.0265	-0.3042
2.4849	0.0130	0.0259	-0.0000	0.0265	-0.3042
2.4854	0.0132	0.0259	-0.0000	0.0264	-0.3042
2.4859	0.0136	0.0258	-0.0000	0.0264	-0.3042
2.4864	0.0138	0.0257	-0.0000	0.0264	-0.3042
2.4869	0.0138	0.0257	-0.0000	0.0264	-0.3042
2.4874	0.0144	0.0257	-0.0000	0.0263	-0.3042
2.4879	0.0143	0.0256	-0.0000	0.0263	-0.3042
2.4885	0.0147	0.0256	0.0000	0.0263	-0.3041
2.4890	0.0145	0.0256	-0.0000	0.0262	-0.3041
2.4895	0.0151	0.0255	0.0000	0.0262	-0.3042
2.4900	0.0152	0.0255	0.0000	0.0262	-0.3042
2.4905	0.0156	0.0254	0.0000	0.0261	-0.3042
2.4910	0.0154	0.0254	0.0000	0.0261	-0.3041
2.4915	0.0160	0.0254	-0.0000	0.0260	-0.3041
2.4920	0.0160	0.0253	-0.0000	0.0260	-0.3041
2.4925	0.0163	0.0253	-0.0000	0.0260	-0.3041
2.4930	0.0165	0.0252	-0.0000	0.0259	-0.3041
2.4935	0.0169	0.0252	-0.0000	0.0259	-0.3041
2.4940	0.0168	0.0251	-0.0000	0.0258	-0.3041
2.4945	0.0172	0.0251	-0.0000	0.0258	-0.3042
2.4950	0.0173	0.0251	0.0000	0.0257	-0.3041
2.4955	0.0176	0.0250	-0.0000	0.0257	-0.3041
2.4961	0.0178	0.0250	0.0000	0.0257	-0.3041
2.4966	0.0180	0.0249	0.0000	0.0256	-0.3040
2.4971	0.0185	0.0248	0.0000	0.0256	-0.3040
2.4976	0.0186	0.0248	-0.0000	0.0256	-0.3040
2.4981	0.0189	0.0247	-0.0000	0.0256	-0.3040
2.4986	0.0187	0.0247	-0.0000	0.0255	-0.3040
2.4991	0.0192	0.0246	-0.0000	0.0255	-0.3039
2.4996	0.0193	0.0246	-0.0000	0.0254	-0.3040
2.5001	0.0198	0.0245	-0.0000	0.0254	-0.3040
2.5006	0.0197	0.0245	-0.0000	0.0254	-0.3039
2.5011	0.0202	0.0245	-0.0000	0.0253	-0.3039
2.5016	0.0202	0.0245	-0.0000	0.0252	-0.3039
2.5021	0.0207	0.0243	-0.0000	0.0252	-0.3038
2.5026	0.0206	0.0243	-0.0000	0.0251	-0.3038
2.5031	0.0212	0.0243	-0.0000	0.0251	-0.3038
2.5037	0.0210	0.0242	-0.0000	0.0251	-0.3038
2.5042	0.0215	0.0242	-0.0000	0.0251	-0.3038
2.5047	0.0215	0.0242	-0.0000	0.0250	-0.3037
2.5052	0.0220	0.0241	-0.0000	0.0249	-0.3036
2.5057	0.0219	0.0240	0.0000	0.0249	-0.3036
2.5062	0.0222	0.0240	-0.0000	0.0249	-0.3035
2.5067	0.0223	0.0240	-0.0000	0.0248	-0.3035
2.5072	0.0226	0.0239	0.0000	0.0248	-0.3034
2.5077	0.0227	0.0238	-0.0000	0.0248	-0.3034
2.5082	0.0231	0.0238	-0.0000	0.0247	-0.3032
2.5087	0.0233	0.0237	-0.0000	0.0246	-0.3031
2.5092	0.0234	0.0237	-0.0000	0.0247	-0.3031
2.5097	0.0235	0.0236	-0.0000	0.0246	-0.3029
2.5102	0.0237	0.0236	-0.0000	0.0245	-0.3028
2.5107	0.0241	0.0235	-0.0000	0.0245	-0.3025
2.5113	0.0240	0.0235	-0.0000	0.0245	-0.3025
2.5118	0.0244	0.0234	0.0000	0.0244	-0.3021
2.5123	0.0246	0.0234	-0.0001	0.0244	-0.3017
2.5128	0.0247	0.0234	-0.0000	0.0244	-0.3014
2.5133	0.0248	0.0234	-0.0000	0.0243	-0.3008
2.5138	0.0251	0.0233	-0.0000	0.0243	-0.3004
2.5143	0.0252	0.0233	-0.0001	0.0243	-0.2995
2.5148	0.0254	0.0232	-0.0000	0.0242	-0.2987
2.5153	0.0256	0.0232	-0.0000	0.0241	-0.2969
2.5158	0.0259	0.0231	-0.0000	0.0241	-0.2927
2.5163	0.0259	0.0230	0.0000	0.0240	-0.2869
2.5168	0.0260	0.0230	-0.0000	0.0240	-0.2814
2.5173	0.0263	0.0230	-0.0000	0.0240	-0.2726
2.5178	0.0265	0.0229	-0.0000	0.0240	-0.2421
2.5183	0.0267	0.0228	-0.0000	0.0239	-0.1857
2.5189	0.0270	0.0228	-0.0000	0.0239	-0.1095
2.5194	0.0271	0.0227	-0.0000	0.0239	-0.0055
2.5199	0.0272	0.0227	-0.0000	0.0238	0.1252
2.5204	0.0275	0.0227	-0.0000	0.0238	0.3386
2.5209	0.0275	0.0226	-0.0000	0.0237	0.5422
2.5214	0.0278	0.0226	-0.0000	0.0237	0.8380
2.5219	0.0281	0.0225	-0.0000	0.0236	0.9145
2.5224	0.0282	0.0225	-0.0000	0.0236	0.9495
2.5229	0.0283	0.0224	0.0000	0.0235	1.0457
2.5234	0.0286	0.0224	-0.0000	0.0235	0.5284
2.5239	0.0288	0.0223	-0.0001	0.0235	0.0280
2.5244	0.0288	0.0223	-0.0000	0.0234	-0.1780
2.5249	0.0291	0.0222	-0.0000	0.0234	-0.2630
2.5254	0.0293	0.0222	-0.0000	0.0232	-0.2798
2.5259	0.0296	0.0221	-0.0001	0.0233	-0.2907
2.5265	0.0297	0.0221	-0.0000	0.0233	-0.2944
2.5270	0.0299	0.0220	-0.0000	0.0232	-0.2965
2.5275	0.0300	0.0220	-0.0000	0.0232	-0.2980
2.5280	0.0302	0.0219	-0.0000	0.0231	-0.2988
2.5285	0.0301	0.0219	-0.0000	0.0231	-0.2996
2.5290	0.0304	0.0218	-0.0000	0.0230	-0.3002
2.5295	0.0305	0.0218	0.0000	0.0230	-0.3009
2.5300	0.0309	0.0217	-0.0000	0.0229	-0.3015
2.5305	0.0310	0.0216	-0.0000	0.0229	-0.3019
2.5310	0.0314	0.0216	-0.0001	0.0229	-0.3020
2.5315	0.0311	0.0216	-0.0000	0.0227	-0.3021
2.5320	0.0316	0.0215	-0.0000	0.0228	-0.3025
2.5325	0.0318	0.0215	-0.0000	0.0227	-0.3027
2.5330	0.0319	0.0214	-0.0000	0.0226	-0.3028
2.5335	0.0320	0.0214	-0.0001	0.0226	-0.3029
2.5341	0.0322	0.0213	0.0000	0.0225	-0.3030
2.5346	0.0324	0.0212	-0.0001	0.0225	-0.3032
2.5351	0.0325	0.0212	-0.0000	0.0225	-0.3033
2.5356	0.0327	0.0212	-0.0000	0.0224	-0.3033
2.5361	0.0329	0.0211	-0.0001	0.0224	-0.3034
2.5366	0.0330	0.0211	0.0000	0.0224	-0.3035
2.5371	0.0332	0.0210	-0.0000	0.0223	-0.3035
2.5376	0.0333	0.0210	-0.0000	0.0223	-0.3036
2.5381	0.0335	0.0209	-0.0001	0.0222	-0.3036
2.5386	0.0337	0.0208	-0.0000	0.0222	-0.3038
2.5391	0.0339	0.0208	-0.0001	0.0221	-0.3037
2.5396	0.0340	0.0208	0.0000	0.0221	-0.3038
2.5401	0.0342	0.0208	-0.0000	0.0220	-0.3038
2.5406	0.0344	0.0207	-0.0000	0.0220	-0.3038
2.5411	0.0344	0.0207	0.0000	0.0220	-0.3038
2.5417	0.0346	0.0206	-0.0000	0.0219	-0.3038
2.5422	0.0347	0.0206	-0.0000	0.0219	-0.3039
2.5427	0.0347	0.0206	-0.0000	0.0219	-0.3040
2.5432	0.0349	0.0205	-0.0001	0.0219	-0.3040
2.5437	0.0349	0.0205	-0.0000	0.0218	-0.3040
2.5442	0.0351	0.0205	-0.0000	0.0217	-0.3039
2.5447	0.0352	0.0204	-0.0000	0.0218	-0.3040
2.5452	0.0356	0.0203	-0.0000	0.0217	-0.3041
2.5457	0.0355	0.0203	-0.0000	0.0217	-0.3040
2.5462	0.0357	0.0203	0.0000	0.0217	-0.3041
2.5467	0.0358	0.0202	-0.0000	0.0216	-0.3040
2.5472	0.0359	0.0202	-0.0000	0.0216	-0.3041
2.5477	0.0361	0.0202	0.0000	0.0216	-0.3041
2.5482	0.0360	0.0201	0.0000	0.0215	-0.3041
2.5487	0.0362	0.0201	-0.0000	0.0215	-0.3041
2.5493	0.0364	0.0200	0.0000	0.0214	-0.3041
2.5498	0.0363	0.0200	-0.0001	0.0214	-0.3041
2.5503	0.0366	0.0200	-0.0000	0.0213	-0.3041
2.5508	0.0370	0.0199	-0.0000	0.0213	-0.3041
2.5513	0.0370	0.0199	-0.0000	0.0212	-0.3041
2.5518	0.0371	0.0199	0.0000	0.0212	-0.3042
2.5523	0.0373	0.0198	-0.0000	0.0212	-0.3041
2.5528	0.0374	0.0198	-0.0001	0.0212	-0.3041
2.5533	0.0375	0.0197	-0.0000	0.0211	-0.3041
2.5538	0.0377	0.0197	-0.0000	0.0211	-0.3042
2.5543	0.0378	0.0197	-0.0000	0.0211	-0.3041
2.5548	0.0381	0.0196	-0.0000	0.0210	-0.3041
2.5553	0.0381	0.0196	-0.0000	0.0210	-0.3042
2.5558	0.0383	0.0195	-0.0000	0.0209	-0.3042
2.5563	0.0382	0.0195	-0.0000	0.0209	-0.3042
2.5569	0.0387	0.0195	-0.0001	0.0209	-0.3041
2.5574	0.0385	0.0194	-0.0001	0.0209	-0.3042
2.5579	0.0390	0.0194	-0.0000	0.0209	-0.3042
2.5584	0.0388	0.0193	-0.0000	0.0209	-0.3042
2.5589	0.0392	0.0193	-0.0001	0.0208	-0.3042
2.5594	0.0391	0.0193	-0.0001	0.0207	-0.3042
2.5599	0.0393	0.0192	-0.0000	0.0208	-0.3042
2.5604	0.0394	0.0192	-0.0000	0.0207	-0.3042
2.5609	0.0397	0.0191	-0.0000	0.0207	-0.3042
2.5614	0.0397	0.0192	-0.0000	0.0206	-0.3043
2.5619	0.0398	0.0191	-0.0000	0.0206	-0.3042
2.5624	0.0399	0.0191	-0.0000	0.0206	-0.3043
2.5629	0.0402	0.0190	-0.0000	0.0206	-0.3042
2.5634	0.0403	0.0190	-0.0000	0.0205	-0.3043
2.5639	0.0406	0.0190	-0.0000	0.0205	-0.3043
2.5645	0.0407	0.0190	-0.0000	0.0206	-0.3042
2.5650	0.0410	0.0189	-0.0000	0.0205	-0.3042
2.5655	0.0411	0.0189	-0.0000	0.0204	-0.3043
2.5660	0.0412	0.0189	-0.0000	0.0205	-0.3043
2.5665	0.0414	0.0189	-0.0000	0.0204	-0.3043
2.5670	0.0415	0.0188	-0.0000	0.0204	-0.3042
2.5675	0.0420	0.0188	-0.0000	0.0203	-0.3042
2.5680	0.0419	0.0188	-0.0000	0.0204	-0.3042
2.5685	0.0421	0.0187	-0.0000	0.0203	-0.3043
2.5690	0.0422	0.0188	0.0000	0.0203	-0.3043
2.5695	0.0426	0.0187	-0.0000	0.0203	-0.3043
2.5700	0.0428	0.0187	-0.0000	0.0203	-0.3043
2.5705	0.0432	0.0186	-0.0000	0.0203	-0.3043
2.5710	0.0432	0.0186	-0.0000	0.0202	-0.3042
2.5715	0.0435	0.0186	0.0000	0.0202	-0.3043
2.5721	0.0437	0.0186	-0.0000	0.0202	-0.3042
2.5726	0.0441	0.0185	-0.0000	0.0202	-0.3043
2.5731	0.0443	0.0185	-0.0000	0.0202	-0.3043
2.5736	0.0447	0.0184	-0.0000	0.0202	-0.3043
2.5741	0.0447	0.0184	-0.0000	0.0202	-0.3043
2.5746	0.0454	0.0184	-0.0001	0.0201	-0.3043
2.5751	0.0454	0.0184	0.0000	0.0201	-0.3043
2.5756	0.0460	0.0184	-0.0000	0.0202	-0.3043
2.5761	0.0464	0.0184	0.0000	0.0201	-0.3043
2.5766	0.0469	0.0183	-0.0000	0.0201	-0.3043
2.5771	0.0472	0.0183	-0.0000	0.0201	-0.3042
2.5776	0.0475	0.0183	-0.0000	0.0200	-0.3042
2.5781	0.0483	0.0183	-0.0000	0.0201	-0.3042
2.5786	0.0486	0.0183	-0.0000	0.0201	-0.3042
2.5791	0.0492	0.0182	-0.0000	0.0201	-0.3042
2.5797	0.0498	0.0182	-0.0000	0.0200	-0.3043
2.5802	0.0507	0.0181	0.0000	0.0200	-0.3042
2.5807	0.0513	0.0182	0.0000	0.0201	-0.3042
2.5812	0.0518	0.0181	-0.0000	0.0201	-0.3042
2.5817	0.0527	0.0181	-0.0001	0.0201	-0.3043
2.5822	0.0533	0.0180	-0.0000	0.0201	-0.3043
2.5827	0.0543	0.0181	-0.0000	0.0201	-0.3042
2.5832	0.0552	0.0180	-0.0000	0.0201	-0.3043
2.5837	0.0566	0.0180	0.0000	0.0201	-0.3043
2.5842	0.0572	0.0180	-0.0000	0.0201	-0.3042
2.5847	0.0579	0.0180	-0.0000	0.0202	-0.3042
2.5852	0.0593	0.0180	-0.0000	0.0202	-0.3042
2.5857	0.0606	0.0180	-0.0000	0.0202	-0.3043
2.5862	0.0625	0.0180	-0.0000	0.0203	-0.3042
2.5867	0.0644	0.0180	-0.0001	0.0204	-0.3042
2.5873	0.0668	0.0179	-0.0000	0.0204	-0.3043
2.5878	0.0682	0.0179	-0.0000	0.0205	-0.3043
2.5883	0.0719	0.0179	-0.0000	0.0206	-0.3043
2.5888	0.0739	0.0179	-0.0001	0.0206	-0.3043
2.5893	0.0773	0.0179	0.0000	0.0207	-0.3043
2.5898	0.0810	0.0178	-0.0000	0.0208	-0.3043
2.5903	0.0842	0.0179	-0.0000	0.0210	-0.3043
2.5908	0.0879	0.0179	-0.0000	0.0211	-0.3042
2.5913	0.0895	0.0178	-0.0000	0.0211	-0.3042
2.5918	0.0901	0.0178	0.0000	0.0212	-0.3043
2.5923	0.0896	0.0178	-0.0000	0.0212	-0.3042
2.5928	0.0882	0.0178	-0.0000	0.0211	-0.3042
2.5933	0.0864	0.0178	-0.0000	0.0210	-0.3043
2.5938	0.0857	0.0178	0.0000	0.0210	-0.3042
2.5943	0.0854	0.0177	-0.0000	0.0209	-0.3042
2.5949	0.0852	0.0177	-0.0000	0.0209	-0.3042
2.5954	0.0857	0.0178	-0.0000	0.0208	-0.3042
2.5959	0.0865	0.0177	-0.0000	0.0209	-0.3043
2.5964	0.0872	0.0177	-0.0000	0.0209	-0.3042
2.5969	0.0890	0.0178	-0.0000	0.0210	-0.3042
2.5974	0.0902	0.0177	-0.0000	0.0211	-0.3042
2.5979	0.0925	0.0177	-0.0001	0.0211	-0.3042
2.5984	0.0957	0.0177	-0.0000	0.0212	-0.3042
2.5989	0.0995	0.0177	0.0000	0.0214	-0.3042
2.5994	0.1050	0.0177	-0.0000	0.0216	-0.3042
2.5999	0.1091	0.0177	0.0000	0.0217	-0.3042
2.6004	0.1166	0.0177	-0.0000	0.0219	-0.3042
2.6009	0.1231	0.0177	-0.0000	0.0222	-0.3042
2.6014	0.1287	0.0177	0.0000	0.0223	-0.3041
2.6019	0.1389	0.0177	-0.0000	0.0227	-0.3042
2.6025	0.1450	0.0177	-0.0000	0.0230	-0.3042
2.6030	0.1550	0.0177	-0.0000	0.0234	-0.3042
2.6035	0.1625	0.0177	-0.0000	0.0236	-0.3042
2.6040	0.1644	0.0177	0.0000	0.0237	-0.3041
2.6045	0.1636	0.0177	-0.0000	0.0236	-0.3041
2.6050	0.1602	0.0177	-0.0000	0.0235	-0.3041
2.6055	0.1569	0.0177	-0.0000	0.0233	-0.3041
2.6060	0.1551	0.0177	0.0000	0.0233	-0.3041
2.6065	0.1543	0.0177	-0.0000	0.0232	-0.3041
2.6070	0.1557	0.0176	-0.0000	0.0233	-0.3041
2.6075	0.1573	0.0177	0.0000	0.0234	-0.3041
2.6080	0.1582	0.0176	0.0000	0.0234	-0.3041
2.6085	0.1588	0.0177	-0.0000	0.0234	-0.3040
2.6090	0.1584	0.0176	0.0000	0.0234	-0.3041
2.6095	0.1542	0.0177	-0.0000	0.0232	-0.3040
2.6101	0.1489	0.0176	-0.0001	0.0230	-0.3040
2.6106	0.1454	0.0176	-0.0000	0.0230	-0.3040
2.6111	0.1366	0.0176	-0.0000	0.0226	-0.3039
2.6116	0.1304	0.0176	0.0000	0.0224	-0.3039
2.6121	0.1257	0.0177	-0.0000	0.0222	-0.3039
2.6126	0.1231	0.0176	-0.0000	0.0221	-0.3039
2.6131	0.1227	0.0176	-0.0000	0.0221	-0.3039
2.6136	0.1244	0.0176	0.0000	0.0221	-0.3038
2.6141	0.1254	0.0176	-0.0001	0.0222	-0.3038
2.6146	0.1293	0.0176	0.0000	0.0223	-0.3037
2.6151	0.1311	0.0177	-0.0000	0.0224	-0.3038
2.6156	0.1325	0.0176	0.0000	0.0225	-0.3037
2.6161	0.1330	0.0177	0.0000	0.0224	-0.3036
2.6166	0.1346	0.0176	0.0000	0.0225	-0.3036
2.6171	0.1376	0.0176	-0.0000	0.0227	-0.3034
2.6177	0.1400	0.0176	-0.0001	0.0227	-0.3035
2.6182	0.1476	0.0176	-0.0000	0.0230	-0.3034
2.6187	0.1512	0.0177	0.0000	0.0232	-0.3033
2.6192	0.1552	0.0177	-0.0000	0.0233	-0.3032
2.6197	0.1592	0.0176	0.0000	0.0234	-0.3031
2.6202	0.1600	0.0177	0.0000	0.0234	-0.3030
2.6207	0.1549	0.0177	-0.0000	0.0233	-0.3029
2.6212	0.1456	0.0176	-0.0000	0.0230	-0.3028
2.6217	0.1378	0.0176	-0.0000	0.0227	-0.3026
2.6222	0.1278	0.0176	-0.0000	0.0224	-0.3025
2.6227	0.1137	0.0177	0.0000	0.0219	-0.3021
2.6232	0.1057	0.0177	0.0000	0.0216	-0.3018
2.6237	0.0974	0.0177	0.0000	0.0213	-0.3014
2.6242	0.0902	0.0177	-0.0000	0.0210	-0.3009
2.6247	0.0821	0.0177	-0.0001	0.0207	-0.3003
2.6253	0.0758	0.0177	-0.0000	0.0205	-0.2995
2.6258	0.0712	0.0177	-0.0000	0.0204	-0.2987
2.6263	0.0673	0.0177	-0.0000	0.0202	-0.2976
2.6268	0.0653	0.0177	-0.0000	0.0201	-0.2963
2.6273	0.0637	0.0177	-0.0000	0.0201	-0.2931
2.6278	0.0627	0.0177	-0.0000	0.0200	-0.2863
2.6283	0.0621	0.0178	-0.0000	0.0200	-0.2794
2.6288	0.0609	0.0178	0.0000	0.0200	-0.2643
2.6293	0.0599	0.0178	0.0000	0.0200	-0.2307
2.6298	0.0591	0.0178	-0.0000	0.0200	-0.1912
2.6303	0.0580	0.0178	-0.0000	0.0199	-0.1229
2.6308	0.0563	0.0178	0.0000	0.0199	0.0796
2.6313	0.0553	0.0178	-0.0000	0.0198	0.2796
2.6318	0.0541	0.0178	0.0000	0.0198	0.5165
2.6323	0.0529	0.0178	0.0000	0.0198	0.8519
2.6329	0.0523	0.0179	-0.0000	0.0198	0.9119
2.6334	0.0513	0.0179	-0.0000	0.0198	0.9369
2.6339	0.0508	0.0178	-0.0000	0.0198	0.9841
2.6344	0.0500	0.0179	-0.0000	0.0197	0.9766
2.6349	0.0490	0.0179	0.0000	0.0197	0.1130
2.6354	0.0485	0.0179	-0.0000	0.0198	-0.0707
2.6359	0.0477	0.0180	-0.0000	0.0197	-0.2251
2.6364	0.0474	0.0179	-0.0000	0.0197	-0.2561
2.6369	0.0464	0.0180	-0.0000	0.0198	-0.2859
2.6374	0.0459	0.0180	0.0000	0.0197	-0.2897
2.6379	0.0454	0.0180	-0.0000	0.0197	-0.2939
2.6384	0.0451	0.0180	-0.0000	0.0197	-0.2958
2.6389	0.0443	0.0181	-0.0000	0.0197	-0.2977
2.6394	0.0442	0.0181	-0.0000	0.0197	-0.2984
2.6399	0.0437	0.0181	-0.0000	0.0197	-0.2991
2.6405	0.0430	0.0181	-0.0000	0.0198	-0.3001
2.6410	0.0428	0.0181	-0.0000	0.0198	-0.3006
2.6415	0.0424	0.0181	-0.0000	0.0198	-0.3009
2.6420	0.0419	0.0182	0.0000	0.0198	-0.3015
2.6425	0.0415	0.0182	0.0000	0.0198	-0.3017
2.6430	0.0412	0.0183	-0.0000	0.0198	-0.3020
2.6435	0.0411	0.0182	-0.0000	0.0198	-0.3021
2.6440	0.0404	0.0183	-0.0000	0.0198	-0.3024
2.6445	0.0402	0.0182	0.0000	0.0198	-0.3025
2.6450	0.0398	0.0184	-0.0000	0.0198	-0.3027
2.6455	0.0395	0.0183	-0.0000	0.0198	-0.3028
2.6460	0.0394	0.0183	0.0000	0.0198	-0.3030
2.6465	0.0388	0.0183	0.0000	0.0198	-0.3031
2.6470	0.0386	0.0184	-0.0000	0.0198	-0.3031
2.6475	0.0385	0.0184	0.0000	0.0198	-0.3033
2.6481	0.0380	0.0185	-0.0000	0.0199	-0.3034
2.6486	0.0381	0.0185	-0.0000	0.0200	-0.3035
2.6491	0.0377	0.0185	-0.0000	0.0199	-0.3035
2.6496	0.0374	0.0185	-0.0000	0.0200	-0.3036
2.6501	0.0373	0.0185	-0.0000	0.0199	-0.3036
2.6506	0.0369	0.0186	-0.0000	0.0200	-0.3036
2.6511	0.0368	0.0186	-0.0000	0.0200	-0.3037
2.6516	0.0362	0.0186	-0.0000	0.0200	-0.3037
2.6521	0.0363	0.0186	-0.0000	0.0200	-0.3038
2.6526	0.0357	0.0187	-0.0000	0.0201	-0.3038
2.6531	0.0356	0.0187	-0.0000	0.0201	-0.3039
2.6536	0.0352	0.0188	-0.0000	0.0202	-0.3040
2.6541	0.0351	0.0188	-0.0000	0.0201	-0.3039
2.6546	0.0349	0.0189	-0.0000	0.0202	-0.3039
2.6551	0.0348	0.0189	-0.0000	0.0202	-0.3039
2.6557	0.0344	0.0189	0.0000	0.0202	-0.3040
2.6562	0.0342	0.0189	-0.0000	0.0203	-0.3040
2.6567	0.0342	0.0189	-0.0000	0.0203	-0.3040
2.6572	0.0337	0.0190	-0.0000	0.0203	-0.3040
2.6577	0.0338	0.0190	0.0000	0.0204	-0.3041
2.6582	0.0334	0.0191	-0.0000	0.0204	-0.3041
2.6587	0.0335	0.0190	0.0000	0.0204	-0.3041
2.6592	0.0330	0.0192	0.0000	0.0205	-0.3040
2.6597	0.0331	0.0192	-0.0000	0.0205	-0.3040
2.6602	0.0328	0.0192	0.0000	0.0204	-0.3041
2.6607	0.0326	0.0192	-0.0000	0.0205	-0.3040
2.6612	0.0326	0.0193	-0.0000	0.0205	-0.3041
2.6617	0.0324	0.0193	-0.0000	0.0206	-0.3041
2.6622	0.0322	0.0193	0.0000	0.0206	-0.3041
2.6627	0.0320	0.0193	-0.0001	0.0206	-0.3042
2.6633	0.0321	0.0194	-0.0000	0.0206	-0.3041
2.6638	0.0317	0.0194	-0.0000	0.0207	-0.3041
2.6643	0.0317	0.0195	-0.0000	0.0207	-0.3041
2.6648	0.0315	0.0195	-0.0000	0.0207	-0.3041
2.6653	0.0313	0.0196	-0.0000	0.0207	-0.3041
2.6658	0.0312	0.0196	-0.0000	0.0208	-0.3042
2.6663	0.0311	0.0196	-0.0000	0.0208	-0.3042
2.6668	0.0310	0.0196	-0.0000	0.0208	-0.3042
2.6673	0.0309	0.0196	0.0000	0.0208	-0.3041
2.6678	0.0307	0.0197	-0.0001	0.0208	-0.3041
2.6683	0.0307	0.0197	-0.0000	0.0209	-0.3042
2.6688	0.0304	0.0198	0.0000	0.0209	-0.3042
2.6693	0.0302	0.0197	-0.0001	0.0209	-0.3041
2.6698	0.0301	0.0198	-0.0001	0.0210	-0.3042
2.6703	0.0298	0.0199	-0.0000	0.0210	-0.3042
2.6709	0.0296	0.0199	-0.0000	0.0211	-0.3042
2.6714	0.0292	0.0199	-0.0000	0.0211	-0.3042
2.6719	0.0293	0.0200	-0.0000	0.0212	-0.3042
2.6724	0.0290	0.0201	-0.0000	0.0212	-0.3042
2.6729	0.0291	0.0201	0.0000	0.0212	-0.3042
2.6734	0.0289	0.0201	-0.0001	0.0213	-0.3042
2.6739	0.0287	0.0202	-0.0000	0.0213	-0.3042
2.6744	0.0285	0.0203	-0.0000	0.0213	-0.3042
2.6749	0.0283	0.0203	-0.0000	0.0214	-0.3042
2.6754	0.0282	0.0203	-0.0001	0.0214	-0.3042
2.6759	0.0281	0.0203	-0.0000	0.0214	-0.3042
2.6764	0.0280	0.0204	-0.0000	0.0214	-0.3042
2.6769	0.0278	0.0204	-0.0000	0.0215	-0.3042
2.6774	0.0276	0.0205	-0.0000	0.0216	-0.3042
2.6779	0.0275	0.0205	-0.0000	0.0216	-0.3043
2.6785	0.0274	0.0206	-0.0000	0.0216	-0.3043
2.6790	0.0272	0.0205	0.0000	0.0216	-0.3043
2.6795	0.0270	0.0206	0.0000	0.0217	-0.3043
2.6800	0.0268	0.0206	-0.0000	0.0218	-0.3043
2.6805	0.0266	0.0207	-0.0000	0.0218	-0.3043
2.6810	0.0264	0.0208	-0.0000	0.0218	-0.3042
2.6815	0.0262	0.0208	-0.0000	0.0219	-0.3042
2.6820	0.0260	0.0209	-0.0001	0.0219	-0.3043
2.6825	0.0258	0.0209	-0.0000	0.0219	-0.3043
2.6830	0.0256	0.0210	0.0000	0.0220	-0.3042
2.6835	0.0257	0.0210	-0.0000	0.0220	-0.3042
2.6840	0.0256	0.0211	-0.0000	0.0220	-0.3042
2.6845	0.0253	0.0211	0.0000	0.0221	-0.3042
2.6850	0.0252	0.0211	-0.0000	0.0222	-0.3043
2.6855	0.0250	0.0212	-0.0000	0.0222	-0.3042
2.6861	0.0248	0.0212	0.0000	0.0222	-0.3042
2.6866	0.0246	0.0213	-0.0000	0.0223	-0.3043
2.6871	0.0244	0.0213	-0.0000	0.0223	-0.3042
2.6876	0.0243	0.0214	-0.0000	0.0223	-0.3042
2.6881	0.0243	0.0214	-0.0000	0.0224	-0.3042
2.6886	0.0240	0.0215	-0.0000	0.0224	-0.3043
2.6891	0.0238	0.0216	-0.0000	0.0225	-0.3042
2.6896	0.0236	0.0216	0.0000	0.0225	-0.3043
2.6901	0.0236	0.0216	0.0000	0.0226	-0.3043
2.6906	0.0233	0.0216	0.0000	0.0226	-0.3043
2.6911	0.0232	0.0217	-0.0000	0.0227	-0.3043
2.6916	0.0229	0.0217	-0.0000	0.0227	-0.3042
2.6921	0.0228	0.0218	-0.0000	0.0228	-0.3043
2.6926	0.0227	0.0219	-0.0001	0.0228	-0.3042
2.6931	0.0224	0.0219	-0.0000	0.0228	-0.3043
2.6937	0.0223	0.0220	-0.0000	0.0228	-0.3043
2.6942	0.0222	0.0220	-0.0000	0.0229	-0.3043
2.6947	0.0222	0.0221	-0.0000	0.0230	-0.3043
2.6952	0.0220	0.0221	-0.0000	0.0230	-0.3043
2.6957	0.0217	0.0222	0.0000	0.0230	-0.3042
2.6962	0.0216	0.0222	-0.0000	0.0231	-0.3043
2.6967	0.0214	0.0222	-0.0000	0.0232	-0.3043
2.6972	0.0211	0.0223	-0.0000	0.0231	-0.3042
2.6977	0.0211	0.0223	-0.0000	0.0232	-0.3043
2.6982	0.0208	0.0224	-0.0000	0.0232	-0.3042
2.6987	0.0208	0.0224	-0.0000	0.0233	-0.3043
2.6992	0.0205	0.0225	-0.0000	0.0233	-0.3043
2.6997	0.0203	0.0226	-0.0000	0.0233	-0.3043
2.7002	0.0203	0.0226	-0.0001	0.0234	-0.3043
2.7007	0.0199	0.0227	-0.0000	0.0234	-0.3042
2.7013	0.0200	0.0227	-0.0000	0.0234	-0.3043
2.7018	0.0196	0.0228	0.0000	0.0236	-0.3042
2.7023	0.0196	0.0228	-0.0000	0.0236	-0.3043
2.7028	0.0194	0.0228	-0.0000	0.0236	-0.3042
2.7033	0.0193	0.0229	-0.0001	0.0236	-0.3042
2.7038	0.0191	0.0230	-0.0000	0.0237	-0.3042
2.7043	0.0189	0.0230	-0.0000	0.0237	-0.3042
2.7048	0.0188	0.0230	-0.0000	0.0238	-0.3042
2.7053	0.0185	0.0231	-0.0000	0.0238	-0.3043
2.7058	0.0183	0.0231	0.0000	0.0239	-0.3043
2.7063	0.0182	0.0232	-0.0000	0.0239	-0.3042
2.7068	0.0181	0.0232	-0.0001	0.0240	-0.3041
2.7073	0.0178	0.0233	-0.0000	0.0240	-0.3042
2.7078	0.0177	0.0234	0.0000	0.0241	-0.3042
2.7083	0.0173	0.0234	-0.0001	0.0242	-0.3042
2.7089	0.0173	0.0235	-0.0000	0.0242	-0.3042
2.7094	0.0171	0.0235	-0.0000	0.0243	-0.3042
2.7099	0.0170	0.0236	-0.0000	0.0243	-0.3042
2.7104	0.0168	0.0237	-0.0000	0.0243	-0.3042
2.7109	0.0167	0.0237	-0.0001	0.0244	-0.3042
2.7114	0.0166	0.0237	0.0000	0.0244	-0.3042
2.7119	0.0164	0.0238	-0.0001	0.0245	-0.3042
2.7124	0.0161	0.0238	-0.0000	0.0245	-0.3042
2.7129	0.0159	0.0239	-0.0000	0.0245	-0.3042
2.7134	0.0157	0.0240	-0.0001	0.0246	-0.3041
2.7139	0.0157	0.0240	-0.0000	0.0246	-0.3041
2.7144	0.0154	0.0240	-0.0000	0.0247	-0.3041
2.7149	0.0153	0.0241	-0.0000	0.0248	-0.3041
2.7154	0.0152	0.0241	-0.0000	0.0248	-0.3042
2.7159	0.0150	0.0242	-0.0000	0.0248	-0.3041
2.7165	0.0150	0.0242	0.0000	0.0249	-0.3042
2.7170	0.0147	0.0243	-0.0000	0.0249	-0.3041
2.7175	0.0147	0.0244	-0.0000	0.0249	-0.3041
2.7180	0.0145	0.0244	-0.0000	0.0250	-0.3041
2.7185	0.0143	0.0244	-0.0000	0.0251	-0.3041
2.7190	0.0141	0.0244	-0.0000	0.0251	-0.3041
2.7195	0.0141	0.0245	-0.0000	0.0251	-0.3041
2.7200	0.0138	0.0246	-0.0000	0.0252	-0.3040
2.7205	0.0137	0.0246	-0.0000	0.0252	-0.3041
2.7210	0.0136	0.0247	0.0000	0.0252	-0.3041
2.7215	0.0135	0.0247	0.0000	0.0253	-0.3040
2.7220	0.0133	0.0247	-0.0000	0.0253	-0.3040
2.7225	0.0131	0.0248	-0.0000	0.0253	-0.3040
2.7230	0.0131	0.0248	-0.0000	0.0255	-0.3040
2.7235	0.0129	0.0249	-0.0000	0.0255	-0.3040
2.7241	0.0128	0.0249	0.0000	0.0255	-0.3040
2.7246	0.0126	0.0250	-0.0000	0.0256	-0.3040
2.7251	0.0123	0.0251	-0.0000	0.0256	-0.3039
2.7256	0.0122	0.0251	-0.0000	0.0256	-0.3039
2.7261	0.0120	0.0252	-0.0000	0.0256	-0.3039
2.7266	0.0120	0.0252	-0.0000	0.0257	-0.3039
2.7271	0.0118	0.0252	-0.0000	0.0258	-0.3038
2.7276	0.0117	0.0253	-0.0000	0.0258	-0.3038
2.7281	0.0114	0.0253	-0.0000	0.0259	-0.3038
2.7286	0.0115	0.0253	-0.0000	0.0259	-0.3038
2.7291	0.0110	0.0254	-0.0000	0.0259	-0.3037
2.7296	0.0112	0.0255	-0.0000	0.0260	-0.3037
2.7301	0.0109	0.0254	-0.0000	0.0260	-0.3037
2.7306	0.0107	0.0256	0.0000	0.0260	-0.3035
2.7311	0.0106	0.0256	-0.0000	0.0261	-0.3035
2.7317	0.0105	0.0256	-0.0000	0.0260	-0.3035
2.7322	0.0104	0.0256	0.0001	0.0261	-0.3034
2.7327	0.0101	0.0258	-0.0000	0.0262	-0.3033
2.7332	0.0100	0.0258	-0.0000	0.0262	-0.3032
2.7337	0.0098	0.0257	-0.0000	0.0263	-0.3031
2.7342	0.0100	0.0258	-0.0000	0.0263	-0.3031
2.7347	0.0095	0.0259	-0.0000	0.0264	-0.3030
2.7352	0.0095	0.0260	-0.0001	0.0264	-0.3028
2.7357	0.0093	0.0260	-0.0000	0.0264	-0.3026
2.7362	0.0092	0.0260	0.0000	0.0265	-0.3024
2.7367	0.0091	0.0261	-0.0000	0.0265	-0.3021
2.7372	0.0087	0.0261	-0.0000	0.0265	-0.3017
2.7377	0.0088	0.0261	-0.0000	0.0266	-0.3014
2.7382	0.0086	0.0262	-0.0000	0.0267	-0.3010
2.7387	0.0086	0.0263	-0.0001	0.0267	-0.3004
2.7393	0.0083	0.0263	-0.0000	0.0267	-0.2990
2.7398	0.0081	0.0264	-0.0000	0.0268	-0.2975
2.7403	0.0079	0.0265	-0.0000	0.0268	-0.2961
2.7408	0.0079	0.0265	-0.0000	0.0269	-0.2938
2.7413	0.0076	0.0265	-0.0001	0.0269	-0.2895
2.7418	0.0074	0.0265	-0.0000	0.0270	-0.2811
2.7423	0.0074	0.0266	-0.0000	0.0270	-0.2710
2.7428	0.0074	0.0267	-0.0000	0.0270	-0.2576
2.7433	0.0071	0.0267	-0.0000	0.0271	-0.2056
2.7438	0.0071	0.0268	-0.0000	0.0271	-0.0858
2.7443	0.0069	0.0268	-0.0001	0.0272	0.0417
2.7448	0.0068	0.0269	-0.0000	0.0272	0.2079
2.7453	0.0067	0.0269	-0.0001	0.0273	0.4397
2.7458	0.0065	0.0269	-0.0000	0.0272	0.6629
2.7463	0.0064	0.0270	-0.0000	0.0273	0.8784
2.7469	0.0062	0.0270	-0.0000	0.0274	0.9566
2.7474	0.0060	0.0270	-0.0001	0.0274	0.9572
2.7479	0.0059	0.0271	-0.0000	0.0274	0.9716
2.7484	0.0057	0.0271	-0.0000	0.0274	0.5810
2.7489	0.0054	0.0272	-0.0000	0.0275	-0.1466
2.7494	0.0054	0.0272	-0.0000	0.0275	-0.2017
2.7499	0.0052	0.0273	-0.0001	0.0276	-0.2615
2.7504	0.0053	0.0273	-0.0000	0.0277	-0.2838
2.7509	0.0052	0.0273	-0.0000	0.0277	-0.2902
2.7514	0.0050	0.0274	-0.0000	0.0277	-0.2927
2.7519	0.0049	0.0275	-0.0001	0.0277	-0.2957
2.7524	0.0046	0.0275	-0.0000	0.0278	-0.2973
2.7529	0.0045	0.0275	-0.0001	0.0278	-0.2982
2.7534	0.0044	0.0276	-0.0000	0.0279	-0.2994
2.7539	0.0042	0.0277	-0.0001	0.0279	-0.3002
2.7545	0.0041	0.0277	-0.0001	0.0280	-0.3007
2.7550	0.0040	0.0277	-0.0000	0.0280	-0.3011
2.7555	0.0040	0.0278	-0.0000	0.0280	-0.3013
2.7560	0.0038	0.0277	-0.0000	0.0281	-0.3017
2.7565	0.0035	0.0278	-0.0000	0.0281	-0.3019
2.7570	0.0036	0.0279	-0.0000	0.0281	-0.3022
2.7575	0.0032	0.0279	0.0000	0.0281	-0.3023
2.7580	0.0034	0.0280	-0.0001	0.0282	-0.3025
2.7585	0.0030	0.0280	-0.0000	0.0282	-0.3028
2.7590	0.0028	0.0280	-0.0000	0.0283	-0.3029
2.7595	0.0027	0.0281	-0.0000	0.0283	-0.3029
2.7600	0.0026	0.0281	-0.0000	0.0283	-0.3031
2.7605	0.0026	0.0282	-0.0000	0.0283	-0.3031
2.7610	0.0022	0.0282	-0.0000	0.0284	-0.3033
2.7615	0.0023	0.0282	-0.0000	0.0284	-0.3033
2.7621	0.0021	0.0283	0.0000	0.0284	-0.3034
2.7626	0.0022	0.0283	-0.0000	0.0285	-0.3035
2.7631	0.0018	0.0283	-0.0001	0.0286	-0.3035
2.7636	0.0020	0.0284	-0.0001	0.0285	-0.3036
2.7641	0.0016	0.0285	-0.0001	0.0286	-0.3036
2.7646	0.0016	0.0284	0.0000	0.0286	-0.3037
2.7651	0.0014	0.0285	-0.0000	0.0286	-0.3037
2.7656	0.0014	0.0285	-0.0001	0.0286	-0.3037
2.7661	0.0012	0.0285	-0.0000	0.0287	-0.3038
2.7666	0.0012	0.0286	-0.0000	0.0287	-0.3038
2.7671	0.0013	0.0286	-0.0000	0.0288	-0.3038
2.7676	0.0009	0.0286	-0.0000	0.0288	-0.3039
2.7681	0.0010	0.0287	-0.0000	0.0288	-0.3039
2.7686	0.0007	0.0287	-0.0000	0.0289	-0.3040
2.7691	0.0006	0.0287	-0.0000	0.0289	-0.3039
2.7697	0.0005	0.0288	-0.0000	0.0289	-0.3039
2.7702	0.0003	0.0288	-0.0000	0.0288	-0.3039
2.7707	0.0003	0.0289	-0.0000	0.0289	-0.3040
2.7712	0.0001	0.0289	-0.0000	0.0290	-0.3040
2.7717	0.0001	0.0289	-0.0000	0.0291	-0.3040
2.7722	-0.0001	0.0289	0.0000	0.0291	-0.3040
2.7727	-0.0002	0.0290	-0.0000	0.0291	-0.3040
2.7732	-0.0003	0.0290	-0.0000	0.0291	-0.3040
2.7737	-0.0003	0.0290	-0.0001	0.0292	-0.3040
2.7742	-0.0006	0.0291	-0.0000	0.0291	-0.3041
2.7747	-0.0006	0.0291	-0.0000	0.0292	-0.3041
2.7752	-0.0008	0.0292	-0.0000	0.0292	-0.3040
2.7757	-0.0008	0.0292	-0.0000	0.0292	-0.3041
2.7762	-0.0010	0.0292	-0.0000	0.0293	-0.3041
2.7767	-0.0010	0.0292	-0.0000	0.0293	-0.3041
2.7773	-0.0012	0.0293	-0.0000	0.0293	-0.3041
2.7778	-0.0012	0.0293	0.0000	0.0294	-0.3041
2.7783	-0.0013	0.0293	-0.0000	0.0294	-0.3041
2.7788	-0.0014	0.0293	-0.0000	0.0294	-0.3042
2.7793	-0.0015	0.0294	-0.0001	0.0294	-0.3041
2.7798	-0.0017	0.0294	-0.0000	0.0294	-0.3041
2.7803	-0.0017	0.0294	0.0000	0.0294	-0.3041
2.7808	-0.0019	0.0295	-0.0000	0.0295	-0.3041
2.7813	-0.0019	0.0295	-0.0000	0.0295	-0.3041
2.7818	-0.0020	0.0296	-0.0000	0.0296	-0.3042
2.7823	-0.0020	0.0295	-0.0000	0.0296	-0.3042
2.7828	-0.0022	0.0296	-0.0000	0.0296	-0.3042
2.7833	-0.0023	0.0295	-0.0000	0.0296	-0.3041
2.7838	-0.0021	0.0296	-0.0000	0.0297	-0.3042
2.7843	-0.0023	0.0297	-0.0001	0.0297	-0.3042
2.7849	-0.0025	0.0297	-0.0000	0.0297	-0.3042
2.7854	-0.0025	0.0297	-0.0000	0.0297	-0.3042
2.7859	-0.0026	0.0297	-0.0001	0.0297	-0.3042
2.7864	-0.0027	0.0298	-0.0000	0.0298	-0.3042
2.7869	-0.0029	0.0298	-0.0000	0.0298	-0.3042
2.7874	-0.0030	0.0299	0.0000	0.0298	-0.3043
2.7879	-0.0031	0.0299	-0.0001	0.0299	-0.3042
2.7884	-0.0029	0.0299	-0.0000	0.0299	-0.3042
2.7889	-0.0032	0.0299	0.0000	0.0299	-0.3043
2.7894	-0.0032	0.0299	-0.0000	0.0299	-0.3042
2.7899	-0.0032	0.0300	-0.0000	0.0300	-0.3043
2.7904	-0.0033	0.0300	-0.0000	0.0300	-0.3043
2.7909	-0.0033	0.0301	-0.0000	0.0300	-0.3042
2.7914	-0.0035	0.0301	-0.0000	0.0300	-0.3042
2.7919	-0.0035	0.0300	0.0000	0.0300	-0.3043
2.7925	-0.0037	0.0301	-0.0000	0.0301	-0.3042
2.7930	-0.0035	0.0301	-0.0000	0.0301	-0.3042
2.7935	-0.0038	0.0301	0.0000	0.0302	-0.3043
2.7940	-0.0037	0.0301	-0.0001	0.0302	-0.3043
2.7945	-0.0040	0.0302	-0.0000	0.0302	-0.3042
2.7950	-0.0039	0.0302	-0.0000	0.0302	-0.3042
2.7955	-0.0041	0.0303	-0.0000	0.0302	-0.3043
2.7960	-0.0040	0.0303	-0.0000	0.0302	-0.3043
2.7965	-0.0041	0.0303	-0.0000	0.0303	-0.3043
2.7970	-0.0043	0.0304	-0.0000	0.0303	-0.3042
2.7975	-0.0043	0.0303	-0.0000	0.0303	-0.3042
2.7980	-0.0043	0.0304	-0.0000	0.0303	-0.3043
2.7985	-0.0042	0.0304	-0.0000	0.0304	-0.3043
2.7990	-0.0045	0.0304	-0.0001	0.0304	-0.3043
2.7995	-0.0043	0.0304	-0.0000	0.0304	-0.3043
2.8001	-0.0046	0.0304	-0.0001	0.0304	-0.3042
2.8006	-0.0046	0.0304	-0.0001	0.0304	-0.3043
2.8011	-0.0048	0.0305	-0.0000	0.0304	-0.3043
2.8016	-0.0047	0.0305	-0.0000	0.0305	-0.3043
2.8021	-0.0048	0.0305	-0.0000	0.0305	-0.3043
2.8026	-0.0048	0.0305	0.0000	0.0305	-0.3043
2.8031	-0.0047	0.0305	-0.0001	0.0306	-0.3043
2.8036	-0.0049	0.0306	-0.0000	0.0306	-0.3043
2.8041	-0.0049	0.0306	-0.0000	0.0305	-0.3043
2.8046	-0.0050	0.0306	-0.0000	0.0306	-0.3043
2.8051	-0.0050	0.0307	-0.0000	0.0306	-0.3043
2.8056	-0.0051	0.0306	-0.0000	0.0306	-0.3043
2.8061	-0.0050	0.0307	-0.0001	0.0306	-0.3043
2.8066	-0.0052	0.0307	-0.0001	0.0306	-0.3043
2.8071	-0.0052	0.0307	0.0000	0.0306	-0.3043
2.8077	-0.0054	0.0307	-0.0000	0.0307	-0.3042
2.8082	-0.0053	0.0308	0.0000	0.0307	-0.3043
2.8087	-0.0055	0.0308	-0.0000	0.0307	-0.3042
2.8092	-0.0055	0.0308	-0.0000	0.0307	-0.3042
2.8097	-0.0054	0.0308	-0.0000	0.0308	-0.3043
2.8102	-0.0056	0.0308	-0.0000	0.0307	-0.3043
2.8107	-0.0055	0.0308	-0.0000	0.0308	-0.3043
2.8112	-0.0055	0.0309	-0.0000	0.0308	-0.3043
2.8117	-0.0057	0.0309	-0.0001	0.0308	-0.3042
2.8122	-0.0056	0.0309	-0.0000	0.0309	-0.3043
2.8127	-0.0058	0.0308	-0.0000	0.0308	-0.3043
2.8132	-0.0056	0.0309	-0.0000	0.0308	-0.3043
2.8137	-0.0059	0.0309	-0.0000	0.0309	-0.3042
2.8142	-0.0059	0.0310	-0.0000	0.0309	-0.3043
2.8147	-0.0060	0.0310	-0.0001	0.0309	-0.3043
2.8153	-0.0058	0.0310	-0.0001	0.0309	-0.3043
2.8158	-0.0058	0.0311	-0.0001	0.0309	-0.3043
2.8163	-0.0060	0.0311	-0.0000	0.0309	-0.3042
2.8168	-0.0060	0.0311	-0.0000	0.0309	-0.3042
2.8173	-0.0061	0.0311	-0.0001	0.0310	-0.3042
2.8178	-0.0059	0.0311	-0.0000	0.0310	-0.3043
2.8183	-0.0063	0.0311	-0.0000	0.0310	-0.3042
2.8188	-0.0060	0.0311	-0.0000	0.0310	-0.3043
2.8193	-0.0063	0.0311	-0.0001	0.0310	-0.3042
2.8198	-0.0060	0.0311	-0.0001	0.0310	-0.3042
2.8203	-0.0064	0.0312	-0.0000	0.0310	-0.3042
2.8208	-0.0060	0.0311	-0.0000	0.0311	-0.3042
2.8213	-0.0065	0.0312	-0.0000	0.0311	-0.3042
2.8218	-0.0061	0.0312	-0.0001	0.0311	-0.3043
2.8223	-0.0065	0.0312	0.0000	0.0311	-0.3042
2.8229	-0.0065	0.0312	-0.0000	0.0311	-0.3042
2.8234	-0.0065	0.0312	-0.0000	0.0311	-0.3042
2.8239	-0.0065	0.0312	-0.0000	0.0312	-0.3042
2.8244	-0.0063	0.0312	0.0000	0.0312	-0.3042
2.8249	-0.0067	0.0313	-0.0000	0.0311	-0.3042
2.8254	-0.0063	0.0313	0.0000	0.0312	-0.3042
2.8259	-0.0068	0.0313	-0.0000	0.0312	-0.3042
2.8264	-0.0063	0.0313	-0.0000	0.0312	-0.3042
2.8269	-0.0069	0.0314	-0.0001	0.0312	-0.3042
2.8274	-0.0065	0.0313	0.0000	0.0313	-0.3042
2.8279	-0.0068	0.0313	0.0000	0.0312	-0.3042
2.8284	-0.0066	0.0313	-0.0000	0.0312	-0.3042
2.8289	-0.0067	0.0314	-0.0000	0.0312	-0.3042
2.8294	-0.0068	0.0313	-0.0001	0.0313	-0.3041
2.8299	-0.0067	0.0314	-0.0000	0.0313	-0.3042
2.8305	-0.0069	0.0314	0.0000	0.0313	-0.3041
2.8310	-0.0067	0.0314	-0.0000	0.0313	-0.3041
2.8315	-0.0070	0.0315	-0.0000	0.0313	-0.3041
2.8320	-0.0066	0.0315	-0.0000	0.0313	-0.3041
2.8325	-0.0071	0.0315	-0.0000	0.0314	-0.3040
2.8330	-0.0067	0.0315	-0.0000	0.0313	-0.3041
2.8335	-0.0072	0.0315	-0.0000	0.0314	-0.3041
2.8340	-0.0069	0.0314	-0.0000	0.0314	-0.3041
2.8345	-0.0070	0.0315	0.0000	0.0314	-0.3041
2.8350	-0.0070	0.0315	-0.0000	0.0314	-0.3041
2.8355	-0.0070	0.0315	-0.0000	0.0314	-0.3040
2.8360	-0.0073	0.0315	-0.0000	0.0314	-0.3041
2.8365	-0.0068	0.0315	-0.0000	0.0314	-0.3040
2.8370	-0.0073	0.0316	-0.0000	0.0314	-0.3040
2.8375	-0.0068	0.0316	-0.0001	0.0314	-0.3040
2.8381	-0.0074	0.0316	-0.0000	0.0314	-0.3040
2.8386	-0.0071	0.0316	-0.0000	0.0314	-0.3039
2.8391	-0.0074	0.0316	-0.0000	0.0314	-0.3039
2.8396	-0.0072	0.0316	-0.0000	0.0315	-0.3039
2.8401	-0.0073	0.0316	0.0000	0.0315	-0.3039
2.8406	-0.0074	0.0316	-0.0000	0.0315	-0.3039
2.8411	-0.0071	0.0316	-0.0000	0.0315	-0.3038
2.8416	-0.0074	0.0317	-0.0001	0.0315	-0.3038
2.8421	-0.0073	0.0317	-0.0000	0.0315	-0.3037
2.8426	-0.0075	0.0317	-0.0000	0.0315	-0.3037
2.8431	-0.0074	0.0317	-0.0000	0.0315	-0.3037
2.8436	-0.0076	0.0317	-0.0000	0.0315	-0.3037
2.8441	-0.0075	0.0317	-0.0000	0.0315	-0.3037
2.8446	-0.0076	0.0317	-0.0000	0.0316	-0.3036
2.8451	-0.0073	0.0318	-0.0000	0.0315	-0.3035
2.8457	-0.0076	0.0317	-0.0000	0.0316	-0.3035
2.8462	-0.0075	0.0317	-0.0000	0.0316	-0.3034
2.8467	-0.0073	0.0317	-0.0000	0.0316	-0.3033
2.8472	-0.0073	0.0318	-0.0000	0.0316	-0.3032
2.8477	-0.0073	0.0318	-0.0001	0.0316	-0.3031
2.8482	-0.0076	0.0318	-0.0000	0.0316	-0.3030
2.8487	-0.0077	0.0318	-0.0000	0.0316	-0.3029
2.8492	-0.0078	0.0318	-0.0000	0.0316	-0.3028
2.8497	-0.0077	0.0318	-0.0000	0.0316	-0.3026
2.8502	-0.0077	0.0318	-0.0000	0.0317	-0.3023
2.8507	-0.0076	0.0318	-0.0000	0.0317	-0.3020
2.8512	-0.0075	0.0318	-0.0000	0.0316	-0.3016
2.8517	-0.0077	0.0318	-0.0000	0.0317	-0.3012
2.8522	-0.0079	0.0319	-0.0000	0.0317	-0.3006
2.8527	-0.0079	0.0319	-0.0000	0.0317	-0.2996
2.8533	-0.0080	0.0318	-0.0000	0.0316	-0.2991
2.8538	-0.0079	0.0319	-0.0000	0.0317	-0.2978
2.8543	-0.0081	0.0318	0.0000	0.0317	-0.2973
2.8548	-0.0079	0.0319	-0.0001	0.0317	-0.2945
2.8553	-0.0079	0.0319	-0.0000	0.0317	-0.2913
2.8558	-0.0077	0.0318	-0.0000	0.0317	-0.2862
2.8563	-0.0079	0.0318	-0.0001	0.0317	-0.2714
2.8568	-0.0078	0.0319	-0.0001	0.0317	-0.2545
2.8573	-0.0080	0.0319	-0.0000	0.0317	-0.2072
2.8578	-0.0079	0.0320	-0.0001	0.0317	-0.1373
2.8583	-0.0080	0.0319	-0.0000	0.0318	-0.0826
2.8588	-0.0081	0.0320	-0.0000	0.0318	0.0969
2.8593	-0.0080	0.0320	-0.0000	0.0318	0.3369
2.8598	-0.0082	0.0320	0.0000	0.0318	0.5767
2.8603	-0.0081	0.0319	-0.0000	0.0318	0.8066
2.8609	-0.0081	0.0319	-0.0001	0.0318	0.9568
2.8614	-0.0079	0.0319	-0.0000	0.0318	0.9749
2.8619	-0.0081	0.0320	-0.0000	0.0318	1.0246
2.8624	-0.0083	0.0320	0.0000	0.0317	0.9899
2.8629	-0.0083	0.0320	-0.0000	0.0318	0.4767
2.8634	-0.0082	0.0320	-0.0000	0.0318	-0.0174
2.8639	-0.0080	0.0320	0.0000	0.0318	-0.2044
2.8644	-0.0080	0.0320	-0.0000	0.0318	-0.2511
2.8649	-0.0078	0.0319	-0.0001	0.0318	-0.2750
2.8654	-0.0082	0.0320	-0.0000	0.0318	-0.2886
2.8659	-0.0080	0.0320	-0.0000	0.0318	-0.2933
2.8664	-0.0081	0.0320	-0.0000	0.0318	-0.2950
2.8669	-0.0079	0.0320	-0.0000	0.0318	-0.2967
2.8674	-0.0081	0.0320	-0.0000	0.0318	-0.2984
2.8679	-0.0081	0.0321	-0.0000	0.0318	-0.2995
2.8685	-0.0080	0.0321	-0.0000	0.0319	-0.2998
2.8690	-0.0081	0.0321	-0.0000	0.0318	-0.3006
2.8695	-0.0079	0.0321	-0.0000	0.0319	-0.3010
2.8700	-0.0080	0.0320	-0.0000	0.0319	-0.3012
2.8705	-0.0079	0.0320	0.0000	0.0319	-0.3015
2.8710	-0.0081	0.0321	-0.0000	0.0319	-0.3018
2.8715	-0.0080	0.0320	-0.0000	0.0319	-0.3022
2.8720	-0.0081	0.0321	0.0000	0.0319	-0.3023
2.8725	-0.0079	0.0321	-0.0000	0.0319	-0.3024
2.8730	-0.0082	0.0321	0.0000	0.0319	-0.3026
2.8735	-0.0079	0.0321	-0.0000	0.0319	-0.3027
2.8740	-0.0081	0.0320	-0.0000	0.0319	-0.3029
2.8745	-0.0081	0.0320	-0.0000	0.0319	-0.3030
2.8750	-0.0080	0.0321	-0.0000	0.0320	-0.3032
2.8755	-0.0080	0.0321	0.0000	0.0319	-0.3032
2.8761	-0.0080	0.0321	0.0000	0.0320	-0.3033
2.8766	-0.0080	0.0321	-0.0000	0.0319	-0.3034
2.8771	-0.0079	0.0321	-0.0000	0.0319	-0.3035
2.8776	-0.0079	0.0321	-0.0000	0.0319	-0.3035
2.8781	-0.0080	0.0321	-0.0000	0.0320	-0.3035
2.8786	-0.0078	0.0321	-0.0000	0.0319	-0.3036
2.8791	-0.0078	0.0321	-0.0000	0.0319	-0.3037
2.8796	-0.0079	0.0321	-0.0000	0.0320	-0.3037
2.8801	-0.0079	0.0321	0.0000	0.0319	-0.3038
2.8806	-0.0079	0.0322	0.0000	0.0320	-0.3038
2.8811	-0.0079	0.0322	-0.0000	0.0320	-0.3039
2.8816	-0.0078	0.0321	0.0000	0.0320	-0.3039
2.8821	-0.0078	0.0321	-0.0000	0.0320	-0.3039
2.8826	-0.0080	0.0321	0.0000	0.0320	-0.3039
2.8831	-0.0078	0.0322	-0.0001	0.0320	-0.3040
2.8837	-0.0078	0.0322	-0.0000	0.0320	-0.3039
2.8842	-0.0077	0.0322	-0.0000	0.0320	-0.3039
2.8847	-0.0078	0.0321	0.0000	0.0320	-0.3040
2.8852	-0.0077	0.0322	-0.0000	0.0320	-0.3040
2.8857	-0.0077	0.0322	-0.0000	0.0320	-0.3040
2.8862	-0.0077	0.0322	-0.0000	0.0320	-0.3041
2.8867	-0.0077	0.0322	-0.0000	0.0320	-0.3040
2.8872	-0.0077	0.0321	0.0000	0.0320	-0.3040
2.8877	-0.0077	0.0322	-0.0000	0.0320	-0.3040
2.8882	-0.0077	0.0322	-0.0000	0.0320	-0.3041
2.8887	-0.0077	0.0322	0.0000	0.0320	-0.3041
2.8892	-0.0077	0.0322	-0.0000	0.0320	-0.3041
2.8897	-0.0077	0.0322	-0.0000	0.0320	-0.3040
2.8902	-0.0077	0.0322	-0.0001	0.0321	-0.3041
2.8907	-0.0077	0.0322	0.0000	0.0320	-0.3041
2.8913	-0.0076	0.0322	-0.0000	0.0320	-0.3042
2.8918	-0.0078	0.0322	-0.0000	0.0321	-0.3041
2.8923	-0.0076	0.0322	-0.0000	0.0321	-0.3041
2.8928	-0.0078	0.0322	-0.0000	0.0320	-0.3041
2.8933	-0.0076	0.0322	-0.0000	0.0321	-0.3041
2.8938	-0.0076	0.0322	0.0000	0.0320	-0.3042
2.8943	-0.0078	0.0322	-0.0001	0.0320	-0.3041
2.8948	-0.0077	0.0322	-0.0001	0.0321	-0.3042
2.8953	-0.0078	0.0322	-0.0000	0.0321	-0.3041
2.8958	-0.0076	0.0322	-0.0000	0.0320	-0.3041
2.8963	-0.0080	0.0322	-0.0000	0.0321	-0.3041
2.8968	-0.0075	0.0322	-0.0000	0.0321	-0.3042
2.8973	-0.0079	0.0322	-0.0000	0.0321	-0.3041
2.8978	-0.0076	0.0322	-0.0000	0.0321	-0.3042
2.8983	-0.0078	0.0323	-0.0000	0.0321	-0.3042
2.8989	-0.0076	0.0322	0.0000	0.0321	-0.3041
2.8994	-0.0077	0.0323	0.0000	0.0321	-0.3041
2.8999	-0.0076	0.0322	-0.0000	0.0321	-0.3042
2.9004	-0.0076	0.0322	0.0000	0.0321	-0.3042
2.9009	-0.0076	0.0322	-0.0001	0.0321	-0.3042
2.9014	-0.0075	0.0322	-0.0000	0.0321	-0.3042
2.9019	-0.0077	0.0322	-0.0000	0.0321	-0.3042
2.9024	-0.0075	0.0323	-0.0000	0.0321	-0.3042
2.9029	-0.0076	0.0322	-0.0000	0.0321	-0.3042
2.9034	-0.0075	0.0323	-0.0000	0.0321	-0.3042
2.9039	-0.0074	0.0323	-0.0000	0.0321	-0.3042
2.9044	-0.0074	0.0323	-0.0000	0.0321	-0.3042
2.9049	-0.0075	0.0323	0.0000	0.0321	-0.3042
2.9054	-0.0074	0.0323	-0.0000	0.0321	-0.3043
2.9059	-0.0076	0.0323	-0.0000	0.0321	-0.3042
2.9065	-0.0076	0.0323	-0.0001	0.0321	-0.3042
2.9070	-0.0074	0.0322	-0.0000	0.0321	-0.3043
2.9075	-0.0076	0.0323	-0.0000	0.0321	-0.3042
2.9080	-0.0073	0.0322	-0.0001	0.0321	-0.3043
2.9085	-0.0073	0.0323	-0.0000	0.0321	-0.3043
2.9090	-0.0072	0.0322	0.0000	0.0321	-0.3043
2.9095	-0.0072	0.0323	-0.0000	0.0322	-0.3043
2.9100	-0.0073	0.0323	-0.0000	0.0321	-0.3042
2.9105	-0.0073	0.0323	-0.0000	0.0321	-0.3042
2.9110	-0.0073	0.0323	-0.0000	0.0321	-0.3043
2.9115	-0.0072	0.0323	0.0000	0.0322	-0.3043
2.9120	-0.0073	0.0323	-0.0000	0.0322	-0.3043
2.9125	-0.0071	0.0323	0.0000	0.0322	-0.3043
2.9130	-0.0072	0.0323	-0.0001	0.0322	-0.3043
2.9135	-0.0072	0.0323	-0.0000	0.0322	-0.3043
2.9141	-0.0074	0.0323	0.0000	0.0321	-0.3043
2.9146	-0.0073	0.0323	-0.0001	0.0321	-0.3043
2.9151	-0.0073	0.0323	-0.0000	0.0322	-0.3042
2.9156	-0.0071	0.0323	-0.0000	0.0322	-0.3043
2.9161	-0.0071	0.0323	0.0000	0.0322	-0.3042
2.9166	-0.0072	0.0323	-0.0000	0.0322	-0.3043
2.9171	-0.0071	0.0323	-0.0000	0.0322	-0.3043
2.9176	-0.0069	0.0323	-0.0000	0.0322	-0.3042
2.9181	-0.0069	0.0323	-0.0000	0.0322	-0.3043
2.9186	-0.0071	0.0323	0.0000	0.0322	-0.3043
2.9191	-0.0070	0.0323	-0.0000	0.0322	-0.3042
2.9196	-0.0071	0.0324	-0.0000	0.0322	-0.3043
2.9201	-0.0073	0.0324	-0.0000	0.0322	-0.3042
2.9206	-0.0072	0.0323	-0.0000	0.0322	-0.3042
2.9211	-0.0073	0.0324	-0.0000	0.0322	-0.3042
2.9217	-0.0070	0.0323	0.0000	0.0322	-0.3042
2.9222	-0.0070	0.0323	0.0000	0.0322	-0.3043
2.9227	-0.0070	0.0323	-0.0000	0.0322	-0.3043
2.9232	-0.0071	0.0323	-0.0000	0.0322	-0.3042
2.9237	-0.0071	0.0323	-0.0000	0.0322	-0.3042
2.9242	-0.0071	0.0324	-0.0000	0.0322	-0.3042
2.9247	-0.0070	0.0324	-0.0000	0.0322	-0.3042
2.9252	-0.0070	0.0324	-0.0000	0.0322	-0.3043
2.9257	-0.0072	0.0324	-0.0000	0.0322	-0.3042
2.9262	-0.0070	0.0324	-0.0000	0.0323	-0.3042
2.9267	-0.0070	0.0324	-0.0000	0.0322	-0.3042
2.9272	-0.0070	0.0324	-0.0001	0.0323	-0.3042
2.9277	-0.0072	0.0323	0.0000	0.0323	-0.3042
2.9282	-0.0070	0.0324	-0.0000	0.0322	-0.3042
2.9287	-0.0070	0.0324	-0.0000	0.0322	-0.3042
2.9293	-0.0072	0.0324	-0.0001	0.0323	-0.3042
2.9298	-0.0069	0.0324	-0.0000	0.0322	-0.3042
2.9303	-0.0072	0.0324	-0.0000	0.0323	-0.3043
2.9308	-0.0071	0.0324	-0.0000	0.0322	-0.3042
2.9313	-0.0075	0.0324	0.0000	0.0322	-0.3043
2.9318	-0.0069	0.0324	-0.0000	0.0322	-0.3043
2.9323	-0.0074	0.0324	0.0000	0.0322	-0.3043
2.9328	-0.0071	0.0324	-0.0000	0.0323	-0.3042
2.9333	-0.0073	0.0324	-0.0000	0.0322	-0.3042
2.9338	-0.0071	0.0323	0.0000	0.0322	-0.3042
2.9343	-0.0074	0.0324	-0.0001	0.0323	-0.3042
2.9348	-0.0073	0.0324	-0.0000	0.0323	-0.3042
2.9353	-0.0072	0.0324	-0.0000	0.0323	-0.3042
2.9358	-0.0077	0.0325	-0.0000	0.0323	-0.3042
2.9363	-0.0071	0.0324	-0.0000	0.0322	-0.3042
2.9369	-0.0075	0.0324	-0.0000	0.0323	-0.3042
2.9374	-0.0071	0.0324	-0.0000	0.0323	-0.3041
2.9379	-0.0075	0.0324	-0.0000	0.0323	-0.3042
2.9384	-0.0071	0.0324	-0.0000	0.0323	-0.3042
2.9389	-0.0076	0.0325	-0.0000	0.0323	-0.3042
2.9394	-0.0072	0.0324	0.0000	0.0323	-0.3042
2.9399	-0.0075	0.0324	-0.0000	0.0323	-0.3042
2.9404	-0.0074	0.0325	-0.0000	0.0323	-0.3042
2.9409	-0.0074	0.0325	0.0000	0.0323	-0.3042
2.9414	-0.0074	0.0325	-0.0000	0.0323	-0.3042
2.9419	-0.0074	0.0324	-0.0000	0.0323	-0.3042
2.9424	-0.0076	0.0325	-0.0000	0.0323	-0.3041
2.9429	-0.0072	0.0324	0.0000	0.0323	-0.3042
2.9434	-0.0076	0.0325	-0.0000	0.0323	-0.3041
2.9439	-0.0072	0.0324	-0.0000	0.0323	-0.3042
2.9445	-0.0077	0.0325	-0.0000	0.0324	-0.3042
2.9450	-0.0072	0.0324	0.0000	0.0323	-0.3041
2.9455	-0.0076	0.0324	0.0000	0.0323	-0.3041
2.9460	-0.0074	0.0325	-0.0000	0.0324	-0.3041
2.9465	-0.0075	0.0325	-0.0001	0.0323	-0.3041
2.9470	-0.0075	0.0325	-0.0000	0.0323	-0.3041
2.9475	-0.0074	0.0325	-0.0000	0.0324	-0.3042
2.9480	-0.0074	0.0325	-0.0000	0.0323	-0.3041
2.9485	-0.0074	0.0325	-0.0000	0.0324	-0.3040
2.9490	-0.0075	0.0325	-0.0000	0.0323	-0.3040
2.9495	-0.0074	0.0324	0.0000	0.0323	-0.3040
2.9500	-0.0076	0.0325	-0.0001	0.0323	-0.3041
2.9505	-0.0074	0.0324	0.0000	0.0323	-0.3040
2.9510	-0.0076	0.0325	0.0000	0.0323	-0.3040
2.9515	-0.0074	0.0325	-0.0000	0.0324	-0.3040
2.9521	-0.0077	0.0324	-0.0000	0.0323	-0.3040
2.9526	-0.0075	0.0325	-0.0000	0.0323	-0.3039
2.9531	-0.0075	0.0325	-0.0000	0.0324	-0.3039
2.9536	-0.0075	0.0325	-0.0000	0.0324	-0.3039
2.9541	-0.0074	0.0325	-0.0000	0.0323	-0.3039
2.9546	-0.0075	0.0325	0.0000	0.0323	-0.3039
2.9551	-0.0074	0.0325	0.0000	0.0323	-0.3039
2.9556	-0.0076	0.0326	0.0000	0.0323	-0.3038
2.9561	-0.0075	0.0325	-0.0000	0.0323	-0.3039
2.9566	-0.0074	0.0325	-0.0000	0.0324	-0.3038
2.9571	-0.0074	0.0325	-0.0000	0.0323	-0.3038
2.9576	-0.0075	0.0325	-0.0000	0.0323	-0.3037
2.9581	-0.0073	0.0325	0.0000	0.0324	-0.3037
2.9586	-0.0072	0.0325	-0.0000	0.0324	-0.3037
2.9591	-0.0073	0.0325	-0.0000	0.0324	-0.3036
2.9597	-0.0073	0.0325	0.0000	0.0323	-0.3035
2.9602	-0.0074	0.0325	0.0000	0.0324	-0.3035
2.9607	-0.0075	0.0325	-0.0000	0.0323	-0.3034
2.9612	-0.0072	0.0325	-0.0000	0.0323	-0.3034
2.9617	-0.0073	0.0325	-0.0000	0.0324	-0.3033
2.9622	-0.0072	0.0325	-0.0000	0.0324	-0.3032
2.9627	-0.0072	0.0325	-0.0000	0.0324	-0.3031
2.9632	-0.0073	0.0325	-0.0001	0.0324	-0.3030
2.9637	-0.0073	0.0325	-0.0000	0.0323	-0.3028
2.9642	-0.0073	0.0326	-0.0000	0.0324	-0.3027
2.9647	-0.0071	0.0325	-0.0000	0.0324	-0.3025
2.9652	-0.0074	0.0326	-0.0000	0.0324	-0.3022
2.9657	-0.0070	0.0325	0.0000	0.0324	-0.3021
2.9662	-0.0074	0.0325	-0.0000	0.0324	-0.3017
2.9667	-0.0070	0.0325	0.0000	0.0324	-0.3013
2.9673	-0.0074	0.0325	-0.0000	0.0323	-0.3006
2.9678	-0.0072	0.0325	-0.0000	0.0324	-0.3002
2.9683	-0.0072	0.0325	-0.0000	0.0324	-0.2992
2.9688	-0.0071	0.0325	-0.0000	0.0324	-0.2986
2.9693	-0.0072	0.0326	-0.0000	0.0324	-0.2977
2.9698	-0.0072	0.0325	0.0000	0.0324	-0.2959
2.9703	-0.0071	0.0325	-0.0000	0.0324	-0.2932
2.9708	-0.0071	0.0326	-0.0000	0.0324	-0.2887
2.9713	-0.0071	0.0326	0.0000	0.0324	-0.2849
2.9718	-0.0073	0.0326	0.0000	0.0324	-0.2649
2.9723	-0.0071	0.0325	-0.0000	0.0324	-0.2467
2.9728	-0.0071	0.0325	-0.0000	0.0325	-0.1894
2.9733	-0.0070	0.0325	-0.0000	0.0324	-0.1303
2.9738	-0.0071	0.0325	-0.0000	0.0324	-0.0029
2.9743	-0.0070	0.0325	0.0000	0.0324	0.1647
2.9749	-0.0071	0.0326	-0.0000	0.0324	0.3440
2.9754	-0.0073	0.0325	-0.0001	0.0324	0.6040
2.9759	-0.0072	0.0326	-0.0000	0.0324	0.7828
2.9764	-0.0074	0.0326	-0.0001	0.0324	0.9676
2.9769	-0.0071	0.0326	-0.0001	0.0325	0.9936
2.9774	-0.0072	0.0326	-0.0001	0.0325	1.0734
2.9779	-0.0071	0.0326	-0.0001	0.0325	0.9391
2.9784	-0.0074	0.0326	-0.0000	0.0324	0.3631
2.9789	-0.0070	0.0326	0.0000	0.0325	-0.0571
2.9794	-0.0071	0.0326	0.0000	0.0325	-0.1829
2.9799	-0.0071	0.0326	-0.0000	0.0324	-0.2546
2.9804	-0.0070	0.0326	-0.0000	0.0325	-0.2754
2.9809	-0.0071	0.0326	-0.0000	0.0324	-0.2845
2.9814	-0.0071	0.0326	0.0000	0.0324	-0.2906
2.9819	-0.0071	0.0326	0.0000	0.0324	-0.2945
2.9825	-0.0071	0.0326	-0.0000	0.0324	-0.2964
2.9830	-0.0073	0.0326	-0.0000	0.0325	-0.2978
2.9835	-0.0072	0.0326	0.0000	0.0324	-0.2986
2.9840	-0.0073	0.0326	-0.0001	0.0325	-0.2993
2.9845	-0.0072	0.0326	-0.0000	0.0324	-0.3001
2.9850	-0.0073	0.0326	-0.0000	0.0325	-0.3008
2.9855	-0.0072	0.0326	-0.0000	0.0324	-0.3010
2.9860	-0.0071	0.0326	-0.0000	0.0325	-0.3013
2.9865	-0.0071	0.0326	-0.0000	0.0324	-0.3016
2.9870	-0.0071	0.0326	-0.0000	0.0325	-0.3018
2.9875	-0.0072	0.0326	-0.0000	0.0325	-0.3020
2.9880	-0.0073	0.0326	-0.0000	0.0325	-0.3022
2.9885	-0.0072	0.0326	-0.0000	0.0325	-0.3024
2.9890	-0.0071	0.0326	-0.0000	0.0324	-0.3025
2.9895	-0.0071	0.0326	-0.0000	0.0324	-0.3027
2.9901	-0.0071	0.0326	-0.0000	0.0325	-0.3028
2.9906	-0.0070	0.0326	-0.0000	0.0325	-0.3029
2.9911	-0.0071	0.0326	-0.0000	0.0325	-0.3030
2.9916	-0.0072	0.0326	-0.0000	0.0325	-0.3032
2.9921	-0.0071	0.0327	-0.0000	0.0325	-0.3032
2.9926	-0.0071	0.0327	-0.0000	0.0325	-0.3033
2.9931	-0.0071	0.0326	-0.0000	0.0325	-0.3034
2.9936	-0.0072	0.0326	-0.0000	0.0325	-0.3034
2.9941	-0.0072	0.0326	-0.0000	0.0325	-0.3035
2.9946	-0.0073	0.0326	-0.0001	0.0325	-0.3035
2.9951	-0.0073	0.0326	-0.0000	0.0325	-0.3036
2.9956	-0.0072	0.0326	-0.0000	0.0325	-0.3036
2.9961	-0.0071	0.0326	-0.0000	0.0325	-0.3036
2.9966	-0.0071	0.0326	-0.0000	0.0325	-0.3038
2.9971	-0.0069	0.0326	-0.0001	0.0326	-0.3037
2.9977	-0.0070	0.0326	0.0000	0.0325	-0.3037
2.9982	-0.0073	0.0326	-0.0001	0.0325	-0.3038
2.9987	-0.0070	0.0326	-0.0000	0.0325	-0.3039
2.9992	-0.0073	0.0327	0.0000	0.0325	-0.3039
2.9997	-0.0069	0.0326	-0.0000	0.0325	-0.3039
3.0002	-0.0072	0.0326	-0.0000	0.0325	-0.3039
3.0007	-0.0071	0.0326	-0.0000	0.0325	-0.3039
3.0012	-0.0072	0.0327	-0.0001	0.0325	-0.3040
3.0017	-0.0070	0.0326	0.0000	0.0326	-0.3040
3.0022	-0.0071	0.0326	-0.0000	0.0325	-0.3040
3.0027	-0.0071	0.0326	-0.0000	0.0325	-0.3040
3.0032	-0.0070	0.0326	-0.0001	0.0325	-0.3040
3.0037	-0.0073	0.0327	-0.0000	0.0325	-0.3040
3.0042	-0.0067	0.0327	-0.0000	0.0325	-0.3041
3.0047	-0.0071	0.0327	-0.0000	0.0325	-0.3041
3.0053	-0.0068	0.0327	-0.0000	0.0325	-0.3041
3.0058	-0.0070	0.0327	-0.0000	0.0326	-0.3040
3.0063	-0.0070	0.0327	-0.0000	0.0326	-0.3041
3.0068	-0.0069	0.0326	-0.0000	0.0326	-0.3041
3.0073	-0.0072	0.0326	0.0000	0.0325	-0.3041
3.0078	-0.0067	0.0326	-0.0000	0.0326	-0.3041
3.0083	-0.0073	0.0327	-0.0000	0.0325	-0.3041
3.0088	-0.0067	0.0327	-0.0000	0.0325	-0.3041
3.0093	-0.0071	0.0327	-0.0000	0.0325	-0.3041
3.0098	-0.0069	0.0326	-0.0000	0.0325	-0.3041
3.0103	-0.0070	0.0327	-0.0000	0.0325	-0.3041
3.0108	-0.0068	0.0327	-0.0000	0.0325	-0.3041
3.0113	-0.0068	0.0327	-0.0000	0.0326	-0.3041
3.0118	-0.0069	0.0327	-0.0000	0.0326	-0.3042
3.0123	-0.0070	0.0326	-0.0000	0.0325	-0.3042
3.0129	-0.0071	0.0326	-0.0001	0.0326	-0.3042
3.0134	-0.0071	0.0327	-0.0000	0.0325	-0.3041
3.0139	-0.0073	0.0327	-0.0001	0.0326	-0.3042
3.0144	-0.0069	0.0327	-0.0000	0.0326	-0.3042
3.0149	-0.0073	0.0327	-0.0000	0.0325	-0.3042
3.0154	-0.0069	0.0327	0.0000	0.0326	-0.3042
3.0159	-0.0071	0.0327	-0.0000	0.0326	-0.3042
3.0164	-0.0071	0.0327	0.0000	0.0326	-0.3042
3.0169	-0.0070	0.0327	0.0000	0.0325	-0.3041
3.0174	-0.0072	0.0327	-0.0000	0.0326	-0.3041
3.0179	-0.0070	0.0327	-0.0000	0.0326	-0.3042
3.0184	-0.0074	0.0327	-0.0000	0.0326	-0.3042
3.0189	-0.0070	0.0327	-0.0000	0.0325	-0.3042
3.0194	-0.0071	0.0327	-0.0000	0.0326	-0.3042
3.0199	-0.0070	0.0327	-0.0000	0.0326	-0.3042
3.0205	-0.0070	0.0327	-0.0000	0.0326	-0.3042
3.0210	-0.0072	0.0327	-0.0000	0.0326	-0.3042
3.0215	-0.0073	0.0327	0.0000	0.0326	-0.3042
3.0220	-0.0073	0.0327	-0.0000	0.0326	-0.3043
3.0225	-0.0074	0.0327	0.0000	0.0326	-0.3042
3.0230	-0.0074	0.0327	-0.0000	0.0326	-0.3042
3.0235	-0.0074	0.0327	-0.0000	0.0326	-0.3043
3.0240	-0.0074	0.0328	-0.0000	0.0326	-0.3042
3.0245	-0.0074	0.0327	-0.0000	0.0326	-0.3043
3.0250	-0.0075	0.0327	-0.0000	0.0326	-0.3042
3.0255	-0.0073	0.0328	-0.0000	0.0326	-0.3042
3.0260	-0.0074	0.0327	-0.0000	0.0326	-0.3042
3.0265	-0.0074	0.0327	-0.0000	0.0326	-0.3043
3.0270	-0.0074	0.0327	-0.0001	0.0326	-0.3042
3.0275	-0.0073	0.0327	-0.0000	0.0326	-0.3042
3.0281	-0.0073	0.0327	-0.0000	0.0327	-0.3043
3.0286	-0.0073	0.0328	-0.0000	0.0326	-0.3042
3.0291	-0.0075	0.0328	-0.0000	0.0326	-0.3042
3.0296	-0.0073	0.0327	0.0000	0.0326	-0.3042
3.0301	-0.0074	0.0327	-0.0000	0.0326	-0.3042
3.0306	-0.0075	0.0327	-0.0001	0.0326	-0.3043
3.0311	-0.0074	0.0327	-0.0000	0.0327	-0.3043
3.0316	-0.0074	0.0328	-0.0000	0.0326	-0.3043
3.0321	-0.0075	0.0328	-0.0000	0.0326	-0.3042
3.0326	-0.0076	0.0328	-0.0000	0.0326	-0.3042
3.0331	-0.0077	0.0328	-0.0000	0.0326	-0.3043
3.0336	-0.0076	0.0328	-0.0000	0.0326	-0.3043
3.0341	-0.0076	0.0328	-0.0001	0.0326	-0.3043
3.0346	-0.0075	0.0327	0.0000	0.0326	-0.3043
3.0351	-0.0075	0.0328	-0.0000	0.0326	-0.3043
3.0357	-0.0075	0.0328	0.0000	0.0326	-0.3042
3.0362	-0.0075	0.0328	-0.0001	0.0327	-0.3043
3.0367	-0.0076	0.0328	-0.0000	0.0327	-0.3043
3.0372	-0.0074	0.0328	-0.0000	0.0326	-0.3043
3.0377	-0.0076	0.0328	-0.0000	0.0326	-0.3043
3.0382	-0.0075	0.0327	-0.0000	0.0327	-0.3043
3.0387	-0.0075	0.0328	-0.0000	0.0326	-0.3043
3.0392	-0.0071	0.0328	-0.0000	0.0327	-0.3043
3.0397	-0.0076	0.0327	-0.0000	0.0327	-0.3043
3.0402	-0.0075	0.0328	-0.0001	0.0326	-0.3043
3.0407	-0.0076	0.0328	-0.0000	0.0326	-0.3043
3.0412	-0.0075	0.0328	-0.0000	0.0326	-0.3043
3.0417	-0.0076	0.0328	-0.0001	0.0327	-0.3043
3.0422	-0.0077	0.0328	-0.0000	0.0327	-0.3043
3.0427	-0.0076	0.0328	-0.0000	0.0326	-0.3042
3.0433	-0.0077	0.0329	-0.0000	0.0326	-0.3042
3.0438	-0.0076	0.0328	-0.0000	0.0326	-0.3043
3.0443	-0.0076	0.0328	-0.0000	0.0327	-0.3042
3.0448	-0.0074	0.0328	-0.0000	0.0327	-0.3042
3.0453	-0.0076	0.0328	-0.0000	0.0327	-0.3043
3.0458	-0.0075	0.0328	-0.0001	0.0327	-0.3042
3.0463	-0.0075	0.0328	0.0000	0.0326	-0.3043
3.0468	-0.0075	0.0328	-0.0000	0.0327	-0.3043
3.0473	-0.0075	0.0329	-0.0000	0.0327	-0.3042
3.0478	-0.0076	0.0328	-0.0000	0.0326	-0.3042
3.0483	-0.0074	0.0328	-0.0000	0.0327	-0.3042
3.0488	-0.0076	0.0329	-0.0001	0.0326	-0.3042
3.0493	-0.0074	0.0328	-0.0000	0.0327	-0.3042
3.0498	-0.0075	0.0328	-0.0000	0.0327	-0.3042
3.0503	-0.0074	0.0328	-0.0001	0.0327	-0.3042
3.0509	-0.0074	0.0328	-0.0000	0.0327	-0.3042
3.0514	-0.0074	0.0328	0.0000	0.0327	-0.3042
3.0519	-0.0074	0.0328	-0.0000	0.0327	-0.3042
3.0524	-0.0074	0.0328	-0.0001	0.0327	-0.3043
3.0529	-0.0075	0.0329	-0.0001	0.0327	-0.3043
3.0534	-0.0074	0.0328	-0.0000	0.0327	-0.3042
3.0539	-0.0074	0.0328	-0.0000	0.0327	-0.3042
3.0544	-0.0073	0.0328	-0.0000	0.0327	-0.3042
3.0549	-0.0074	0.0328	0.0000	0.0327	-0.3042
3.0554	-0.0074	0.0328	-0.0000	0.0327	-0.3042
3.0559	-0.0075	0.0328	-0.0000	0.0327	-0.3042
3.0564	-0.0074	0.0328	-0.0000	0.0327	-0.3042
3.0569	-0.0075	0.0329	-0.0000	0.0327	-0.3042
3.0574	-0.0073	0.0328	-0.0000	0.0327	-0.3042
3.0579	-0.0074	0.0329	-0.0000	0.0327	-0.3042
3.0585	-0.0074	0.0328	-0.0001	0.0327	-0.3042
3.0590	-0.0074	0.0328	-0.0000	0.0327	-0.3042
3.0595	-0.0073	0.0328	-0.0000	0.0327	-0.3042
3.0600	-0.0074	0.0329	-0.0000	0.0327	-0.3042
3.0605	-0.0076	0.0328	-0.0000	0.0328	-0.3042
3.0610	-0.0073	0.0329	0.0000	0.0327	-0.3041
3.0615	-0.0074	0.0328	-0.0000	0.0327	-0.3041
3.0620	-0.0072	0.0329	-0.0000	0.0327	-0.3041
3.0625	-0.0075	0.0329	-0.0000	0.0327	-0.3042
3.0630	-0.0074	0.0329	-0.0000	0.0327	-0.3041
3.0635	-0.0074	0.0328	-0.0000	0.0327	-0.3041
3.0640	-0.0074	0.0329	-0.0000	0.0327	-0.3041
3.0645	-0.0074	0.0329	-0.0000	0.0328	-0.3041
3.0650	-0.0075	0.0329	0.0000	0.0327	-0.3041
3.0655	-0.0073	0.0328	-0.0000	0.0328	-0.3041
3.0661	-0.0076	0.0329	-0.0000	0.0327	-0.3041
3.0666	-0.0074	0.0328	0.0000	0.0328	-0.3041
3.0671	-0.0074	0.0329	-0.0000	0.0328	-0.3041
3.0676	-0.0074	0.0329	-0.0000	0.0328	-0.3041
3.0681	-0.0075	0.0329	-0.0000	0.0327	-0.3040
3.0686	-0.0074	0.0329	-0.0000	0.0327	-0.3041
3.0691	-0.0074	0.0329	-0.0000	0.0327	-0.3041
3.0696	-0.0074	0.0329	-0.0000	0.0327	-0.3040
3.0701	-0.0074	0.0329	-0.0000	0.0327	-0.3040
3.0706	-0.0074	0.0329	0.0000	0.0327	-0.3040
3.0711	-0.0072	0.0329	-0.0000	0.0327	-0.3039
3.0716	-0.0075	0.0329	-0.0000	0.0328	-0.3040
3.0721	-0.0072	0.0329	-0.0000	0.0327	-0.3039
3.0726	-0.0074	0.0329	-0.0000	0.0328	-0.3039
3.0731	-0.0073	0.0330	-0.0000	0.0327	-0.3039
3.0737	-0.0074	0.0329	-0.0000	0.0327	-0.3039
3.0742	-0.0074	0.0329	-0.0000	0.0328	-0.3038
3.0747	-0.0073	0.0328	-0.0000	0.0328	-0.3038
3.0752	-0.0073	0.0329	0.0000	0.0328	-0.3038
3.0757	-0.0072	0.0329	-0.0000	0.0328	-0.3037
3.0762	-0.0075	0.0329	-0.0000	0.0327	-0.3037
3.0767	-0.0072	0.0329	-0.0000	0.0327	-0.3037
3.0772	-0.0074	0.0329	-0.0000	0.0328	-0.3036
3.0777	-0.0071	0.0329	0.0000	0.0328	-0.3036
3.0782	-0.0074	0.0329	0.0000	0.0328	-0.3035
3.0787	-0.0072	0.0329	-0.0000	0.0328	-0.3034
3.0792	-0.0074	0.0329	-0.0000	0.0328	-0.3034
3.0797	-0.0074	0.0329	0.0000	0.0328	-0.3033
3.0802	-0.0074	0.0329	-0.0001	0.0328	-0.3032
3.0807	-0.0074	0.0329	-0.0000	0.0328	-0.3031
3.0813	-0.0071	0.0329	-0.0000	0.0328	-0.3030
3.0818	-0.0074	0.0329	-0.0001	0.0328	-0.3029
3.0823	-0.0071	0.0329	-0.0000	0.0328	-0.3027
3.0828	-0.0074	0.0329	0.0000	0.0328	-0.3025
3.0833	-0.0070	0.0330	0.0000	0.0328	-0.3025
3.0838	-0.0073	0.0329	-0.0000	0.0328	-0.3021
3.0843	-0.0071	0.0329	-0.0000	0.0328	-0.3018
3.0848	-0.0072	0.0330	-0.0000	0.0328	-0.3013
3.0853	-0.0072	0.0329	0.0000	0.0328	-0.3009
3.0858	-0.0072	0.0329	0.0000	0.0328	-0.3006
3.0863	-0.0072	0.0329	0.0000	0.0328	-0.2996
3.0868	-0.0072	0.0330	0.0000	0.0328	-0.2988
3.0873	-0.0073	0.0330	-0.0000	0.0328	-0.2980
3.0878	-0.0071	0.0330	-0.0000	0.0328	-0.2970
3.0883	-0.0071	0.0329	-0.0000	0.0328	-0.2950
3.0889	-0.0070	0.0330	-0.0000	0.0328	-0.2923
3.0894	-0.0072	0.0329	-0.0000	0.0328	-0.2881
3.0899	-0.0071	0.0330	-0.0000	0.0328	-0.2785
3.0904	-0.0072	0.0329	-0.0000	0.0328	-0.2592
3.0909	-0.0072	0.0330	-0.0000	0.0328	-0.2366
3.0914	-0.0073	0.0329	-0.0000	0.0328	-0.2181
3.0919	-0.0071	0.0330	-0.0000	0.0328	-0.0987
3.0924	-0.0070	0.0330	-0.0000	0.0328	-0.0274
3.0929	-0.0071	0.0330	-0.0001	0.0328	0.1017
3.0934	-0.0069	0.0329	-0.0000	0.0328	0.3248
3.0939	-0.0069	0.0329	-0.0000	0.0328	0.5348
3.0944	-0.0068	0.0329	-0.0000	0.0329	0.8060
3.0949	-0.0069	0.0330	-0.0000	0.0328	0.9043
3.0954	-0.0069	0.0330	-0.0000	0.0328	0.9952
3.0959	-0.0069	0.0330	-0.0000	0.0329	0.9953
3.0965	-0.0069	0.0329	-0.0000	0.0328	1.1195
3.0970	-0.0069	0.0329	-0.0000	0.0329	0.9221
3.0975	-0.0071	0.0330	0.0000	0.0328	0.0872
3.0980	-0.0071	0.0330	-0.0000	0.0328	-0.1908
3.0985	-0.0071	0.0330	-0.0000	0.0328	-0.2295
3.0990	-0.0070	0.0330	-0.0000	0.0329	-0.2744
3.0995	-0.0069	0.0330	0.0000	0.0329	-0.2826
3.1000	-0.0070	0.0330	-0.0000	0.0328	-0.2905
3.1005	-0.0068	0.0330	-0.0000	0.0329	-0.2932
3.1010	-0.0070	0.0330	-0.0001	0.0329	-0.2957
3.1015	-0.0068	0.0329	-0.0000	0.0329	-0.2972
3.1020	-0.0070	0.0330	0.0000	0.0328	-0.2984
3.1025	-0.0070	0.0330	-0.0000	0.0329	-0.2994
3.1030	-0.0070	0.0330	-0.0000	0.0328	-0.2998
3.1035	-0.0071	0.0330	-0.0000	0.0329	-0.3007
3.1041	-0.0070	0.0330	-0.0000	0.0329	-0.3009
3.1046	-0.0072	0.0330	-0.0000	0.0329	-0.3013
3.1051	-0.0072	0.0330	-0.0000	0.0328	-0.3016
3.1056	-0.0072	0.0330	-0.0000	0.0329	-0.3017
3.1061	-0.0072	0.0330	-0.0001	0.0329	-0.3022
3.1066	-0.0072	0.0330	-0.0000	0.0329	-0.3023
3.1071	-0.0072	0.0330	-0.0000	0.0329	-0.3025
3.1076	-0.0071	0.0330	-0.0000	0.0329	-0.3025
3.1081	-0.0070	0.0330	-0.0001	0.0329	-0.3027
3.1086	-0.0074	0.0330	-0.0000	0.0329	-0.3029
3.1091	-0.0071	0.0330	-0.0000	0.0329	-0.3031
3.1096	-0.0075	0.0331	-0.0000	0.0329	-0.3032
3.1101	-0.0071	0.0330	-0.0001	0.0329	-0.3032
3.1106	-0.0074	0.0330	-0.0000	0.0329	-0.3034
3.1111	-0.0072	0.0330	-0.0000	0.0329	-0.3033
3.1117	-0.0072	0.0330	-0.0000	0.0329	-0.3034
3.1122	-0.0074	0.0330	-0.0000	0.0329	-0.3035
3.1127	-0.0073	0.0330	0.0000	0.0329	-0.3036
3.1132	-0.0074	0.0330	-0.0000	0.0329	-0.3037
3.1137	-0.0072	0.0330	-0.0000	0.0329	-0.3037
3.1142	-0.0074	0.0331	-0.0000	0.0329	-0.3037
3.1147	-0.0071	0.0330	-0.0000	0.0329	-0.3038
3.1152	-0.0075	0.0331	-0.0001	0.0329	-0.3038
3.1157	-0.0073	0.0330	-0.0000	0.0329	-0.3038
3.1162	-0.0074	0.0330	-0.0000	0.0329	-0.3038
3.1167	-0.0073	0.0331	0.0000	0.0329	-0.3039
3.1172	-0.0076	0.0331	-0.0000	0.0329	-0.3039
3.1177	-0.0076	0.0331	-0.0000	0.0329	-0.3039
3.1182	-0.0075	0.0331	-0.0000	0.0329	-0.3039
3.1187	-0.0076	0.0331	-0.0000	0.0329	-0.3039
3.1193	-0.0076	0.0330	0.0000	0.0329	-0.3040
3.1198	-0.0077	0.0331	-0.0000	0.0329	-0.3040
3.1203	-0.0074	0.0331	-0.0000	0.0329	-0.3040
3.1208	-0.0078	0.0331	-0.0000	0.0329	-0.3040
3.1213	-0.0074	0.0331	-0.0000	0.0330	-0.3040
3.1218	-0.0076	0.0331	-0.0000	0.0329	-0.3040
3.1223	-0.0076	0.0331	-0.0000	0.0329	-0.3041
3.1228	-0.0076	0.0330	-0.0000	0.0329	-0.3040
3.1233	-0.0077	0.0331	-0.0000	0.0330	-0.3041
3.1238	-0.0075	0.0330	0.0000	0.0329	-0.3041
3.1243	-0.0076	0.0331	-0.0000	0.0329	-0.3041
3.1248	-0.0076	0.0331	0.0000	0.0329	-0.3041
3.1253	-0.0078	0.0331	-0.0000	0.0329	-0.3041
3.1258	-0.0076	0.0331	0.0000	0.0329	-0.3041
3.1263	-0.0079	0.0331	0.0000	0.0329	-0.3041
3.1269	-0.0075	0.0331	-0.0000	0.0329	-0.3041
3.1274	-0.0077	0.0331	-0.0000	0.0330	-0.3041
3.1279	-0.0078	0.0331	-0.0000	0.0329	-0.3041
3.1284	-0.0077	0.0331	-0.0000	0.0329	-0.3041
3.1289	-0.0078	0.0331	-0.0001	0.0330	-0.3041
3.1294	-0.0077	0.0331	-0.0000	0.0330	-0.3041
3.1299	-0.0076	0.0331	0.0000	0.0329	-0.3042
3.1304	-0.0077	0.0331	-0.0000	0.0329	-0.3041
3.1309	-0.0078	0.0331	-0.0000	0.0330	-0.3042
3.1314	-0.0075	0.0331	-0.0000	0.0330	-0.3041
3.1319	-0.0078	0.0331	0.0000	0.0330	-0.3041
3.1324	-0.0077	0.0331	-0.0000	0.0329	-0.3042
3.1329	-0.0077	0.0331	-0.0000	0.0330	-0.3042
3.1334	-0.0077	0.0331	-0.0000	0.0330	-0.3041
3.1339	-0.0076	0.0331	-0.0000	0.0330	-0.3042
3.1345	-0.0077	0.0331	0.0000	0.0330	-0.3042
3.1350	-0.0075	0.0331	-0.0000	0.0330	-0.3041
3.1355	-0.0076	0.0332	-0.0000	0.0330	-0.3042
3.1360	-0.0076	0.0331	-0.0000	0.0330	-0.3043
3.1365	-0.0076	0.0331	0.0000	0.0330	-0.3042
3.1370	-0.0076	0.0331	-0.0000	0.0330	-0.3042
3.1375	-0.0075	0.0332	-0.0000	0.0330	-0.3042
3.1380	-0.0076	0.0331	-0.0000	0.0330	-0.3042
3.1385	-0.0075	0.0332	-0.0000	0.0330	-0.3042
3.1390	-0.0075	0.0331	-0.0000	0.0330	-0.3042
3.1395	-0.0076	0.0332	-0.0000	0.0330	-0.3042
3.1400	-0.0076	0.0331	-0.0000	0.0330	-0.3042
3.1405	-0.0075	0.0332	-0.0001	0.0330	-0.3043
3.1410	-0.0075	0.0331	-0.0000	0.0330	-0.3042
3.1415	-0.0075	0.0331	0.0000	0.0330	-0.3042
3.1421	-0.0075	0.0331	-0.0000	0.0330	-0.3043
3.1426	-0.0076	0.0331	-0.0001	0.0330	-0.3042
3.1431	-0.0075	0.0331	-0.0000	0.0330	-0.3043
3.1436	-0.0076	0.0332	0.0000	0.0329	-0.3042
3.1441	-0.0074	0.0332	0.0000	0.0330	-0.3043
3.1446	-0.0077	0.0332	-0.0000	0.0330	-0.3043
3.1451	-0.0075	0.0332	-0.0000	0.0330	-0.3042
3.1456	-0.0075	0.0332	-0.0000	0.0330	-0.3042
3.1461	-0.0075	0.0332	-0.0000	0.0330	-0.3042
3.1466	-0.0075	0.0331	-0.0000	0.0330	-0.3043
3.1471	-0.0075	0.0331	-0.0001	0.0331	-0.3042
3.1476	-0.0076	0.0332	0.0000	0.0330	-0.3042
3.1481	-0.0077	0.0332	-0.0000	0.0331	-0.3042
3.1486	-0.0075	0.0332	-0.0000	0.0330	-0.3042
3.1491	-0.0076	0.0332	-0.0000	0.0330	-0.3042
3.1497	-0.0074	0.0332	-0.0000	0.0330	-0.3042
3.1502	-0.0077	0.0331	-0.0000	0.0331	-0.3042
3.1507	-0.0075	0.0332	0.0000	0.0330	-0.3042
3.1512	-0.0076	0.0332	-0.0000	0.0331	-0.3043
3.1517	-0.0076	0.0332	0.0000	0.0330	-0.3043
3.1522	-0.0077	0.0332	-0.0001	0.0331	-0.3043
3.1527	-0.0076	0.0332	-0.0000	0.0330	-0.3042
3.1532	-0.0077	0.0332	-0.0000	0.0331	-0.3043
3.1537	-0.0077	0.0332	-0.0000	0.0331	-0.3042
3.1542	-0.0075	0.0332	-0.0000	0.0330	-0.3043
3.1547	-0.0077	0.0332	-0.0000	0.0330	-0.3042
3.1552	-0.0075	0.0332	-0.0000	0.0330	-0.3043
3.1557	-0.0077	0.0332	-0.0000	0.0330	-0.3042
3.1562	-0.0076	0.0332	0.0000	0.0330	-0.3042
3.1567	-0.0078	0.0332	-0.0001	0.0330	-0.3043
3.1573	-0.0076	0.0332	-0.0000	0.0331	-0.3042
3.1578	-0.0077	0.0332	-0.0000	0.0331	-0.3042
3.1583	-0.0076	0.0332	-0.0000	0.0330	-0.3042
3.1588	-0.0078	0.0332	0.0000	0.0330	-0.3042
3.1593	-0.0078	0.0332	-0.0000	0.0330	-0.3042
3.1598	-0.0078	0.0332	0.0001	0.0330	-0.3042
3.1603	-0.0077	0.0332	-0.0000	0.0330	-0.3043
3.1608	-0.0077	0.0332	-0.0000	0.0331	-0.3043
3.1613	-0.0078	0.0333	-0.0000	0.0331	-0.3043
3.1618	-0.0077	0.0333	-0.0001	0.0330	-0.3042
3.1623	-0.0079	0.0333	0.0000	0.0330	-0.3043
3.1628	-0.0078	0.0332	-0.0000	0.0331	-0.3042
3.1633	-0.0080	0.0332	-0.0000	0.0331	-0.3042
3.1638	-0.0078	0.0332	-0.0000	0.0330	-0.3042
3.1643	-0.0079	0.0332	-0.0000	0.0331	-0.3042
3.1649	-0.0077	0.0332	-0.0000	0.0331	-0.3043
3.1654	-0.0077	0.0332	-0.0000	0.0331	-0.3042
3.1659	-0.0077	0.0332	-0.0001	0.0331	-0.3042
3.1664	-0.0077	0.0332	-0.0000	0.0331	-0.3043
3.1669	-0.0077	0.0332	-0.0000	0.0331	-0.3042
3.1674	-0.0076	0.0333	-0.0000	0.0331	-0.3042
3.1679	-0.0076	0.0333	-0.0000	0.0331	-0.3042
3.1684	-0.0076	0.0333	-0.0001	0.0331	-0.3042
3.1689	-0.0075	0.0332	-0.0000	0.0331	-0.3042
3.1694	-0.0076	0.0333	-0.0000	0.0330	-0.3043
3.1699	-0.0077	0.0332	-0.0000	0.0330	-0.3042
3.1704	-0.0079	0.0333	-0.0000	0.0331	-0.3042
3.1709	-0.0080	0.0332	-0.0000	0.0331	-0.3042
3.1714	-0.0080	0.0332	-0.0000	0.0331	-0.3042
3.1719	-0.0079	0.0332	-0.0000	0.0331	-0.3042
3.1725	-0.0078	0.0332	-0.0001	0.0331	-0.3042
3.1730	-0.0079	0.0332	0.0000	0.0331	-0.3042
3.1735	-0.0075	0.0333	-0.0000	0.0331	-0.3042
3.1740	-0.0078	0.0333	-0.0000	0.0331	-0.3042
3.1745	-0.0075	0.0333	0.0000	0.0331	-0.3042
3.1750	-0.0078	0.0333	-0.0001	0.0331	-0.3042
3.1755	-0.0076	0.0332	-0.0000	0.0331	-0.3042
3.1760	-0.0077	0.0333	-0.0000	0.0331	-0.3041
3.1765	-0.0076	0.0333	-0.0000	0.0331	-0.3041
3.1770	-0.0077	0.0332	-0.0000	0.0331	-0.3042
3.1775	-0.0076	0.0333	-0.0000	0.0331	-0.3041
3.1780	-0.0077	0.0333	-0.0000	0.0331	-0.3042
3.1785	-0.0078	0.0333	-0.0001	0.0331	-0.3041
3.1790	-0.0075	0.0333	-0.0000	0.0331	-0.3041
3.1795	-0.0078	0.0333	-0.0000	0.0331	-0.3041
3.1801	-0.0074	0.0332	-0.0001	0.0331	-0.3041
3.1806	-0.0077	0.0333	-0.0000	0.0331	-0.3041
3.1811	-0.0075	0.0332	-0.0000	0.0331	-0.3041
3.1816	-0.0077	0.0333	-0.0000	0.0331	-0.3041
3.1821	-0.0079	0.0333	-0.0000	0.0331	-0.3041
3.1826	-0.0077	0.0333	-0.0000	0.0331	-0.3041
3.1831	-0.0078	0.0333	-0.0000	0.0331	-0.3040
3.1836	-0.0073	0.0333	-0.0000	0.0331	-0.3041
3.1841	-0.0078	0.0333	-0.0001	0.0331	-0.3041
3.1846	-0.0074	0.0332	-0.0000	0.0331	-0.3041
3.1851	-0.0075	0.0333	-0.0000	0.0331	-0.3041
3.1856	-0.0073	0.0333	-0.0000	0.0332	-0.3041
3.1861	-0.0078	0.0333	-0.0000	0.0331	-0.3041
3.1866	-0.0075	0.0333	-0.0001	0.0332	-0.3040
3.1871	-0.0076	0.0333	-0.0000	0.0331	-0.3040
3.1877	-0.0076	0.0333	-0.0000	0.0332	-0.3040
3.1882	-0.0076	0.0333	-0.0000	0.0331	-0.3040
3.1887	-0.0076	0.0333	-0.0000	0.0331	-0.3040
3.1892	-0.0075	0.0333	0.0000	0.0332	-0.3040
3.1897	-0.0079	0.0333	-0.0000	0.0332	-0.3040
3.1902	-0.0076	0.0333	-0.0000	0.0332	-0.3040
3.1907	-0.0078	0.0333	-0.0000	0.0332	-0.3039
3.1912	-0.0074	0.0333	-0.0000	0.0331	-0.3038
3.1917	-0.0076	0.0333	-0.0000	0.0332	-0.3039
3.1922	-0.0075	0.0334	-0.0000	0.0332	-0.3038
3.1927	-0.0073	0.0333	-0.0000	0.0332	-0.3038
3.1932	-0.0077	0.0333	-0.0000	0.0332	-0.3038
3.1937	-0.0073	0.0333	-0.0001	0.0332	-0.3038
3.1942	-0.0076	0.0333	-0.0000	0.0332	-0.3037
3.1947	-0.0074	0.0333	-0.0000	0.0331	-0.3037
3.1953	-0.0078	0.0333	-0.0001	0.0333	-0.3037
3.1958	-0.0074	0.0333	-0.0000	0.0332	-0.3036
3.1963	-0.0077	0.0333	-0.0001	0.0332	-0.3036
3.1968	-0.0074	0.0333	-0.0000	0.0332	-0.3035
3.1973	-0.0077	0.0334	-0.0000	0.0332	-0.3035
3.1978	-0.0074	0.0333	-0.0000	0.0332	-0.3034
3.1983	-0.0076	0.0333	0.0000	0.0332	-0.3033
3.1988	-0.0077	0.0333	-0.0000	0.0332	-0.3032
3.1993	-0.0078	0.0333	-0.0001	0.0332	-0.3031
3.1998	-0.0077	0.0334	-0.0000	0.0332	-0.3029
3.2003	-0.0076	0.0333	0.0000	0.0332	-0.3028
3.2008	-0.0074	0.0333	-0.0000	0.0332	-0.3027
3.2013	-0.0076	0.0334	-0.0001	0.0332	-0.3025
3.2018	-0.0074	0.0333	-0.0000	0.0332	-0.3023
3.2023	-0.0077	0.0334	-0.0001	0.0333	-0.3020
3.2029	-0.0076	0.0333	-0.0000	0.0332	-0.3017
3.2034	-0.0078	0.0334	-0.0000	0.0333	-0.3014
3.2039	-0.0076	0.0333	-0.0000	0.0332	-0.3007
3.2044	-0.0078	0.0334	-0.0000	0.0332	-0.3000
3.2049	-0.0076	0.0334	-0.0001	0.0332	-0.2993
3.2054	-0.0077	0.0334	-0.0000	0.0332	-0.2989
3.2059	-0.0075	0.0334	-0.0001	0.0332	-0.2977
3.2064	-0.0076	0.0334	-0.0000	0.0332	-0.2963
3.2069	-0.0075	0.0333	-0.0000	0.0332	-0.2937
3.2074	-0.0077	0.0334	-0.0000	0.0332	-0.2897
3.2079	-0.0075	0.0334	-0.0001	0.0332	-0.2867
3.2084	-0.0075	0.0333	-0.0000	0.0332	-0.2776
3.2089	-0.0078	0.0334	-0.0000	0.0332	-0.2616
3.2094	-0.0077	0.0334	-0.0000	0.0332	-0.2293
3.2099	-0.0078	0.0334	0.0000	0.0332	-0.2044
3.2105	-0.0077	0.0334	-0.0000	0.0332	-0.0920
3.2110	-0.0078	0.0334	-0.0000	0.0332	0.0051
3.2115	-0.0077	0.0334	-0.0000	0.0333	0.1603
3.2120	-0.0076	0.0333	-0.0000	0.0332	0.4119
3.2125	-0.0075	0.0333	-0.0000	0.0332	0.6250
3.2130	-0.0076	0.0334	-0.0000	0.0333	0.9383
3.2135	-0.0076	0.0334	-0.0000	0.0332	1.0241
3.2140	-0.0077	0.0334	-0.0000	0.0332	1.0223
3.2145	-0.0076	0.0334	-0.0001	0.0333	1.0572
3.2150	-0.0077	0.0334	-0.0000	0.0333	1.0659
3.2155	-0.0076	0.0334	-0.0000	0.0333	0.4055
3.2160	-0.0076	0.0334	-0.0000	0.0332	-0.0226
3.2165	-0.0075	0.0334	-0.0000	0.0332	-0.2304
3.2170	-0.0076	0.0334	-0.0000	0.0333	-0.2585
3.2175	-0.0076	0.0333	0.0000	0.0333	-0.2786
3.2181	-0.0076	0.0334	-0.0000	0.0333	-0.2878
3.2186	-0.0076	0.0334	-0.0000	0.0332	-0.2896
3.2191	-0.0075	0.0334	-0.0000	0.0333	-0.2941
3.2196	-0.0075	0.0334	-0.0001	0.0333	-0.2957
3.2201	-0.0075	0.0334	-0.0001	0.0333	-0.2972
3.2206	-0.0075	0.0334	-0.0001	0.0333	-0.2987
3.2211	-0.0076	0.0334	-0.0000	0.0333	-0.2993
3.2216	-0.0076	0.0334	-0.0000	0.0333	-0.2998
3.2221	-0.0076	0.0334	-0.0000	0.0333	-0.3004
3.2226	-0.0076	0.0334	-0.0000	0.0333	-0.3007
3.2231	-0.0076	0.0334	-0.0000	0.0333	-0.3010
3.2236	-0.0077	0.0334	-0.0000	0.0333	-0.3014
3.2241	-0.0075	0.0334	-0.0000	0.0333	-0.3017
3.2246	-0.0076	0.0334	-0.0000	0.0333	-0.3018
3.2251	-0.0074	0.0335	-0.0000	0.0333	-0.3021
3.2257	-0.0077	0.0335	-0.0000	0.0333	-0.3023
3.2262	-0.0075	0.0334	-0.0001	0.0333	-0.3024
3.2267	-0.0076	0.0334	-0.0000	0.0333	-0.3026
3.2272	-0.0074	0.0335	-0.0000	0.0333	-0.3028
3.2277	-0.0075	0.0334	-0.0000	0.0333	-0.3029
3.2282	-0.0074	0.0334	-0.0000	0.0333	-0.3030
3.2287	-0.0076	0.0334	-0.0000	0.0333	-0.3032
3.2292	-0.0075	0.0334	-0.0000	0.0333	-0.3033
3.2297	-0.0075	0.0334	-0.0000	0.0333	-0.3033
3.2302	-0.0075	0.0334	-0.0000	0.0333	-0.3033
3.2307	-0.0074	0.0334	-0.0000	0.0333	-0.3034
3.2312	-0.0074	0.0335	-0.0000	0.0333	-0.3035
3.2317	-0.0074	0.0335	-0.0000	0.0333	-0.3036
3.2322	-0.0075	0.0335	-0.0000	0.0333	-0.3036
3.2327	-0.0074	0.0334	-0.0000	0.0333	-0.3037
3.2333	-0.0074	0.0334	-0.0000	0.0333	-0.3038
3.2338	-0.0074	0.0334	-0.0000	0.0333	-0.3038
3.2343	-0.0075	0.0335	-0.0000	0.0333	-0.3038
3.2348	-0.0073	0.0335	-0.0000	0.0333	-0.3038
3.2353	-0.0075	0.0335	-0.0001	0.0333	-0.3038
3.2358	-0.0074	0.0335	-0.0000	0.0333	-0.3038
3.2363	-0.0073	0.0335	-0.0001	0.0333	-0.3039
3.2368	-0.0075	0.0335	-0.0000	0.0333	-0.3039
3.2373	-0.0075	0.0335	-0.0000	0.0333	-0.3039
3.2378	-0.0074	0.0335	-0.0000	0.0333	-0.3039
3.2383	-0.0073	0.0335	-0.0000	0.0334	-0.3040
3.2388	-0.0074	0.0335	-0.0001	0.0333	-0.3039
3.2393	-0.0075	0.0335	-0.0000	0.0333	-0.3040
3.2398	-0.0073	0.0335	-0.0000	0.0334	-0.3040
3.2403	-0.0073	0.0335	-0.0000	0.0334	-0.3040
3.2409	-0.0074	0.0335	-0.0000	0.0334	-0.3040
3.2414	-0.0073	0.0335	-0.0000	0.0333	-0.3041
3.2419	-0.0073	0.0335	-0.0000	0.0334	-0.3040
3.2424	-0.0073	0.0335	-0.0000	0.0333	-0.3040
3.2429	-0.0073	0.0335	0.0000	0.0334	-0.3040
3.2434	-0.0071	0.0334	-0.0000	0.0334	-0.3041
3.2439	-0.0074	0.0334	-0.0000	0.0334	-0.3041
3.2444	-0.0072	0.0334	0.0000	0.0334	-0.3041
3.2449	-0.0074	0.0335	-0.0000	0.0334	-0.3041
3.2454	-0.0072	0.0335	-0.0000	0.0334	-0.3041
3.2459	-0.0074	0.0335	-0.0000	0.0333	-0.3041
3.2464	-0.0072	0.0335	-0.0000	0.0334	-0.3041
3.2469	-0.0072	0.0335	-0.0001	0.0334	-0.3041
3.2474	-0.0074	0.0335	0.0000	0.0333	-0.3041
3.2479	-0.0072	0.0335	-0.0000	0.0334	-0.3041
3.2485	-0.0074	0.0335	-0.0000	0.0334	-0.3041
3.2490	-0.0072	0.0335	-0.0001	0.0334	-0.3041
3.2495	-0.0074	0.0335	-0.0000	0.0334	-0.3041
3.2500	-0.0070	0.0335	0.0000	0.0334	-0.3041
3.2505	-0.0073	0.0335	-0.0001	0.0333	-0.3042
3.2510	-0.0070	0.0335	-0.0000	0.0334	-0.3041
3.2515	-0.0073	0.0335	-0.0000	0.0334	-0.3041
3.2520	-0.0071	0.0335	-0.0000	0.0334	-0.3041
3.2525	-0.0074	0.0335	-0.0000	0.0334	-0.3041
3.2530	-0.0071	0.0335	-0.0000	0.0334	-0.3042
3.2535	-0.0073	0.0335	-0.0001	0.0334	-0.3042
3.2540	-0.0072	0.0335	-0.0000	0.0334	-0.3042
3.2545	-0.0072	0.0335	-0.0000	0.0334	-0.3041
3.2550	-0.0072	0.0335	-0.0000	0.0334	-0.3042
3.2555	-0.0070	0.0334	-0.0000	0.0334	-0.3042
3.2561	-0.0073	0.0335	-0.0000	0.0334	-0.3042
3.2566	-0.0071	0.0336	0.0000	0.0335	-0.3042
3.2571	-0.0072	0.0335	-0.0000	0.0333	-0.3042
3.2576	-0.0070	0.0335	-0.0000	0.0334	-0.3042
3.2581	-0.0073	0.0335	-0.0000	0.0334	-0.3042
3.2586	-0.0071	0.0335	-0.0000	0.0334	-0.3042
3.2591	-0.0071	0.0336	-0.0000	0.0334	-0.3042
3.2596	-0.0072	0.0335	-0.0000	0.0335	-0.3043
3.2601	-0.0070	0.0335	-0.0000	0.0335	-0.3042
3.2606	-0.0073	0.0336	-0.0000	0.0334	-0.3042
3.2611	-0.0069	0.0336	-0.0000	0.0335	-0.3042
3.2616	-0.0073	0.0336	-0.0000	0.0334	-0.3043
3.2621	-0.0069	0.0335	0.0000	0.0334	-0.3043
3.2626	-0.0073	0.0336	-0.0001	0.0334	-0.3042
3.2631	-0.0068	0.0335	-0.0000	0.0334	-0.3043
3.2637	-0.0072	0.0335	-0.0000	0.0335	-0.3042
3.2642	-0.0070	0.0335	-0.0000	0.0334	-0.3042
3.2647	-0.0069	0.0335	-0.0000	0.0334	-0.3042
3.2652	-0.0069	0.0336	-0.0000	0.0335	-0.3043
3.2657	-0.0068	0.0336	-0.0000	0.0334	-0.3042
3.2662	-0.0072	0.0336	-0.0000	0.0334	-0.3042
3.2667	-0.0067	0.0336	-0.0001	0.0334	-0.3042
3.2672	-0.0072	0.0336	-0.0000	0.0334	-0.3043
3.2677	-0.0068	0.0335	0.0000	0.0334	-0.3043
3.2682	-0.0071	0.0335	-0.0000	0.0334	-0.3043
3.2687	-0.0067	0.0335	0.0000	0.0335	-0.3043
3.2692	-0.0069	0.0336	-0.0000	0.0334	-0.3042
3.2697	-0.0068	0.0336	-0.0000	0.0334	-0.3042
3.2702	-0.0067	0.0336	-0.0000	0.0334	-0.3043
3.2707	-0.0068	0.0336	-0.0000	0.0335	-0.3043
3.2713	-0.0069	0.0336	-0.0000	0.0335	-0.3042
3.2718	-0.0068	0.0336	-0.0000	0.0335	-0.3043
3.2723	-0.0068	0.0335	-0.0000	0.0334	-0.3042
3.2728	-0.0066	0.0336	-0.0000	0.0335	-0.3042
3.2733	-0.0066	0.0335	-0.0000	0.0335	-0.3043
3.2738	-0.0066	0.0336	-0.0000	0.0334	-0.3043
3.2743	-0.0066	0.0335	-0.0000	0.0335	-0.3042
3.2748	-0.0065	0.0335	-0.0001	0.0335	-0.3043
3.2753	-0.0066	0.0336	-0.0000	0.0335	-0.3043
3.2758	-0.0065	0.0336	-0.0000	0.0334	-0.3042
3.2763	-0.0065	0.0336	-0.0000	0.0335	-0.3043
3.2768	-0.0067	0.0336	-0.0000	0.0334	-0.3042
3.2773	-0.0068	0.0336	-0.0000	0.0335	-0.3043
3.2778	-0.0065	0.0336	-0.0001	0.0335	-0.3043
3.2783	-0.0063	0.0335	-0.0000	0.0335	-0.3042
3.2789	-0.0066	0.0336	-0.0001	0.0335	-0.3043
3.2794	-0.0064	0.0336	-0.0000	0.0335	-0.3042
3.2799	-0.0065	0.0336	-0.0000	0.0335	-0.3043
3.2804	-0.0065	0.0336	-0.0000	0.0335	-0.3042
3.2809	-0.0064	0.0336	-0.0000	0.0335	-0.3042
3.2814	-0.0064	0.0336	-0.0001	0.0335	-0.3043
3.2819	-0.0064	0.0336	-0.0000	0.0335	-0.3042
3.2824	-0.0066	0.0336	-0.0001	0.0335	-0.3042
3.2829	-0.0064	0.0336	-0.0000	0.0335	-0.3042
3.2834	-0.0065	0.0336	-0.0000	0.0335	-0.3043
3.2839	-0.0065	0.0336	-0.0000	0.0335	-0.3042
3.2844	-0.0064	0.0336	-0.0000	0.0335	-0.3043
3.2849	-0.0065	0.0336	-0.0001	0.0335	-0.3042
3.2854	-0.0066	0.0336	-0.0000	0.0335	-0.3042
3.2859	-0.0065	0.0336	-0.0000	0.0336	-0.3043
3.2865	-0.0066	0.0336	0.0000	0.0335	-0.3043
3.2870	-0.0067	0.0336	-0.0000	0.0334	-0.3042
3.2875	-0.0065	0.0336	0.0000	0.0335	-0.3042
3.2880	-0.0067	0.0336	0.0000	0.0335	-0.3042
3.2885	-0.0063	0.0336	-0.0000	0.0335	-0.3042
3.2890	-0.0067	0.0336	-0.0000	0.0335	-0.3042
3.2895	-0.0064	0.0337	-0.0001	0.0335	-0.3042
3.2900	-0.0067	0.0336	0.0000	0.0335	-0.3043
3.2905	-0.0064	0.0336	-0.0000	0.0335	-0.3042
3.2910	-0.0066	0.0336	-0.0000	0.0335	-0.3042
3.2915	-0.0066	0.0337	0.0000	0.0335	-0.3042
3.2920	-0.0064	0.0336	-0.0000	0.0335	-0.3042
3.2925	-0.0068	0.0337	-0.0000	0.0335	-0.3042
3.2930	-0.0064	0.0336	-0.0000	0.0335	-0.3042
3.2935	-0.0069	0.0336	-0.0000	0.0335	-0.3042
3.2941	-0.0065	0.0336	-0.0001	0.0336	-0.3041
3.2946	-0.0069	0.0336	-0.0000	0.0336	-0.3042
3.2951	-0.0065	0.0337	-0.0000	0.0335	-0.3041
3.2956	-0.0070	0.0337	0.0000	0.0335	-0.3042
3.2961	-0.0065	0.0337	-0.0000	0.0335	-0.3042
3.2966	-0.0069	0.0337	-0.0000	0.0336	-0.3042
3.2971	-0.0067	0.0337	-0.0001	0.0335	-0.3042
3.2976	-0.0068	0.0336	-0.0000	0.0336	-0.3041
3.2981	-0.0068	0.0336	-0.0001	0.0336	-0.3042
3.2986	-0.0066	0.0337	-0.0000	0.0336	-0.3041
3.2991	-0.0068	0.0337	-0.0000	0.0336	-0.3042
3.2996	-0.0067	0.0337	-0.0000	0.0335	-0.3041
3.3001	-0.0069	0.0337	-0.0000	0.0336	-0.3041
3.3006	-0.0066	0.0337	-0.0001	0.0335	-0.3042
3.3011	-0.0070	0.0337	-0.0001	0.0336	-0.3041
3.3017	-0.0066	0.0336	-0.0000	0.0336	-0.3041
3.3022	-0.0068	0.0337	0.0000	0.0336	-0.3041
3.3027	-0.0068	0.0337	-0.0000	0.0336	-0.3041
3.3032	-0.0067	0.0336	-0.0000	0.0336	-0.3041
3.3037	-0.0069	0.0337	-0.0000	0.0336	-0.3041
3.3042	-0.0067	0.0337	-0.0000	0.0336	-0.3041
3.3047	-0.0070	0.0337	0.0000	0.0336	-0.3041
3.3052	-0.0068	0.0337	-0.0000	0.0335	-0.3041
3.3057	-0.0070	0.0337	-0.0000	0.0336	-0.3040
3.3062	-0.0067	0.0337	-0.0000	0.0336	-0.3041
3.3067	-0.0070	0.0337	-0.0000	0.0336	-0.3040
3.3072	-0.0067	0.0337	-0.0000	0.0336	-0.3040
3.3077	-0.0071	0.0337	-0.0000	0.0335	-0.3041
3.3082	-0.0068	0.0337	-0.0000	0.0335	-0.3040
3.3087	-0.0070	0.0337	-0.0000	0.0336	-0.3040
3.3093	-0.0070	0.0337	-0.0000	0.0336	-0.3040
3.3098	-0.0071	0.0337	-0.0000	0.0336	-0.3039
3.3103	-0.0069	0.0337	-0.0000	0.0336	-0.3039
3.3108	-0.0070	0.0337	0.0000	0.0336	-0.3039
3.3113	-0.0069	0.0337	-0.0000	0.0336	-0.3039
3.3118	-0.0069	0.0338	-0.0000	0.0336	-0.3040
3.3123	-0.0069	0.0337	-0.0000	0.0336	-0.3039
3.3128	-0.0068	0.0337	-0.0000	0.0336	-0.3039
3.3133	-0.0070	0.0337	-0.0000	0.0336	-0.3039
3.3138	-0.0069	0.0337	-0.0000	0.0337	-0.3038
3.3143	-0.0070	0.0337	-0.0000	0.0336	-0.3038
3.3148	-0.0069	0.0338	-0.0001	0.0336	-0.3038
3.3153	-0.0070	0.0337	-0.0000	0.0336	-0.3037
3.3158	-0.0069	0.0337	-0.0001	0.0336	-0.3037
3.3163	-0.0070	0.0337	-0.0000	0.0337	-0.3037
3.3169	-0.0069	0.0337	-0.0000	0.0336	-0.3036
3.3174	-0.0070	0.0337	-0.0000	0.0336	-0.3036
3.3179	-0.0070	0.0338	-0.0000	0.0336	-0.3036
3.3184	-0.0069	0.0337	-0.0001	0.0337	-0.3035
3.3189	-0.0069	0.0338	-0.0000	0.0336	-0.3034
3.3194	-0.0068	0.0338	-0.0000	0.0336	-0.3033
3.3199	-0.0069	0.0338	0.0000	0.0336	-0.3033
3.3204	-0.0069	0.0338	-0.0000	0.0336	-0.3032
3.3209	-0.0069	0.0338	0.0000	0.0336	-0.3031
3.3214	-0.0068	0.0338	-0.0000	0.0337	-0.3030
3.3219	-0.0068	0.0337	-0.0000	0.0336	-0.3028
3.3224	-0.0067	0.0338	-0.0000	0.0336	-0.3029
3.3229	-0.0067	0.0337	-0.0000	0.0336	-0.3026
3.3234	-0.0065	0.0337	-0.0000	0.0336	-0.3024
3.3239	-0.0067	0.0337	-0.0000	0.0336	-0.3022
3.3245	-0.0067	0.0338	-0.0000	0.0337	-0.3020
3.3250	-0.0067	0.0338	-0.0000	0.0336	-0.3017
3.3255	-0.0067	0.0338	-0.0001	0.0336	-0.3013
3.3260	-0.0068	0.0337	-0.0000	0.0336	-0.3007
3.3265	-0.0067	0.0338	-0.0000	0.0336	-0.3001
3.3270	-0.0067	0.0337	0.0000	0.0336	-0.2997
3.3275	-0.0066	0.0338	-0.0000	0.0336	-0.2989
3.3280	-0.0066	0.0338	-0.0000	0.0337	-0.2980
3.3285	-0.0066	0.0338	-0.0000	0.0336	-0.2970
3.3290	-0.0066	0.0338	-0.0000	0.0336	-0.2944
3.3295	-0.0066	0.0338	-0.0000	0.0337	-0.2916
3.3300	-0.0066	0.0338	-0.0000	0.0337	-0.2860
3.3305	-0.0066	0.0337	-0.0000	0.0336	-0.2785
3.3310	-0.0066	0.0338	-0.0000	0.0336	-0.2621
3.3315	-0.0066	0.0338	-0.0000	0.0336	-0.2354
3.3321	-0.0065	0.0337	-0.0000	0.0337	-0.2049
3.3326	-0.0065	0.0338	-0.0000	0.0337	-0.0579
3.3331	-0.0065	0.0338	0.0000	0.0337	0.0144
3.3336	-0.0065	0.0337	-0.0000	0.0337	0.1557
3.3341	-0.0064	0.0337	-0.0000	0.0337	0.3435
3.3346	-0.0065	0.0338	-0.0000	0.0337	0.7396
3.3351	-0.0064	0.0337	0.0000	0.0337	0.9588
3.3356	-0.0065	0.0338	-0.0000	0.0337	1.0490
3.3361	-0.0063	0.0338	-0.0000	0.0337	1.0669
3.3366	-0.0064	0.0338	-0.0000	0.0337	1.1568
3.3371	-0.0065	0.0338	-0.0000	0.0336	1.0178
3.3376	-0.0064	0.0338	-0.0000	0.0336	0.1333
3.3381	-0.0063	0.0338	-0.0000	0.0337	-0.1630
3.3386	-0.0064	0.0338	-0.0000	0.0337	-0.2511
3.3391	-0.0063	0.0337	-0.0001	0.0337	-0.2791
3.3397	-0.0064	0.0338	-0.0001	0.0337	-0.2871
3.3402	-0.0063	0.0338	-0.0000	0.0337	-0.2911
3.3407	-0.0063	0.0338	-0.0000	0.0337	-0.2942
3.3412	-0.0062	0.0338	-0.0000	0.0337	-0.2958
3.3417	-0.0063	0.0338	-0.0001	0.0337	-0.2979
3.3422	-0.0062	0.0338	-0.0000	0.0337	-0.2986
3.3427	-0.0063	0.0339	-0.0000	0.0337	-0.2995
3.3432	-0.0062	0.0338	-0.0000	0.0337	-0.3003
3.3437	-0.0064	0.0338	-0.0000	0.0337	-0.3008
3.3442	-0.0064	0.0338	-0.0000	0.0338	-0.3012
3.3447	-0.0063	0.0339	-0.0000	0.0338	-0.3014
3.3452	-0.0064	0.0338	-0.0000	0.0337	-0.3017
3.3457	-0.0063	0.0338	-0.0001	0.0337	-0.3019
3.3462	-0.0064	0.0338	-0.0000	0.0337	-0.3022
3.3467	-0.0064	0.0338	0.0000	0.0337	-0.3023
3.3473	-0.0065	0.0338	-0.0000	0.0337	-0.3025
3.3478	-0.0062	0.0338	-0.0001	0.0338	-0.3026
3.3483	-0.0064	0.0338	-0.0000	0.0337	-0.3027
3.3488	-0.0062	0.0338	-0.0000	0.0337	-0.3029
3.3493	-0.0061	0.0339	-0.0000	0.0337	-0.3029
3.3498	-0.0060	0.0338	-0.0000	0.0338	-0.3030
3.3503	-0.0062	0.0338	0.0000	0.0337	-0.3031
3.3508	-0.0061	0.0338	-0.0000	0.0337	-0.3033
3.3513	-0.0062	0.0338	-0.0000	0.0337	-0.3033
3.3518	-0.0064	0.0338	-0.0001	0.0337	-0.3034
3.3523	-0.0062	0.0339	-0.0000	0.0337	-0.3034
3.3528	-0.0063	0.0338	-0.0000	0.0338	-0.3035
3.3533	-0.0062	0.0338	-0.0001	0.0337	-0.3035
3.3538	-0.0061	0.0338	-0.0000	0.0337	-0.3035
3.3543	-0.0061	0.0338	-0.0000	0.0337	-0.3036
3.3549	-0.0062	0.0338	-0.0000	0.0337	-0.3036
3.3554	-0.0062	0.0338	-0.0000	0.0337	-0.3036
3.3559	-0.0061	0.0338	-0.0000	0.0337	-0.3037
3.3564	-0.0063	0.0338	-0.0000	0.0337	-0.3037
3.3569	-0.0060	0.0339	-0.0000	0.0337	-0.3038
3.3574	-0.0062	0.0339	-0.0000	0.0337	-0.3038
3.3579	-0.0060	0.0338	-0.0000	0.0337	-0.3038
3.3584	-0.0062	0.0339	-0.0000	0.0337	-0.3039
3.3589	-0.0062	0.0338	-0.0001	0.0337	-0.3039
3.3594	-0.0063	0.0338	-0.0000	0.0337	-0.3039
3.3599	-0.0062	0.0338	-0.0000	0.0337	-0.3040
3.3604	-0.0061	0.0339	-0.0000	0.0338	-0.3040
3.3609	-0.0064	0.0339	-0.0000	0.0338	-0.3039
3.3614	-0.0060	0.0338	-0.0000	0.0338	-0.3039
3.3619	-0.0064	0.0338	-0.0001	0.0338	-0.3040
3.3625	-0.0062	0.0339	-0.0000	0.0338	-0.3040
3.3630	-0.0066	0.0338	-0.0000	0.0337	-0.3040
3.3635	-0.0059	0.0339	-0.0000	0.0337	-0.3040
3.3640	-0.0065	0.0339	-0.0000	0.0337	-0.3040
3.3645	-0.0061	0.0338	-0.0000	0.0338	-0.3041
3.3650	-0.0063	0.0339	-0.0000	0.0337	-0.3040
3.3655	-0.0062	0.0338	-0.0000	0.0338	-0.3041
3.3660	-0.0063	0.0338	0.0000	0.0337	-0.3041
3.3665	-0.0064	0.0339	-0.0000	0.0338	-0.3040
3.3670	-0.0062	0.0338	-0.0000	0.0337	-0.3041
3.3675	-0.0066	0.0339	-0.0001	0.0337	-0.3040
3.3680	-0.0062	0.0339	-0.0000	0.0337	-0.3041
3.3685	-0.0065	0.0340	-0.0000	0.0338	-0.3041
3.3690	-0.0061	0.0339	-0.0001	0.0338	-0.3040
3.3695	-0.0065	0.0339	-0.0000	0.0337	-0.3041
3.3701	-0.0061	0.0339	-0.0000	0.0338	-0.3041
3.3706	-0.0064	0.0339	-0.0000	0.0338	-0.3041
3.3711	-0.0062	0.0339	-0.0000	0.0338	-0.3041
3.3716	-0.0061	0.0338	-0.0001	0.0338	-0.3041
3.3721	-0.0063	0.0338	-0.0001	0.0338	-0.3042
3.3726	-0.0061	0.0339	-0.0000	0.0338	-0.3041
3.3731	-0.0065	0.0339	-0.0000	0.0338	-0.3041
3.3736	-0.0061	0.0339	-0.0001	0.0338	-0.3041
3.3741	-0.0064	0.0339	-0.0000	0.0338	-0.3042
3.3746	-0.0059	0.0339	-0.0000	0.0338	-0.3041
3.3751	-0.0062	0.0339	-0.0000	0.0338	-0.3042
3.3756	-0.0060	0.0339	-0.0000	0.0338	-0.3042
3.3761	-0.0063	0.0339	0.0000	0.0338	-0.3042
3.3766	-0.0062	0.0339	-0.0000	0.0338	-0.3042
3.3771	-0.0061	0.0339	0.0000	0.0338	-0.3041
3.3777	-0.0063	0.0339	-0.0000	0.0339	-0.3042
3.3782	-0.0060	0.0339	-0.0001	0.0338	-0.3042
3.3787	-0.0063	0.0340	-0.0000	0.0338	-0.3042
3.3792	-0.0061	0.0339	-0.0000	0.0339	-0.3042
3.3797	-0.0062	0.0339	-0.0000	0.0339	-0.3042
3.3802	-0.0063	0.0339	-0.0000	0.0338	-0.3043
3.3807	-0.0063	0.0339	-0.0000	0.0338	-0.3041
3.3812	-0.0063	0.0339	0.0000	0.0338	-0.3042
3.3817	-0.0063	0.0340	-0.0000	0.0338	-0.3042
3.3822	-0.0063	0.0339	-0.0000	0.0338	-0.3043
3.3827	-0.0063	0.0339	-0.0000	0.0338	-0.3042
3.3832	-0.0063	0.0339	-0.0001	0.0338	-0.3043
3.3837	-0.0062	0.0339	-0.0000	0.0338	-0.3043
3.3842	-0.0063	0.0339	-0.0000	0.0338	-0.3042
3.3847	-0.0062	0.0339	-0.0001	0.0338	-0.3043
3.3853	-0.0063	0.0339	-0.0000	0.0338	-0.3042
3.3858	-0.0062	0.0339	-0.0000	0.0339	-0.3042
3.3863	-0.0062	0.0339	-0.0000	0.0339	-0.3042
3.3868	-0.0062	0.0340	0.0000	0.0339	-0.3042
3.3873	-0.0063	0.0339	-0.0000	0.0338	-0.3042
3.3878	-0.0062	0.0340	-0.0000	0.0338	-0.3042
3.3883	-0.0063	0.0340	0.0000	0.0339	-0.3042
3.3888	-0.0063	0.0340	-0.0001	0.0339	-0.3042
3.3893	-0.0062	0.0339	-0.0001	0.0338	-0.3043
3.3898	-0.0063	0.0340	-0.0000	0.0339	-0.3043
3.3903	-0.0062	0.0339	-0.0001	0.0339	-0.3043
3.3908	-0.0062	0.0339	-0.0001	0.0338	-0.3043
3.3913	-0.0061	0.0339	-0.0000	0.0339	-0.3043
3.3918	-0.0061	0.0339	-0.0000	0.0338	-0.3043
3.3923	-0.0060	0.0340	-0.0000	0.0339	-0.3043
3.3929	-0.0063	0.0340	-0.0000	0.0339	-0.3043
3.3934	-0.0062	0.0340	-0.0000	0.0339	-0.3043
3.3939	-0.0061	0.0340	-0.0001	0.0338	-0.3042
3.3944	-0.0062	0.0340	-0.0000	0.0338	-0.3042
3.3949	-0.0062	0.0339	-0.0001	0.0339	-0.3043
3.3954	-0.0063	0.0339	0.0000	0.0338	-0.3042
3.3959	-0.0061	0.0340	-0.0000	0.0339	-0.3043
3.3964	-0.0062	0.0340	-0.0000	0.0339	-0.3042
3.3969	-0.0061	0.0340	-0.0001	0.0339	-0.3042
3.3974	-0.0062	0.0340	0.0000	0.0339	-0.3043
3.3979	-0.0062	0.0340	-0.0001	0.0339	-0.3042
3.3984	-0.0061	0.0340	-0.0000	0.0339	-0.3042
3.3989	-0.0062	0.0340	-0.0000	0.0339	-0.3042
3.3994	-0.0060	0.0339	-0.0001	0.0339	-0.3042
3.3999	-0.0061	0.0339	-0.0000	0.0339	-0.3042
3.4005	-0.0061	0.0339	-0.0000	0.0339	-0.3042
3.4010	-0.0063	0.0340	-0.0000	0.0339	-0.3042
3.4015	-0.0060	0.0339	-0.0000	0.0339	-0.3043
3.4020	-0.0063	0.0340	-0.0000	0.0339	-0.3043
3.4025	-0.0060	0.0340	-0.0001	0.0339	-0.3043
3.4030	-0.0063	0.0340	-0.0000	0.0339	-0.3043
3.4035	-0.0060	0.0340	-0.0000	0.0339	-0.3043
3.4040	-0.0062	0.0339	-0.0000	0.0338	-0.3043
3.4045	-0.0060	0.0340	-0.0000	0.0339	-0.3043
3.4050	-0.0061	0.0340	-0.0000	0.0339	-0.3042
3.4055	-0.0061	0.0340	-0.0000	0.0339	-0.3043
3.4060	-0.0059	0.0340	-0.0000	0.0339	-0.3043
3.4065	-0.0062	0.0339	-0.0000	0.0339	-0.3043
3.4070	-0.0059	0.0340	-0.0000	0.0339	-0.3043
3.4075	-0.0060	0.0340	-0.0000	0.0339	-0.3043
3.4081	-0.0058	0.0340	-0.0001	0.0339	-0.3043
3.4086	-0.0061	0.0340	-0.0000	0.0339	-0.3043
3.4091	-0.0059	0.0340	-0.0000	0.0339	-0.3042
3.4096	-0.0058	0.0340	-0.0000	0.0339	-0.3043
3.4101	-0.0059	0.0339	-0.0000	0.0339	-0.3043
3.4106	-0.0059	0.0340	-0.0000	0.0339	-0.3042
3.4111	-0.0059	0.0340	-0.0001	0.0340	-0.3042
3.4116	-0.0058	0.0340	-0.0001	0.0339	-0.3042
3.4121	-0.0059	0.0340	-0.0001	0.0339	-0.3043
3.4126	-0.0058	0.0340	-0.0000	0.0339	-0.3042
3.4131	-0.0059	0.0340	-0.0000	0.0339	-0.3043
3.4136	-0.0058	0.0340	-0.0001	0.0339	-0.3042
3.4141	-0.0057	0.0340	-0.0000	0.0338	-0.3042
3.4146	-0.0058	0.0340	-0.0001	0.0339	-0.3043
3.4151	-0.0057	0.0340	-0.0001	0.0339	-0.3042
3.4157	-0.0057	0.0340	-0.0000	0.0339	-0.3042
3.4162	-0.0057	0.0340	-0.0000	0.0339	-0.3042
3.4167	-0.0057	0.0340	-0.0000	0.0339	-0.3042
3.4172	-0.0057	0.0340	-0.0000	0.0339	-0.3042
3.4177	-0.0056	0.0340	-0.0000	0.0339	-0.3042
3.4182	-0.0056	0.0340	-0.0000	0.0339	-0.3042
3.4187	-0.0057	0.0340	-0.0000	0.0339	-0.3042
3.4192	-0.0057	0.0340	-0.0001	0.0339	-0.3042
3.4197	-0.0055	0.0340	-0.0000	0.0340	-0.3042
3.4202	-0.0056	0.0340	-0.0001	0.0340	-0.3042
3.4207	-0.0054	0.0340	-0.0001	0.0339	-0.3042
3.4212	-0.0055	0.0340	-0.0001	0.0339	-0.3042
3.4217	-0.0055	0.0340	-0.0000	0.0339	-0.3042
3.4222	-0.0055	0.0340	-0.0000	0.0339	-0.3041
3.4227	-0.0055	0.0340	-0.0001	0.0339	-0.3042
3.4233	-0.0055	0.0340	-0.0000	0.0339	-0.3041
3.4238	-0.0054	0.0340	-0.0000	0.0339	-0.3042
3.4243	-0.0053	0.0340	-0.0000	0.0339	-0.3041
3.4248	-0.0055	0.0340	-0.0000	0.0339	-0.3042
3.4253	-0.0053	0.0340	-0.0000	0.0339	-0.3041
3.4258	-0.0054	0.0340	-0.0000	0.0340	-0.3041
3.4263	-0.0052	0.0340	0.0000	0.0339	-0.3041
3.4268	-0.0053	0.0340	0.0000	0.0339	-0.3041
3.4273	-0.0053	0.0340	-0.0000	0.0340	-0.3041
3.4278	-0.0053	0.0341	-0.0001	0.0339	-0.3041
3.4283	-0.0053	0.0340	-0.0000	0.0340	-0.3041
3.4288	-0.0052	0.0340	-0.0000	0.0339	-0.3041
3.4293	-0.0052	0.0340	-0.0000	0.0339	-0.3041
3.4298	-0.0052	0.0340	-0.0000	0.0340	-0.3041
3.4303	-0.0054	0.0340	-0.0000	0.0340	-0.3041
3.4309	-0.0052	0.0340	-0.0000	0.0340	-0.3040
3.4314	-0.0052	0.0340	0.0000	0.0340	-0.3040
3.4319	-0.0052	0.0340	-0.0000	0.0340	-0.3040
3.4324	-0.0052	0.0340	-0.0000	0.0340	-0.3040
3.4329	-0.0050	0.0341	-0.0000	0.0339	-0.3040
3.4334	-0.0051	0.0340	0.0000	0.0339	-0.3040
3.4339	-0.0050	0.0341	-0.0000	0.0339	-0.3039
3.4344	-0.0051	0.0341	-0.0000	0.0339	-0.3039
3.4349	-0.0051	0.0340	-0.0000	0.0340	-0.3039
3.4354	-0.0050	0.0341	-0.0001	0.0340	-0.3039
3.4359	-0.0050	0.0341	-0.0001	0.0340	-0.3039
3.4364	-0.0049	0.0340	0.0000	0.0340	-0.3038
3.4369	-0.0051	0.0340	-0.0000	0.0340	-0.3038
3.4374	-0.0048	0.0341	-0.0001	0.0340	-0.3038
3.4379	-0.0048	0.0340	-0.0000	0.0340	-0.3038
3.4385	-0.0047	0.0340	-0.0000	0.0340	-0.3037
3.4390	-0.0050	0.0340	-0.0000	0.0339	-0.3037
3.4395	-0.0048	0.0340	-0.0000	0.0339	-0.3036
3.4400	-0.0050	0.0340	-0.0000	0.0340	-0.3036
3.4405	-0.0047	0.0340	-0.0000	0.0340	-0.3036
3.4410	-0.0049	0.0340	-0.0001	0.0340	-0.3035
3.4415	-0.0048	0.0340	-0.0000	0.0339	-0.3034
3.4420	-0.0049	0.0340	-0.0000	0.0340	-0.3034
3.4425	-0.0049	0.0340	-0.0001	0.0340	-0.3033
3.4430	-0.0049	0.0340	-0.0000	0.0339	-0.3032
3.4435	-0.0051	0.0341	-0.0000	0.0340	-0.3031
3.4440	-0.0049	0.0340	-0.0000	0.0340	-0.3030
3.4445	-0.0049	0.0340	-0.0000	0.0340	-0.3029
3.4450	-0.0046	0.0340	-0.0000	0.0340	-0.3027
3.4455	-0.0047	0.0341	-0.0000	0.0340	-0.3025
3.4461	-0.0048	0.0340	-0.0000	0.0340	-0.3024
3.4466	-0.0049	0.0340	-0.0000	0.0340	-0.3022
3.4471	-0.0048	0.0340	-0.0000	0.0340	-0.3019
3.4476	-0.0047	0.0340	-0.0000	0.0340	-0.3016
3.4481	-0.0046	0.0341	-0.0000	0.0340	-0.3010
3.4486	-0.0045	0.0340	-0.0001	0.0340	-0.3008
3.4491	-0.0044	0.0340	-0.0001	0.0340	-0.3001
3.4496	-0.0045	0.0340	-0.0001	0.0340	-0.2996
3.4501	-0.0046	0.0340	-0.0000	0.0340	-0.2983
3.4506	-0.0045	0.0340	-0.0001	0.0340	-0.2977
3.4511	-0.0045	0.0340	-0.0000	0.0340	-0.2967
3.4516	-0.0047	0.0340	-0.0000	0.0340	-0.2944
3.4521	-0.0045	0.0341	-0.0000	0.0340	-0.2919
3.4526	-0.0044	0.0340	-0.0000	0.0340	-0.2874
3.4531	-0.0045	0.0340	-0.0000	0.0340	-0.2790
3.4537	-0.0043	0.0340	-0.0000	0.0340	-0.2659
3.4542	-0.0043	0.0340	-0.0001	0.0340	-0.2406
3.4547	-0.0042	0.0340	-0.0001	0.0340	-0.1991
3.4552	-0.0042	0.0340	-0.0000	0.0340	-0.1005
3.4557	-0.0039	0.0340	0.0000	0.0340	0.0044
3.4562	-0.0043	0.0340	-0.0000	0.0339	0.1907
3.4567	-0.0041	0.0340	-0.0001	0.0340	0.3407
3.4572	-0.0044	0.0340	-0.0000	0.0340	0.6766
3.4577	-0.0043	0.0340	-0.0000	0.0339	0.8248
3.4582	-0.0043	0.0340	-0.0000	0.0340	1.0280
3.4587	-0.0041	0.0340	-0.0001	0.0340	1.0694
3.4592	-0.0042	0.0340	-0.0001	0.0340	1.0721
3.4597	-0.0043	0.0340	-0.0001	0.0340	1.1159
3.4602	-0.0041	0.0340	-0.0001	0.0340	1.3069
3.4607	-0.0045	0.0340	-0.0000	0.0340	0.9778
3.4613	-0.0044	0.0340	-0.0001	0.0340	0.2667
3.4618	-0.0043	0.0340	-0.0000	0.0340	-0.1056
3.4623	-0.0041	0.0340	-0.0000	0.0340	-0.2233
3.4628	-0.0042	0.0340	-0.0000	0.0339	-0.2625
3.4633	-0.0041	0.0340	-0.0001	0.0339	-0.2788
3.4638	-0.0039	0.0341	-0.0000	0.0340	-0.2847
3.4643	-0.0042	0.0340	-0.0001	0.0340	-0.2907
3.4648	-0.0038	0.0340	-0.0000	0.0339	-0.2916
3.4653	-0.0042	0.0339	-0.0000	0.0340	-0.2944
3.4658	-0.0038	0.0340	-0.0001	0.0340	-0.2962
3.4663	-0.0042	0.0340	-0.0000	0.0339	-0.2977
3.4668	-0.0038	0.0340	-0.0001	0.0340	-0.2989
3.4673	-0.0040	0.0340	-0.0001	0.0339	-0.2993
3.4678	-0.0038	0.0340	-0.0001	0.0340	-0.3001
3.4683	-0.0041	0.0340	-0.0001	0.0340	-0.3002
3.4689	-0.0038	0.0340	-0.0001	0.0340	-0.3009
3.4694	-0.0039	0.0340	-0.0001	0.0340	-0.3013
3.4699	-0.0038	0.0339	-0.0001	0.0340	-0.3016
3.4704	-0.0034	0.0340	-0.0001	0.0339	-0.3018
3.4709	-0.0038	0.0339	-0.0000	0.0340	-0.3020
3.4714	-0.0038	0.0340	-0.0001	0.0340	-0.3022
3.4719	-0.0034	0.0340	-0.0001	0.0340	-0.3024
3.4724	-0.0036	0.0339	-0.0000	0.0339	-0.3026
3.4729	-0.0037	0.0340	-0.0001	0.0340	-0.3027
3.4734	-0.0033	0.0339	-0.0000	0.0339	-0.3028
3.4739	-0.0034	0.0339	-0.0000	0.0340	-0.3030
3.4744	-0.0035	0.0340	-0.0001	0.0339	-0.3031
3.4749	-0.0031	0.0340	-0.0001	0.0340	-0.3032
3.4754	-0.0034	0.0339	-0.0000	0.0340	-0.3033
3.4759	-0.0034	0.0340	0.0000	0.0339	-0.3033
3.4765	-0.0031	0.0339	0.0000	0.0339	-0.3033
3.4770	-0.0032	0.0339	-0.0000	0.0339	-0.3034
3.4775	-0.0031	0.0340	-0.0000	0.0340	-0.3035
3.4780	-0.0033	0.0339	0.0000	0.0340	-0.3035
3.4785	-0.0029	0.0339	-0.0000	0.0340	-0.3037
3.4790	-0.0033	0.0339	-0.0000	0.0339	-0.3036
3.4795	-0.0030	0.0339	-0.0000	0.0339	-0.3037
3.4800	-0.0032	0.0339	-0.0000	0.0339	-0.3037
3.4805	-0.0029	0.0339	-0.0000	0.0339	-0.3037
3.4810	-0.0032	0.0339	-0.0001	0.0339	-0.3038
3.4815	-0.0030	0.0339	0.0000	0.0339	-0.3037
3.4820	-0.0031	0.0339	-0.0000	0.0339	-0.3039
3.4825	-0.0030	0.0339	-0.0000	0.0339	-0.3039
3.4830	-0.0028	0.0339	-0.0000	0.0339	-0.3039
3.4835	-0.0029	0.0339	-0.0000	0.0339	-0.3039
3.4841	-0.0028	0.0339	-0.0000	0.0339	-0.3039
3.4846	-0.0029	0.0339	-0.0001	0.0339	-0.3039
3.4851	-0.0027	0.0339	-0.0000	0.0339	-0.3040
3.4856	-0.0029	0.0339	-0.0001	0.0339	-0.3039
3.4861	-0.0026	0.0339	-0.0000	0.0339	-0.3040
3.4866	-0.0028	0.0339	-0.0000	0.0339	-0.3039
3.4871	-0.0029	0.0339	-0.0000	0.0339	-0.3040
3.4876	-0.0026	0.0339	-0.0000	0.0339	-0.3040
3.4881	-0.0025	0.0339	-0.0000	0.0340	-0.3040
3.4886	-0.0026	0.0339	-0.0000	0.0339	-0.3040
3.4891	-0.0027	0.0338	0.0000	0.0339	-0.3040
3.4896	-0.0027	0.0338	-0.0000	0.0339	-0.3040
3.4901	-0.0028	0.0338	0.0000	0.0339	-0.3041
3.4906	-0.0027	0.0339	-0.0000	0.0339	-0.3041
3.4911	-0.0026	0.0339	-0.0001	0.0339	-0.3041
3.4917	-0.0025	0.0339	-0.0001	0.0339	-0.3041
3.4922	-0.0026	0.0339	0.0000	0.0339	-0.3041
3.4927	-0.0025	0.0338	0.0000	0.0339	-0.3041
3.4932	-0.0024	0.0338	-0.0000	0.0339	-0.3041
3.4937	-0.0024	0.0338	-0.0000	0.0338	-0.3041
3.4942	-0.0023	0.0338	-0.0001	0.0339	-0.3041
3.4947	-0.0021	0.0338	-0.0000	0.0339	-0.3041
3.4952	-0.0022	0.0338	-0.0000	0.0338	-0.3041
3.4957	-0.0023	0.0338	-0.0000	0.0339	-0.3041
3.4962	-0.0022	0.0338	-0.0000	0.0338	-0.3041
3.4967	-0.0022	0.0338	-0.0000	0.0339	-0.3041
3.4972	-0.0021	0.0338	-0.0000	0.0338	-0.3042
3.4977	-0.0021	0.0337	-0.0000	0.0338	-0.3042
3.4982	-0.0021	0.0337	-0.0000	0.0338	-0.3041
3.4987	-0.0020	0.0338	-0.0001	0.0338	-0.3042
3.4993	-0.0020	0.0338	-0.0000	0.0338	-0.3041
3.4998	-0.0020	0.0338	-0.0001	0.0338	-0.3042
3.5003	-0.0021	0.0338	-0.0000	0.0338	-0.3042
3.5008	-0.0020	0.0338	-0.0001	0.0338	-0.3042
3.5013	-0.0021	0.0337	-0.0000	0.0338	-0.3042
3.5018	-0.0019	0.0338	-0.0001	0.0338	-0.3042
3.5023	-0.0020	0.0337	-0.0000	0.0337	-0.3042
3.5028	-0.0019	0.0337	-0.0000	0.0338	-0.3042
3.5033	-0.0019	0.0337	0.0000	0.0338	-0.3042
3.5038	-0.0016	0.0337	-0.0001	0.0338	-0.3042
3.5043	-0.0019	0.0337	-0.0000	0.0338	-0.3042
3.5048	-0.0018	0.0337	-0.0001	0.0338	-0.3042
3.5053	-0.0018	0.0337	-0.0000	0.0337	-0.3042
3.5058	-0.0017	0.0337	-0.0001	0.0337	-0.3042
3.5063	-0.0017	0.0337	-0.0000	0.0337	-0.3042
3.5069	-0.0016	0.0337	-0.0000	0.0337	-0.3042
3.5074	-0.0016	0.0337	-0.0000	0.0337	-0.3042
3.5079	-0.0015	0.0337	-0.0000	0.0337	-0.3042
3.5084	-0.0016	0.0337	-0.0000	0.0337	-0.3042
3.5089	-0.0015	0.0336	-0.0000	0.0337	-0.3043
3.5094	-0.0015	0.0336	-0.0000	0.0337	-0.3043
3.5099	-0.0014	0.0336	-0.0000	0.0337	-0.3042
3.5104	-0.0014	0.0336	-0.0000	0.0337	-0.3043
3.5109	-0.0014	0.0336	-0.0000	0.0337	-0.3043
3.5114	-0.0014	0.0336	-0.0000	0.0337	-0.3042
3.5119	-0.0013	0.0336	-0.0001	0.0337	-0.3042
3.5124	-0.0014	0.0336	-0.0000	0.0337	-0.3042
3.5129	-0.0011	0.0336	-0.0000	0.0337	-0.3042
3.5134	-0.0012	0.0336	-0.0001	0.0337	-0.3042
3.5139	-0.0009	0.0336	-0.0000	0.0336	-0.3042
3.5145	-0.0012	0.0336	-0.0000	0.0337	-0.3042
3.5150	-0.0010	0.0335	-0.0000	0.0336	-0.3043
3.5155	-0.0010	0.0335	-0.0000	0.0337	-0.3042
3.5160	-0.0010	0.0335	-0.0000	0.0336	-0.3043
3.5165	-0.0009	0.0336	-0.0001	0.0336	-0.3042
3.5170	-0.0009	0.0336	-0.0000	0.0336	-0.3042
3.5175	-0.0008	0.0335	-0.0000	0.0336	-0.3042
3.5180	-0.0009	0.0335	0.0000	0.0336	-0.3043
3.5185	-0.0007	0.0335	-0.0000	0.0336	-0.3042
3.5190	-0.0008	0.0335	-0.0000	0.0336	-0.3042
3.5195	-0.0006	0.0335	-0.0000	0.0336	-0.3043
3.5200	-0.0006	0.0335	-0.0000	0.0336	-0.3042
3.5205	-0.0006	0.0335	-0.0000	0.0336	-0.3043
3.5210	-0.0005	0.0334	-0.0000	0.0335	-0.3043
3.5215	-0.0004	0.0335	-0.0000	0.0335	-0.3042
3.5221	-0.0004	0.0334	-0.0000	0.0335	-0.3043
3.5226	-0.0004	0.0334	-0.0000	0.0335	-0.3042
3.5231	-0.0003	0.0334	-0.0000	0.0335	-0.3042
3.5236	-0.0002	0.0334	0.0000	0.0335	-0.3042
3.5241	-0.0002	0.0334	-0.0000	0.0335	-0.3042
3.5246	-0.0002	0.0334	-0.0000	0.0335	-0.3043
3.5251	-0.0001	0.0333	-0.0000	0.0335	-0.3043
3.5256	0.0000	0.0333	-0.0000	0.0334	-0.3043
3.5261	-0.0000	0.0334	-0.0000	0.0334	-0.3043
3.5266	0.0000	0.0333	-0.0000	0.0334	-0.3042
3.5271	0.0002	0.0332	-0.0000	0.0334	-0.3043
3.5276	0.0001	0.0333	-0.0000	0.0334	-0.3042
3.5281	0.0003	0.0333	-0.0000	0.0334	-0.3042
3.5286	0.0003	0.0332	-0.0000	0.0333	-0.3043
3.5291	0.0005	0.0332	-0.0000	0.0334	-0.3043
3.5297	0.0003	0.0332	-0.0000	0.0334	-0.3042
3.5302	0.0004	0.0333	-0.0000	0.0334	-0.3043
3.5307	-0.0013	0.0332	-0.0000	0.0333	-0.3043
3.5312	0.0002	0.0332	-0.0001	0.0333	-0.3042
3.5317	0.0006	0.0332	-0.0000	0.0333	-0.3042
3.5322	0.0007	0.0332	-0.0000	0.0333	-0.3043
3.5327	0.0008	0.0331	-0.0001	0.0333	-0.3043
3.5332	0.0007	0.0331	-0.0000	0.0333	-0.3043
3.5337	0.0010	0.0331	-0.0000	0.0333	-0.3042
3.5342	0.0009	0.0331	-0.0000	0.0333	-0.3042
3.5347	0.0010	0.0331	-0.0000	0.0333	-0.3042
3.5352	0.0009	0.0331	-0.0000	0.0332	-0.3042
3.5357	0.0012	0.0331	-0.0000	0.0332	-0.3042
3.5362	0.0011	0.0331	-0.0000	0.0332	-0.3042
3.5367	0.0012	0.0331	-0.0000	0.0332	-0.3041
3.5373	0.0013	0.0330	-0.0000	0.0332	-0.3042
3.5378	0.0014	0.0330	-0.0000	0.0332	-0.3042
3.5383	0.0013	0.0329	-0.0000	0.0331	-0.3043
3.5388	0.0014	0.0330	-0.0000	0.0331	-0.3042
3.5393	0.0015	0.0329	-0.0000	0.0332	-0.3042
3.5398	0.0014	0.0329	-0.0000	0.0331	-0.3042
3.5403	0.0017	0.0329	-0.0000	0.0330	-0.3042
3.5408	0.0015	0.0329	-0.0000	0.0331	-0.3042
3.5413	0.0019	0.0329	0.0000	0.0331	-0.3042
3.5418	0.0017	0.0329	-0.0000	0.0330	-0.3042
3.5423	0.0020	0.0329	-0.0001	0.0331	-0.3042
3.5428	0.0018	0.0328	-0.0001	0.0330	-0.3042
3.5433	0.0021	0.0328	-0.0001	0.0330	-0.3042
3.5438	0.0021	0.0327	-0.0001	0.0330	-0.3042
3.5443	0.0022	0.0328	-0.0001	0.0330	-0.3042
3.5449	0.0024	0.0328	-0.0001	0.0330	-0.3042
3.5454	0.0025	0.0327	-0.0001	0.0330	-0.3042
3.5459	0.0025	0.0327	-0.0000	0.0329	-0.3042
3.5464	0.0026	0.0327	-0.0000	0.0329	-0.3042
3.5469	0.0028	0.0327	-0.0000	0.0329	-0.3042
3.5474	0.0026	0.0327	-0.0000	0.0329	-0.3042
3.5479	0.0028	0.0327	-0.0000	0.0329	-0.3042
3.5484	0.0028	0.0326	-0.0000	0.0328	-0.3042
3.5489	0.0029	0.0326	-0.0000	0.0328	-0.3042
3.5494	0.0031	0.0326	-0.0000	0.0328	-0.3042
3.5499	0.0032	0.0326	-0.0000	0.0328	-0.3041
3.5504	0.0030	0.0325	-0.0001	0.0328	-0.3041
3.5509	0.0032	0.0325	-0.0001	0.0327	-0.3041
3.5514	0.0032	0.0325	-0.0000	0.0327	-0.3041
3.5519	0.0035	0.0325	-0.0000	0.0327	-0.3041
3.5525	0.0034	0.0324	-0.0001	0.0327	-0.3041
3.5530	0.0036	0.0324	-0.0001	0.0327	-0.3040
3.5535	0.0037	0.0324	-0.0001	0.0326	-0.3041
3.5540	0.0037	0.0324	-0.0000	0.0327	-0.3041
3.5545	0.0039	0.0323	-0.0001	0.0326	-0.3041
3.5550	0.0038	0.0323	-0.0000	0.0326	-0.3041
3.5555	0.0039	0.0323	-0.0001	0.0325	-0.3040
3.5560	0.0040	0.0323	-0.0001	0.0325	-0.3040
3.5565	0.0041	0.0322	-0.0000	0.0325	-0.3040
3.5570	0.0043	0.0322	-0.0000	0.0325	-0.3040
3.5575	0.0043	0.0322	-0.0000	0.0325	-0.3040
3.5580	0.0044	0.0321	-0.0001	0.0325	-0.3040
3.5585	0.0043	0.0322	-0.0000	0.0324	-0.3040
3.5590	0.0044	0.0321	-0.0000	0.0324	-0.3040
3.5595	0.0045	0.0321	-0.0000	0.0324	-0.3039
3.5601	0.0045	0.0321	-0.0001	0.0323	-0.3040
3.5606	0.0046	0.0320	-0.0001	0.0323	-0.3040
3.5611	0.0047	0.0320	-0.0000	0.0323	-0.3039
3.5616	0.0049	0.0320	-0.0000	0.0323	-0.3039
3.5621	0.0049	0.0320	-0.0000	0.0323	-0.3038
3.5626	0.0051	0.0319	-0.0001	0.0322	-0.3038
3.5631	0.0050	0.0319	-0.0001	0.0322	-0.3037
3.5636	0.0052	0.0319	-0.0001	0.0322	-0.3038
3.5641	0.0052	0.0318	-0.0000	0.0322	-0.3037
3.5646	0.0053	0.0318	-0.0001	0.0321	-0.3036
3.5651	0.0053	0.0318	-0.0000	0.0321	-0.3036
3.5656	0.0054	0.0318	-0.0000	0.0321	-0.3036
3.5661	0.0055	0.0318	-0.0000	0.0320	-0.3035
3.5666	0.0055	0.0317	-0.0000	0.0320	-0.3035
3.5671	0.0056	0.0316	-0.0001	0.0320	-0.3034
3.5677	0.0052	0.0316	-0.0001	0.0320	-0.3034
3.5682	0.0055	0.0315	-0.0001	0.0319	-0.3033
3.5687	0.0057	0.0316	-0.0000	0.0319	-0.3032
3.5692	0.0060	0.0315	-0.0000	0.0319	-0.3031
3.5697	0.0057	0.0315	-0.0000	0.0318	-0.3030
3.5702	0.0060	0.0315	-0.0000	0.0318	-0.3029
3.5707	0.0060	0.0315	-0.0000	0.0318	-0.3028
3.5712	0.0061	0.0314	-0.0000	0.0318	-0.3025
3.5717	0.0063	0.0315	-0.0001	0.0317	-0.3024
3.5722	0.0061	0.0314	-0.0000	0.0317	-0.3021
3.5727	0.0065	0.0313	-0.0000	0.0317	-0.3018
3.5732	0.0064	0.0313	-0.0001	0.0316	-0.3015
3.5737	0.0066	0.0313	-0.0000	0.0317	-0.3011
3.5742	0.0065	0.0313	-0.0001	0.0316	-0.3004
3.5747	0.0066	0.0312	-0.0000	0.0315	-0.3000
3.5753	0.0068	0.0312	-0.0001	0.0316	-0.2994
3.5758	0.0066	0.0312	-0.0001	0.0315	-0.2986
3.5763	0.0069	0.0311	-0.0000	0.0315	-0.2976
3.5768	0.0067	0.0311	-0.0000	0.0315	-0.2969
3.5773	0.0072	0.0311	-0.0001	0.0314	-0.2950
3.5778	0.0067	0.0311	-0.0000	0.0314	-0.2930
3.5783	0.0072	0.0310	-0.0000	0.0314	-0.2913
3.5788	0.0072	0.0310	-0.0001	0.0314	-0.2821
3.5793	0.0072	0.0310	-0.0000	0.0313	-0.2757
3.5798	0.0074	0.0309	0.0000	0.0313	-0.2546
3.5803	0.0075	0.0309	-0.0000	0.0312	-0.2141
3.5808	0.0075	0.0309	-0.0000	0.0312	-0.1671
3.5813	0.0074	0.0308	-0.0000	0.0312	-0.0822
3.5818	0.0078	0.0308	-0.0000	0.0312	0.0423
3.5823	0.0076	0.0308	-0.0001	0.0311	0.1666
3.5829	0.0082	0.0307	-0.0000	0.0311	0.3871
3.5834	0.0082	0.0307	-0.0000	0.0311	0.6904
3.5839	0.0085	0.0307	-0.0000	0.0310	0.9742
3.5844	0.0081	0.0306	-0.0000	0.0310	1.0638
3.5849	0.0083	0.0306	-0.0000	0.0310	1.0686
3.5854	0.0086	0.0305	-0.0000	0.0310	1.1846
3.5859	0.0088	0.0304	-0.0000	0.0309	1.2281
3.5864	0.0088	0.0305	-0.0000	0.0309	0.7388
3.5869	0.0089	0.0304	-0.0000	0.0308	-0.0370
3.5874	0.0089	0.0303	-0.0000	0.0308	-0.2025
3.5879	0.0086	0.0303	-0.0000	0.0308	-0.2536
3.5884	0.0089	0.0302	-0.0000	0.0307	-0.2799
3.5889	0.0089	0.0302	-0.0000	0.0306	-0.2879
3.5894	0.0092	0.0302	-0.0001	0.0306	-0.2928
3.5899	0.0090	0.0301	-0.0000	0.0306	-0.2947
3.5905	0.0093	0.0301	0.0000	0.0305	-0.2963
3.5910	0.0093	0.0300	-0.0000	0.0305	-0.2978
3.5915	0.0096	0.0299	-0.0000	0.0305	-0.2988
3.5920	0.0096	0.0300	0.0000	0.0304	-0.2992
3.5925	0.0098	0.0299	-0.0000	0.0304	-0.3000
3.5930	0.0099	0.0299	0.0000	0.0303	-0.3005
3.5935	0.0099	0.0298	-0.0000	0.0303	-0.3009
3.5940	0.0101	0.0298	-0.0000	0.0302	-0.3013
3.5945	0.0102	0.0297	-0.0000	0.0302	-0.3015
3.5950	0.0103	0.0297	-0.0001	0.0301	-0.3017
3.5955	0.0103	0.0297	-0.0000	0.0302	-0.3018
3.5960	0.0103	0.0297	-0.0000	0.0301	-0.3021
3.5965	0.0104	0.0296	0.0000	0.0301	-0.3023
3.5970	0.0107	0.0295	-0.0000	0.0300	-0.3024
3.5975	0.0107	0.0295	-0.0000	0.0300	-0.3026
3.5981	0.0108	0.0294	-0.0001	0.0300	-0.3026
3.5986	0.0109	0.0294	-0.0000	0.0300	-0.3028
3.5991	0.0111	0.0294	-0.0001	0.0299	-0.3029
3.5996	0.0110	0.0293	-0.0000	0.0299	-0.3029
3.6001	0.0114	0.0293	-0.0001	0.0298	-0.3031
3.6006	0.0114	0.0292	-0.0000	0.0297	-0.3032
3.6011	0.0115	0.0292	0.0000	0.0297	-0.3032
3.6016	0.0116	0.0291	-0.0000	0.0297	-0.3033
3.6021	0.0118	0.0291	-0.0000	0.0296	-0.3034
3.6026	0.0118	0.0290	-0.0000	0.0296	-0.3034
3.6031	0.0121	0.0290	-0.0000	0.0296	-0.3035
3.6036	0.0122	0.0290	-0.0001	0.0295	-0.3035
3.6041	0.0122	0.0289	-0.0000	0.0295	-0.3036
3.6046	0.0125	0.0289	-0.0001	0.0294	-0.3036
3.6051	0.0124	0.0289	-0.0000	0.0293	-0.3037
3.6057	0.0127	0.0288	-0.0000	0.0293	-0.3037
3.6062	0.0128	0.0287	-0.0001	0.0293	-0.3038
3.6067	0.0130	0.0287	-0.0000	0.0293	-0.3038
3.6072	0.0130	0.0286	-0.0001	0.0292	-0.3039
3.6077	0.0131	0.0286	-0.0000	0.0292	-0.3038
3.6082	0.0131	0.0285	-0.0000	0.0291	-0.3038
3.6087	0.0133	0.0285	-0.0001	0.0291	-0.3039
3.6092	0.0134	0.0285	-0.0000	0.0290	-0.3039
3.6097	0.0134	0.0284	-0.0000	0.0291	-0.3039
3.6102	0.0136	0.0284	-0.0000	0.0290	-0.3040
3.6107	0.0136	0.0283	-0.0000	0.0289	-0.3039
3.6112	0.0139	0.0282	-0.0000	0.0289	-0.3040
3.6117	0.0138	0.0282	-0.0001	0.0288	-0.3040
3.6122	0.0141	0.0281	-0.0000	0.0288	-0.3040
3.6127	0.0141	0.0281	0.0000	0.0288	-0.3040
3.6133	0.0144	0.0281	-0.0001	0.0287	-0.3039
3.6138	0.0143	0.0281	-0.0000	0.0287	-0.3040
3.6143	0.0147	0.0280	0.0000	0.0286	-0.3040
3.6148	0.0146	0.0280	-0.0000	0.0286	-0.3040
3.6153	0.0148	0.0278	-0.0000	0.0285	-0.3041
3.6158	0.0150	0.0278	0.0000	0.0285	-0.3041
3.6163	0.0150	0.0278	-0.0000	0.0284	-0.3041
3.6168	0.0153	0.0277	-0.0000	0.0284	-0.3040
3.6173	0.0152	0.0277	0.0000	0.0284	-0.3041
3.6178	0.0154	0.0276	-0.0000	0.0283	-0.3041
3.6183	0.0153	0.0276	-0.0000	0.0283	-0.3041
3.6188	0.0157	0.0276	-0.0001	0.0282	-0.3040
3.6193	0.0157	0.0275	-0.0000	0.0282	-0.3041
3.6198	0.0159	0.0275	-0.0000	0.0281	-0.3041
3.6203	0.0160	0.0274	-0.0000	0.0281	-0.3041
3.6209	0.0161	0.0273	-0.0000	0.0280	-0.3041
3.6214	0.0161	0.0273	-0.0000	0.0280	-0.3041
3.6219	0.0162	0.0273	-0.0000	0.0279	-0.3041
3.6224	0.0164	0.0271	-0.0000	0.0279	-0.3041
3.6229	0.0163	0.0271	-0.0000	0.0278	-0.3041
3.6234	0.0166	0.0270	0.0000	0.0277	-0.3041
3.6239	0.0167	0.0270	-0.0000	0.0277	-0.3041
3.6244	0.0168	0.0270	-0.0000	0.0276	-0.3041
3.6249	0.0169	0.0269	-0.0000	0.0276	-0.3042
3.6254	0.0173	0.0269	-0.0000	0.0276	-0.3042
3.6259	0.0173	0.0267	-0.0000	0.0275	-0.3042
3.6264	0.0173	0.0267	-0.0000	0.0275	-0.3041
3.6269	0.0175	0.0266	-0.0001	0.0274	-0.3042
3.6274	0.0175	0.0267	-0.0000	0.0274	-0.3042
3.6279	0.0176	0.0266	-0.0000	0.0273	-0.3042
3.6285	0.0176	0.0265	-0.0000	0.0273	-0.3042
3.6290	0.0177	0.0264	0.0000	0.0273	-0.3042
3.6295	0.0178	0.0264	-0.0000	0.0271	-0.3042
3.6300	0.0180	0.0264	-0.0000	0.0271	-0.3042
3.6305	0.0183	0.0263	-0.0001	0.0271	-0.3043
3.6310	0.0183	0.0262	-0.0000	0.0270	-0.3042
3.6315	0.0184	0.0262	-0.0000	0.0269	-0.3042
3.6320	0.0186	0.0261	-0.0000	0.0269	-0.3042
3.6325	0.0187	0.0260	-0.0000	0.0269	-0.3042
3.6330	0.0188	0.0260	-0.0000	0.0268	-0.3042
3.6335	0.0188	0.0260	-0.0000	0.0267	-0.3042
3.6340	0.0191	0.0259	0.0000	0.0267	-0.3042
3.6345	0.0191	0.0259	-0.0001	0.0266	-0.3042
3.6350	0.0193	0.0257	-0.0000	0.0265	-0.3042
3.6355	0.0194	0.0257	-0.0000	0.0266	-0.3042
3.6361	0.0196	0.0256	-0.0000	0.0264	-0.3042
3.6366	0.0197	0.0256	-0.0001	0.0264	-0.3042
3.6371	0.0198	0.0255	-0.0000	0.0264	-0.3043
3.6376	0.0199	0.0255	-0.0000	0.0263	-0.3043
3.6381	0.0200	0.0254	-0.0001	0.0262	-0.3042
3.6386	0.0201	0.0254	-0.0000	0.0261	-0.3042
3.6391	0.0201	0.0254	-0.0000	0.0261	-0.3043
3.6396	0.0203	0.0253	-0.0000	0.0260	-0.3042
3.6401	0.0203	0.0252	-0.0000	0.0260	-0.3042
3.6406	0.0205	0.0251	-0.0000	0.0260	-0.3042
3.6411	0.0205	0.0250	-0.0000	0.0259	-0.3043
3.6416	0.0208	0.0249	0.0000	0.0258	-0.3043
3.6421	0.0209	0.0249	-0.0000	0.0258	-0.3042
3.6426	0.0211	0.0249	-0.0001	0.0257	-0.3043
3.6431	0.0212	0.0248	-0.0001	0.0257	-0.3042
3.6437	0.0212	0.0247	-0.0000	0.0256	-0.3042
3.6442	0.0213	0.0247	-0.0001	0.0256	-0.3042
3.6447	0.0213	0.0247	-0.0000	0.0255	-0.3042
3.6452	0.0218	0.0246	-0.0001	0.0255	-0.3042
3.6457	0.0217	0.0245	-0.0000	0.0254	-0.3042
3.6462	0.0220	0.0245	-0.0001	0.0253	-0.3043
3.6467	0.0217	0.0244	-0.0001	0.0253	-0.3043
3.6472	0.0219	0.0244	-0.0000	0.0253	-0.3042
3.6477	0.0221	0.0244	-0.0000	0.0252	-0.3042
3.6482	0.0220	0.0242	-0.0000	0.0251	-0.3042
3.6487	0.0222	0.0242	-0.0000	0.0251	-0.3042
3.6492	0.0222	0.0241	-0.0000	0.0251	-0.3043
3.6497	0.0226	0.0241	-0.0001	0.0250	-0.3043
3.6502	0.0225	0.0240	-0.0000	0.0250	-0.3043
3.6507	0.0226	0.0240	-0.0000	0.0249	-0.3043
3.6513	0.0227	0.0239	-0.0001	0.0248	-0.3043
3.6518	0.0230	0.0239	-0.0000	0.0248	-0.3042
3.6523	0.0227	0.0238	-0.0000	0.0247	-0.3043
3.6528	0.0233	0.0237	-0.0000	0.0247	-0.3042
3.6533	0.0231	0.0237	-0.0000	0.0246	-0.3043
3.6538	0.0232	0.0236	-0.0000	0.0245	-0.3043
3.6543	0.0233	0.0235	-0.0000	0.0245	-0.3043
3.6548	0.0234	0.0235	-0.0000	0.0244	-0.3043
3.6553	0.0237	0.0234	-0.0001	0.0243	-0.3043
3.6558	0.0237	0.0234	-0.0001	0.0243	-0.3043
3.6563	0.0239	0.0233	-0.0000	0.0243	-0.3043
3.6568	0.0237	0.0233	-0.0000	0.0242	-0.3043
3.6573	0.0241	0.0232	-0.0001	0.0241	-0.3043
3.6578	0.0240	0.0231	-0.0001	0.0240	-0.3043
3.6583	0.0243	0.0230	-0.0000	0.0240	-0.3042
3.6589	0.0244	0.0229	-0.0000	0.0240	-0.3042
3.6594	0.0243	0.0229	-0.0000	0.0239	-0.3043
3.6599	0.0245	0.0228	-0.0001	0.0239	-0.3043
3.6604	0.0245	0.0228	-0.0000	0.0238	-0.3042
3.6609	0.0247	0.0228	-0.0000	0.0237	-0.3042
3.6614	0.0246	0.0227	-0.0000	0.0236	-0.3042
3.6619	0.0250	0.0226	-0.0000	0.0236	-0.3042
3.6624	0.0247	0.0226	-0.0000	0.0236	-0.3042
3.6629	0.0251	0.0225	-0.0000	0.0236	-0.3042
3.6634	0.0250	0.0224	-0.0000	0.0235	-0.3042
3.6639	0.0251	0.0224	-0.0000	0.0234	-0.3043
3.6644	0.0251	0.0224	-0.0000	0.0234	-0.3042
3.6649	0.0252	0.0223	-0.0000	0.0233	-0.3042
3.6654	0.0254	0.0223	-0.0000	0.0233	-0.3042
3.6659	0.0253	0.0222	-0.0000	0.0232	-0.3042
3.6665	0.0258	0.0221	-0.0000	0.0231	-0.3042
3.6670	0.0256	0.0221	-0.0000	0.0231	-0.3042
3.6675	0.0259	0.0220	-0.0000	0.0230	-0.3042
3.6680	0.0257	0.0219	-0.0000	0.0229	-0.3042
3.6685	0.0260	0.0219	-0.0001	0.0229	-0.3042
3.6690	0.0259	0.0218	-0.0000	0.0229	-0.3042
3.6695	0.0260	0.0218	-0.0000	0.0227	-0.3042
3.6700	0.0261	0.0217	-0.0000	0.0227	-0.3041
3.6705	0.0261	0.0217	-0.0000	0.0227	-0.3042
3.6710	0.0264	0.0215	-0.0000	0.0226	-0.3042
3.6715	0.0264	0.0215	-0.0000	0.0226	-0.3042
3.6720	0.0267	0.0215	-0.0001	0.0225	-0.3042
3.6725	0.0265	0.0214	-0.0001	0.0225	-0.3042
3.6730	0.0267	0.0213	-0.0001	0.0224	-0.3042
3.6735	0.0268	0.0212	-0.0000	0.0223	-0.3041
3.6741	0.0269	0.0212	-0.0000	0.0222	-0.3041
3.6746	0.0269	0.0211	-0.0000	0.0222	-0.3042
3.6751	0.0269	0.0211	-0.0000	0.0221	-0.3042
3.6756	0.0273	0.0210	-0.0000	0.0221	-0.3041
3.6761	0.0272	0.0209	-0.0000	0.0220	-0.3041
3.6766	0.0274	0.0209	-0.0001	0.0220	-0.3041
3.6771	0.0275	0.0208	-0.0000	0.0219	-0.3041
3.6776	0.0275	0.0207	-0.0000	0.0219	-0.3041
3.6781	0.0275	0.0207	-0.0001	0.0218	-0.3041
3.6786	0.0277	0.0207	-0.0000	0.0217	-0.3041
3.6791	0.0277	0.0206	-0.0001	0.0217	-0.3041
3.6796	0.0277	0.0206	-0.0001	0.0216	-0.3041
3.6801	0.0277	0.0205	-0.0000	0.0216	-0.3041
3.6806	0.0279	0.0204	-0.0000	0.0215	-0.3041
3.6811	0.0280	0.0203	-0.0000	0.0215	-0.3040
3.6817	0.0281	0.0203	-0.0000	0.0214	-0.3040
3.6822	0.0281	0.0202	-0.0001	0.0214	-0.3041
3.6827	0.0282	0.0202	-0.0001	0.0213	-0.3041
3.6832	0.0283	0.0201	-0.0001	0.0213	-0.3040
3.6837	0.0282	0.0201	-0.0001	0.0212	-0.3040
3.6842	0.0283	0.0201	-0.0000	0.0212	-0.3041
3.6847	0.0284	0.0200	-0.0000	0.0211	-0.3040
3.6852	0.0285	0.0199	-0.0000	0.0211	-0.3040
3.6857	0.0287	0.0199	-0.0001	0.0210	-0.3040
3.6862	0.0287	0.0198	0.0000	0.0210	-0.3039
3.6867	0.0288	0.0198	-0.0000	0.0209	-0.3040
3.6872	0.0290	0.0197	-0.0001	0.0208	-0.3039
3.6877	0.0289	0.0197	-0.0000	0.0208	-0.3039
3.6882	0.0290	0.0197	-0.0001	0.0208	-0.3039
3.6887	0.0290	0.0197	-0.0000	0.0208	-0.3039
3.6893	0.0292	0.0196	0.0000	0.0207	-0.3039
3.6898	0.0293	0.0195	0.0000	0.0206	-0.3038
3.6903	0.0292	0.0194	-0.0001	0.0206	-0.3038
3.6908	0.0294	0.0194	-0.0000	0.0205	-0.3038
3.6913	0.0295	0.0193	-0.0000	0.0205	-0.3037
3.6918	0.0295	0.0193	-0.0000	0.0204	-0.3036
3.6923	0.0296	0.0192	-0.0000	0.0204	-0.3036
3.6928	0.0296	0.0192	-0.0001	0.0204	-0.3036
3.6933	0.0297	0.0191	-0.0000	0.0203	-0.3036
3.6938	0.0298	0.0191	-0.0001	0.0202	-0.3035
3.6943	0.0299	0.0191	-0.0000	0.0202	-0.3035
3.6948	0.0300	0.0190	-0.0000	0.0202	-0.3034
3.6953	0.0301	0.0190	-0.0000	0.0201	-0.3034
3.6958	0.0300	0.0189	-0.0000	0.0201	-0.3033
3.6963	0.0301	0.0188	-0.0000	0.0200	-0.3032
3.6969	0.0302	0.0188	-0.0001	0.0200	-0.3031
3.6974	0.0302	0.0188	-0.0001	0.0199	-0.3030
3.6979	0.0303	0.0186	-0.0000	0.0199	-0.3028
3.6984	0.0304	0.0187	-0.0000	0.0198	-0.3028
3.6989	0.0305	0.0186	-0.0000	0.0198	-0.3026
3.6994	0.0306	0.0186	-0.0001	0.0197	-0.3025
3.6999	0.0306	0.0185	-0.0000	0.0197	-0.3022
3.7004	0.0307	0.0185	-0.0000	0.0197	-0.3021
3.7009	0.0308	0.0184	-0.0000	0.0196	-0.3020
3.7014	0.0308	0.0184	-0.0000	0.0196	-0.3016
3.7019	0.0309	0.0183	-0.0001	0.0195	-0.3009
3.7024	0.0310	0.0182	-0.0000	0.0195	-0.3003
3.7029	0.0309	0.0183	-0.0000	0.0194	-0.2998
3.7034	0.0310	0.0182	-0.0000	0.0194	-0.2992
3.7039	0.0311	0.0182	-0.0000	0.0194	-0.2985
3.7045	0.0312	0.0182	-0.0000	0.0193	-0.2972
3.7050	0.0313	0.0180	-0.0000	0.0192	-0.2953
3.7055	0.0314	0.0180	-0.0001	0.0193	-0.2944
3.7060	0.0314	0.0180	-0.0000	0.0192	-0.2896
3.7065	0.0315	0.0179	-0.0001	0.0192	-0.2848
3.7070	0.0317	0.0178	0.0000	0.0191	-0.2724
3.7075	0.0316	0.0179	-0.0000	0.0190	-0.2563
3.7080	0.0316	0.0178	-0.0001	0.0190	-0.2275
3.7085	0.0318	0.0178	-0.0001	0.0190	-0.1756
3.7090	0.0319	0.0177	-0.0001	0.0190	-0.1134
3.7095	0.0320	0.0177	-0.0000	0.0189	-0.0304
3.7100	0.0321	0.0176	-0.0000	0.0188	0.1068
3.7105	0.0320	0.0176	-0.0000	0.0188	0.3609
3.7110	0.0321	0.0176	-0.0000	0.0188	0.6302
3.7115	0.0322	0.0175	-0.0000	0.0188	0.8703
3.7121	0.0323	0.0174	-0.0000	0.0187	1.0869
3.7126	0.0324	0.0174	-0.0000	0.0186	1.1114
3.7131	0.0325	0.0174	-0.0001	0.0186	1.2390
3.7136	0.0326	0.0174	-0.0000	0.0186	1.3537
3.7141	0.0326	0.0173	-0.0000	0.0186	0.9060
3.7146	0.0328	0.0172	-0.0001	0.0185	0.1504
3.7151	0.0328	0.0172	-0.0001	0.0185	-0.1146
3.7156	0.0329	0.0171	-0.0000	0.0184	-0.2372
3.7161	0.0328	0.0171	-0.0001	0.0184	-0.2668
3.7166	0.0330	0.0170	-0.0000	0.0184	-0.2833
3.7171	0.0331	0.0171	-0.0001	0.0183	-0.2881
3.7176	0.0332	0.0170	-0.0001	0.0183	-0.2930
3.7181	0.0333	0.0170	-0.0000	0.0183	-0.2944
3.7186	0.0333	0.0169	-0.0000	0.0182	-0.2971
3.7191	0.0334	0.0168	-0.0000	0.0181	-0.2983
3.7197	0.0335	0.0168	-0.0000	0.0181	-0.2989
3.7202	0.0337	0.0168	-0.0001	0.0181	-0.2998
3.7207	0.0336	0.0167	-0.0001	0.0180	-0.3002
3.7212	0.0337	0.0167	-0.0001	0.0180	-0.3008
3.7217	0.0337	0.0167	-0.0000	0.0180	-0.3012
3.7222	0.0339	0.0166	0.0000	0.0179	-0.3014
3.7227	0.0340	0.0166	-0.0000	0.0179	-0.3017
3.7232	0.0339	0.0166	-0.0000	0.0179	-0.3018
3.7237	0.0340	0.0165	-0.0001	0.0178	-0.3021
3.7242	0.0343	0.0165	-0.0000	0.0178	-0.3023
3.7247	0.0341	0.0165	-0.0000	0.0178	-0.3024
3.7252	0.0342	0.0165	-0.0001	0.0178	-0.3025
3.7257	0.0343	0.0164	-0.0000	0.0177	-0.3027
3.7262	0.0344	0.0164	-0.0001	0.0177	-0.3027
3.7267	0.0345	0.0163	-0.0000	0.0176	-0.3028
3.7273	0.0344	0.0163	-0.0001	0.0176	-0.3031
3.7278	0.0347	0.0162	-0.0000	0.0176	-0.3031
3.7283	0.0345	0.0162	-0.0000	0.0176	-0.3032
3.7288	0.0348	0.0162	-0.0000	0.0175	-0.3033
3.7293	0.0348	0.0162	-0.0001	0.0175	-0.3033
3.7298	0.0348	0.0161	-0.0001	0.0175	-0.3034
3.7303	0.0349	0.0162	-0.0001	0.0175	-0.3034
3.7308	0.0351	0.0161	-0.0001	0.0174	-0.3034
3.7313	0.0351	0.0161	-0.0001	0.0174	-0.3035
3.7318	0.0353	0.0159	-0.0000	0.0174	-0.3036
3.7323	0.0353	0.0160	-0.0001	0.0173	-0.3036
3.7328	0.0352	0.0159	-0.0001	0.0173	-0.3037
3.7333	0.0354	0.0159	-0.0000	0.0173	-0.3037
3.7338	0.0355	0.0159	-0.0001	0.0173	-0.3037
3.7343	0.0356	0.0159	-0.0000	0.0172	-0.3037
3.7349	0.0356	0.0158	-0.0000	0.0172	-0.3038
3.7354	0.0356	0.0158	-0.0000	0.0172	-0.3038
3.7359	0.0357	0.0158	-0.0001	0.0172	-0.3038
3.7364	0.0359	0.0157	-0.0000	0.0171	-0.3039
3.7369	0.0360	0.0157	-0.0001	0.0172	-0.3039
3.7374	0.0359	0.0157	-0.0000	0.0171	-0.3039
3.7379	0.0361	0.0157	-0.0000	0.0171	-0.3040
3.7384	0.0360	0.0156	-0.0000	0.0171	-0.3040
3.7389	0.0362	0.0156	-0.0001	0.0171	-0.3040
3.7394	0.0362	0.0156	-0.0000	0.0170	-0.3039
3.7399	0.0366	0.0156	-0.0001	0.0171	-0.3040
3.7404	0.0364	0.0156	-0.0001	0.0170	-0.3040
3.7409	0.0367	0.0155	-0.0000	0.0169	-0.3040
3.7414	0.0366	0.0155	-0.0001	0.0169	-0.3040
3.7419	0.0368	0.0155	-0.0001	0.0169	-0.3040
3.7425	0.0368	0.0155	-0.0000	0.0170	-0.3040
3.7430	0.0370	0.0154	-0.0001	0.0169	-0.3041
3.7435	0.0371	0.0155	-0.0001	0.0169	-0.3040
3.7440	0.0374	0.0154	-0.0000	0.0168	-0.3040
3.7445	0.0375	0.0154	-0.0000	0.0168	-0.3040
3.7450	0.0377	0.0154	-0.0000	0.0169	-0.3041
3.7455	0.0379	0.0154	-0.0001	0.0168	-0.3040
3.7460	0.0381	0.0153	-0.0001	0.0168	-0.3041
3.7465	0.0381	0.0153	-0.0001	0.0168	-0.3041
3.7470	0.0385	0.0153	-0.0001	0.0168	-0.3041
3.7475	0.0387	0.0152	-0.0000	0.0167	-0.3041
3.7480	0.0390	0.0152	-0.0000	0.0168	-0.3042
3.7485	0.0392	0.0152	-0.0000	0.0167	-0.3041
3.7490	0.0395	0.0152	0.0000	0.0167	-0.3041
3.7495	0.0398	0.0151	-0.0000	0.0168	-0.3041
3.7501	0.0401	0.0152	-0.0000	0.0167	-0.3041
3.7506	0.0404	0.0151	-0.0000	0.0167	-0.3041
3.7511	0.0407	0.0151	-0.0001	0.0167	-0.3042
3.7516	0.0411	0.0151	-0.0000	0.0167	-0.3042
3.7521	0.0417	0.0151	-0.0000	0.0167	-0.3042
3.7526	0.0423	0.0150	-0.0000	0.0167	-0.3041
3.7531	0.0430	0.0151	-0.0000	0.0167	-0.3041
3.7536	0.0434	0.0151	-0.0000	0.0167	-0.3041
3.7541	0.0444	0.0150	-0.0001	0.0167	-0.3042
3.7546	0.0448	0.0150	-0.0000	0.0168	-0.3042
3.7551	0.0460	0.0150	-0.0000	0.0168	-0.3042
3.7556	0.0476	0.0150	-0.0001	0.0169	-0.3042
3.7561	0.0491	0.0150	-0.0001	0.0169	-0.3042
3.7566	0.0523	0.0149	-0.0001	0.0170	-0.3042
3.7571	0.0538	0.0149	-0.0000	0.0170	-0.3042
3.7577	0.0567	0.0150	-0.0000	0.0171	-0.3042
3.7582	0.0599	0.0150	-0.0000	0.0172	-0.3042
3.7587	0.0661	0.0150	-0.0000	0.0174	-0.3042
3.7592	0.0713	0.0150	-0.0000	0.0176	-0.3042
3.7597	0.0739	0.0149	-0.0000	0.0177	-0.3042
3.7602	0.0826	0.0149	-0.0001	0.0180	-0.3042
3.7607	0.0848	0.0149	-0.0000	0.0180	-0.3042
3.7612	0.0871	0.0149	-0.0001	0.0181	-0.3042
3.7617	0.0849	0.0149	-0.0001	0.0180	-0.3042
3.7622	0.0769	0.0149	-0.0000	0.0178	-0.3042
3.7627	0.0712	0.0149	-0.0000	0.0175	-0.3042
3.7632	0.0680	0.0149	-0.0000	0.0174	-0.3042
3.7637	0.0630	0.0148	-0.0001	0.0172	-0.3042
3.7642	0.0602	0.0148	-0.0001	0.0171	-0.3042
3.7647	0.0579	0.0148	-0.0000	0.0170	-0.3042
3.7653	0.0567	0.0148	-0.0000	0.0170	-0.3042
3.7658	0.0556	0.0148	-0.0000	0.0169	-0.3043
3.7663	0.0549	0.0148	-0.0000	0.0169	-0.3042
3.7668	0.0544	0.0148	-0.0000	0.0169	-0.3042
3.7673	0.0541	0.0148	-0.0000	0.0168	-0.3042
3.7678	0.0539	0.0148	-0.0000	0.0168	-0.3042
3.7683	0.0540	0.0148	-0.0001	0.0168	-0.3042
3.7688	0.0542	0.0148	-0.0000	0.0168	-0.3042
3.7693	0.0544	0.0148	-0.0000	0.0169	-0.3042
3.7698	0.0546	0.0148	-0.0000	0.0169	-0.3042
3.7703	0.0550	0.0148	-0.0001	0.0169	-0.3042
3.7708	0.0557	0.0147	-0.0000	0.0169	-0.3042
3.7713	0.0562	0.0148	-0.0000	0.0169	-0.3043
3.7718	0.0569	0.0148	0.0000	0.0169	-0.3042
3.7723	0.0572	0.0147	-0.0000	0.0169	-0.3042
3.7729	0.0583	0.0147	-0.0000	0.0170	-0.3043
3.7734	0.0593	0.0148	-0.0000	0.0170	-0.3042
3.7739	0.0602	0.0148	-0.0000	0.0170	-0.3043
3.7744	0.0609	0.0148	-0.0001	0.0170	-0.3042
3.7749	0.0623	0.0148	-0.0000	0.0171	-0.3043
3.7754	0.0635	0.0148	-0.0000	0.0172	-0.3043
3.7759	0.0647	0.0148	-0.0000	0.0173	-0.3042
3.7764	0.0663	0.0147	-0.0000	0.0173	-0.3043
3.7769	0.0679	0.0147	-0.0001	0.0173	-0.3042
3.7774	0.0692	0.0148	-0.0000	0.0174	-0.3042
3.7779	0.0710	0.0148	-0.0000	0.0175	-0.3043
3.7784	0.0734	0.0148	-0.0000	0.0176	-0.3043
3.7789	0.0757	0.0148	-0.0001	0.0176	-0.3043
3.7794	0.0783	0.0148	-0.0000	0.0177	-0.3043
3.7799	0.0821	0.0148	-0.0000	0.0178	-0.3042
3.7805	0.0854	0.0148	-0.0000	0.0180	-0.3043
3.7810	0.0890	0.0148	-0.0001	0.0181	-0.3042
3.7815	0.0941	0.0149	-0.0001	0.0183	-0.3042
3.7820	0.0971	0.0148	-0.0001	0.0184	-0.3043
3.7825	0.1033	0.0148	-0.0000	0.0186	-0.3043
3.7830	0.1071	0.0149	-0.0000	0.0188	-0.3043
3.7835	0.1156	0.0149	-0.0000	0.0191	-0.3043
3.7840	0.1249	0.0149	-0.0000	0.0194	-0.3042
3.7845	0.1306	0.0149	-0.0000	0.0196	-0.3042
3.7850	0.1427	0.0148	-0.0001	0.0201	-0.3043
3.7855	0.1569	0.0149	-0.0000	0.0206	-0.3043
3.7860	0.1668	0.0149	-0.0000	0.0210	-0.3042
3.7865	0.1774	0.0149	-0.0000	0.0213	-0.3042
3.7870	0.1877	0.0149	0.0000	0.0217	-0.3043
3.7875	0.1969	0.0149	-0.0000	0.0220	-0.3042
3.7881	0.1985	0.0149	-0.0001	0.0221	-0.3043
3.7886	0.1908	0.0149	-0.0000	0.0219	-0.3042
3.7891	0.1828	0.0149	-0.0000	0.0216	-0.3042
3.7896	0.1704	0.0149	-0.0000	0.0212	-0.3042
3.7901	0.1628	0.0149	-0.0000	0.0209	-0.3042
3.7906	0.1499	0.0149	-0.0000	0.0204	-0.3042
3.7911	0.1393	0.0149	-0.0000	0.0200	-0.3042
3.7916	0.1316	0.0149	-0.0001	0.0198	-0.3043
3.7921	0.1252	0.0149	-0.0000	0.0196	-0.3042
3.7926	0.1202	0.0150	-0.0000	0.0194	-0.3042
3.7931	0.1161	0.0149	0.0000	0.0192	-0.3042
3.7936	0.1155	0.0150	-0.0000	0.0192	-0.3042
3.7941	0.1124	0.0150	-0.0000	0.0191	-0.3042
3.7946	0.1110	0.0150	-0.0000	0.0191	-0.3043
3.7951	0.1102	0.0150	-0.0000	0.0191	-0.3042
3.7957	0.1106	0.0151	-0.0000	0.0191	-0.3042
3.7962	0.1119	0.0150	-0.0001	0.0192	-0.3042
3.7967	0.1142	0.0150	-0.0000	0.0192	-0.3042
3.7972	0.1159	0.0150	-0.0000	0.0193	-0.3042
3.7977	0.1214	0.0151	-0.0000	0.0195	-0.3042
3.7982	0.1298	0.0151	-0.0000	0.0198	-0.3042
3.7987	0.1362	0.0151	-0.0000	0.0200	-0.3042
3.7992	0.1475	0.0151	-0.0000	0.0205	-0.3042
3.7997	0.1551	0.0151	-0.0000	0.0208	-0.3042
3.8002	0.1688	0.0151	-0.0000	0.0213	-0.3042
3.8007	0.1796	0.0152	-0.0001	0.0217	-0.3042
3.8012	0.1912	0.0152	-0.0001	0.0221	-0.3042
3.8017	0.1959	0.0152	-0.0000	0.0223	-0.3042
3.8022	0.1949	0.0152	-0.0000	0.0223	-0.3041
3.8027	0.1842	0.0152	-0.0000	0.0219	-0.3041
3.8033	0.1753	0.0152	-0.0000	0.0216	-0.3042
3.8038	0.1598	0.0153	-0.0000	0.0211	-0.3042
3.8043	0.1450	0.0152	-0.0000	0.0206	-0.3042
3.8048	0.1332	0.0153	-0.0000	0.0202	-0.3041
3.8053	0.1270	0.0153	-0.0000	0.0199	-0.3041
3.8058	0.1179	0.0153	-0.0000	0.0197	-0.3041
3.8063	0.1121	0.0153	-0.0001	0.0195	-0.3041
3.8068	0.1087	0.0154	-0.0000	0.0193	-0.3041
3.8073	0.1022	0.0154	0.0000	0.0192	-0.3041
3.8078	0.0999	0.0154	-0.0000	0.0191	-0.3041
3.8083	0.0972	0.0154	-0.0001	0.0190	-0.3041
3.8088	0.0951	0.0154	-0.0000	0.0190	-0.3041
3.8093	0.0934	0.0154	-0.0000	0.0189	-0.3040
3.8098	0.0925	0.0155	-0.0000	0.0189	-0.3040
3.8103	0.0924	0.0155	-0.0000	0.0189	-0.3041
3.8109	0.0930	0.0155	-0.0000	0.0189	-0.3040
3.8114	0.0940	0.0155	-0.0001	0.0190	-0.3040
3.8119	0.0954	0.0155	-0.0000	0.0191	-0.3040
3.8124	0.0971	0.0156	-0.0001	0.0191	-0.3040
3.8129	0.0996	0.0156	-0.0001	0.0193	-0.3040
3.8134	0.1008	0.0156	-0.0001	0.0194	-0.3040
3.8139	0.1007	0.0156	-0.0000	0.0193	-0.3040
3.8144	0.0982	0.0157	-0.0000	0.0193	-0.3040
3.8149	0.0957	0.0157	-0.0000	0.0192	-0.3040
3.8154	0.0915	0.0157	-0.0000	0.0191	-0.3039
3.8159	0.0886	0.0158	-0.0001	0.0190	-0.3039
3.8164	0.0865	0.0157	-0.0000	0.0189	-0.3039
3.8169	0.0838	0.0158	-0.0001	0.0189	-0.3039
3.8174	0.0822	0.0158	-0.0000	0.0189	-0.3039
3.8179	0.0797	0.0158	-0.0000	0.0188	-0.3038
3.8185	0.0787	0.0159	-0.0001	0.0188	-0.3038
3.8190	0.0779	0.0159	-0.0000	0.0188	-0.3038
3.8195	0.0775	0.0159	-0.0000	0.0189	-0.3037
3.8200	0.0771	0.0159	-0.0001	0.0188	-0.3037
3.8205	0.0771	0.0160	-0.0001	0.0188	-0.3036
3.8210	0.0776	0.0160	-0.0000	0.0189	-0.3036
3.8215	0.0780	0.0160	-0.0000	0.0188	-0.3036
3.8220	0.0788	0.0160	-0.0001	0.0190	-0.3035
3.8225	0.0808	0.0161	-0.0000	0.0190	-0.3035
3.8230	0.0817	0.0161	-0.0000	0.0191	-0.3035
3.8235	0.0851	0.0162	-0.0000	0.0193	-0.3033
3.8240	0.0889	0.0162	-0.0001	0.0194	-0.3032
3.8245	0.0910	0.0162	-0.0000	0.0196	-0.3032
3.8250	0.0958	0.0163	-0.0000	0.0198	-0.3031
3.8255	0.1000	0.0163	-0.0001	0.0199	-0.3029
3.8261	0.1037	0.0164	-0.0001	0.0201	-0.3029
3.8266	0.1072	0.0164	-0.0001	0.0203	-0.3027
3.8271	0.1060	0.0164	-0.0001	0.0203	-0.3025
3.8276	0.1039	0.0165	-0.0000	0.0202	-0.3025
3.8281	0.1003	0.0164	-0.0000	0.0201	-0.3023
3.8286	0.0956	0.0165	-0.0000	0.0200	-0.3019
3.8291	0.0920	0.0165	-0.0000	0.0199	-0.3017
3.8296	0.0860	0.0165	-0.0000	0.0197	-0.3014
3.8301	0.0816	0.0165	-0.0001	0.0196	-0.3008
3.8306	0.0777	0.0166	-0.0000	0.0195	-0.3002
3.8311	0.0750	0.0167	-0.0001	0.0194	-0.2995
3.8316	0.0742	0.0166	-0.0000	0.0194	-0.2992
3.8321	0.0710	0.0167	-0.0000	0.0193	-0.2981
3.8326	0.0689	0.0167	-0.0000	0.0193	-0.2973
3.8331	0.0662	0.0168	-0.0001	0.0192	-0.2945
3.8337	0.0655	0.0168	-0.0000	0.0192	-0.2935
3.8342	0.0638	0.0168	-0.0001	0.0193	-0.2894
3.8347	0.0624	0.0169	-0.0001	0.0192	-0.2811
3.8352	0.0617	0.0169	-0.0000	0.0192	-0.2670
3.8357	0.0609	0.0169	-0.0000	0.0192	-0.2462
3.8362	0.0605	0.0170	-0.0000	0.0192	-0.2253
3.8367	0.0600	0.0170	-0.0000	0.0192	-0.1545
3.8372	0.0598	0.0170	0.0000	0.0193	-0.1002
3.8377	0.0596	0.0171	-0.0000	0.0193	0.0490
3.8382	0.0597	0.0171	-0.0000	0.0193	0.1525
3.8387	0.0597	0.0171	-0.0001	0.0194	0.2655
3.8392	0.0601	0.0172	-0.0000	0.0194	0.6381
3.8397	0.0606	0.0172	-0.0000	0.0195	0.8601
3.8402	0.0606	0.0172	0.0000	0.0195	1.0630
3.8407	0.0604	0.0173	-0.0001	0.0196	1.1222
3.8413	0.0594	0.0173	0.0000	0.0195	1.2265
3.8418	0.0581	0.0174	-0.0000	0.0195	1.4526
3.8423	0.0571	0.0174	-0.0000	0.0195	1.0487
3.8428	0.0562	0.0174	-0.0000	0.0195	0.2989
3.8433	0.0555	0.0174	-0.0000	0.0195	-0.0103
3.8438	0.0542	0.0176	-0.0001	0.0195	-0.2140
3.8443	0.0535	0.0176	-0.0001	0.0196	-0.2537
3.8448	0.0526	0.0176	-0.0000	0.0196	-0.2763
3.8453	0.0519	0.0176	-0.0000	0.0196	-0.2871
3.8458	0.0514	0.0177	-0.0001	0.0196	-0.2901
3.8463	0.0509	0.0177	-0.0000	0.0196	-0.2930
3.8468	0.0506	0.0177	-0.0001	0.0197	-0.2944
3.8473	0.0500	0.0178	-0.0001	0.0197	-0.2965
3.8478	0.0496	0.0178	-0.0001	0.0197	-0.2974
3.8483	0.0493	0.0179	-0.0000	0.0197	-0.2984
3.8489	0.0491	0.0179	-0.0000	0.0198	-0.2989
3.8494	0.0488	0.0179	-0.0000	0.0198	-0.2994
3.8499	0.0484	0.0180	-0.0000	0.0198	-0.2999
3.8504	0.0482	0.0180	-0.0000	0.0199	-0.3004
3.8509	0.0481	0.0180	-0.0000	0.0199	-0.3007
3.8514	0.0479	0.0181	-0.0001	0.0199	-0.3011
3.8519	0.0476	0.0182	-0.0001	0.0199	-0.3014
3.8524	0.0476	0.0182	-0.0001	0.0199	-0.3016
3.8529	0.0473	0.0182	-0.0001	0.0200	-0.3019
3.8534	0.0470	0.0183	0.0000	0.0201	-0.3021
3.8539	0.0467	0.0183	-0.0000	0.0201	-0.3022
3.8544	0.0466	0.0184	-0.0000	0.0201	-0.3023
3.8549	0.0465	0.0184	-0.0000	0.0201	-0.3024
3.8554	0.0463	0.0185	-0.0001	0.0202	-0.3027
3.8559	0.0462	0.0185	-0.0000	0.0202	-0.3028
3.8565	0.0460	0.0185	-0.0000	0.0203	-0.3028
3.8570	0.0458	0.0186	-0.0000	0.0203	-0.3030
3.8575	0.0457	0.0187	-0.0001	0.0203	-0.3031
3.8580	0.0455	0.0187	-0.0001	0.0204	-0.3032
3.8585	0.0453	0.0188	0.0000	0.0205	-0.3033
3.8590	0.0454	0.0189	-0.0000	0.0205	-0.3033
3.8595	0.0453	0.0188	-0.0000	0.0205	-0.3034
3.8600	0.0451	0.0189	-0.0000	0.0206	-0.3034
3.8605	0.0448	0.0190	-0.0000	0.0207	-0.3035
3.8610	0.0449	0.0190	-0.0000	0.0207	-0.3035
3.8615	0.0448	0.0190	-0.0000	0.0207	-0.3035
3.8620	0.0447	0.0191	-0.0000	0.0208	-0.3036
3.8625	0.0447	0.0191	0.0000	0.0208	-0.3036
3.8630	0.0445	0.0192	-0.0001	0.0209	-0.3037
3.8635	0.0445	0.0192	-0.0000	0.0209	-0.3038
3.8641	0.0442	0.0193	-0.0000	0.0210	-0.3037
3.8646	0.0442	0.0193	-0.0000	0.0210	-0.3038
3.8651	0.0440	0.0195	-0.0000	0.0211	-0.3038
3.8656	0.0441	0.0194	-0.0001	0.0211	-0.3039
3.8661	0.0439	0.0195	-0.0000	0.0212	-0.3039
3.8666	0.0441	0.0195	-0.0000	0.0213	-0.3039
3.8671	0.0438	0.0195	-0.0000	0.0213	-0.3039
3.8676	0.0437	0.0196	-0.0001	0.0213	-0.3039
3.8681	0.0438	0.0197	-0.0000	0.0214	-0.3039
3.8686	0.0436	0.0198	-0.0000	0.0214	-0.3039
3.8691	0.0436	0.0198	-0.0001	0.0215	-0.3040
3.8696	0.0434	0.0199	-0.0000	0.0215	-0.3040
3.8701	0.0435	0.0199	-0.0000	0.0216	-0.3040
3.8706	0.0433	0.0200	-0.0001	0.0216	-0.3040
3.8711	0.0434	0.0200	-0.0001	0.0216	-0.3040
3.8717	0.0432	0.0200	-0.0001	0.0217	-0.3040
3.8722	0.0431	0.0201	-0.0000	0.0218	-0.3040
3.8727	0.0431	0.0202	-0.0000	0.0218	-0.3041
3.8732	0.0430	0.0202	-0.0001	0.0218	-0.3041
3.8737	0.0430	0.0202	-0.0001	0.0219	-0.3040
3.8742	0.0428	0.0203	-0.0001	0.0219	-0.3041
3.8747	0.0430	0.0203	-0.0001	0.0220	-0.3040
3.8752	0.0428	0.0204	-0.0000	0.0220	-0.3041
3.8757	0.0428	0.0204	-0.0000	0.0221	-0.3041
3.8762	0.0427	0.0205	-0.0001	0.0222	-0.3040
3.8767	0.0428	0.0205	-0.0000	0.0222	-0.3042
3.8772	0.0426	0.0206	-0.0000	0.0222	-0.3041
3.8777	0.0424	0.0207	-0.0000	0.0223	-0.3041
3.8782	0.0425	0.0208	-0.0001	0.0223	-0.3041
3.8787	0.0422	0.0208	-0.0001	0.0224	-0.3041
3.8793	0.0423	0.0209	-0.0001	0.0225	-0.3041
3.8798	0.0422	0.0209	-0.0000	0.0225	-0.3041
3.8803	0.0422	0.0210	-0.0001	0.0226	-0.3041
3.8808	0.0420	0.0210	-0.0000	0.0226	-0.3042
3.8813	0.0421	0.0211	-0.0001	0.0227	-0.3041
3.8818	0.0419	0.0212	0.0000	0.0227	-0.3042
3.8823	0.0419	0.0212	0.0000	0.0228	-0.3041
3.8828	0.0418	0.0213	-0.0000	0.0229	-0.3041
3.8833	0.0418	0.0214	-0.0001	0.0229	-0.3041
3.8838	0.0417	0.0214	-0.0001	0.0230	-0.3041
3.8843	0.0415	0.0215	0.0000	0.0231	-0.3041
3.8848	0.0415	0.0216	-0.0000	0.0231	-0.3042
3.8853	0.0414	0.0216	-0.0000	0.0231	-0.3042
3.8858	0.0416	0.0216	-0.0000	0.0232	-0.3042
3.8863	0.0413	0.0217	-0.0001	0.0232	-0.3042
3.8869	0.0412	0.0218	-0.0000	0.0233	-0.3042
3.8874	0.0412	0.0218	-0.0000	0.0233	-0.3042
3.8879	0.0411	0.0218	-0.0000	0.0234	-0.3042
3.8884	0.0410	0.0219	-0.0000	0.0235	-0.3042
3.8889	0.0409	0.0220	-0.0000	0.0235	-0.3042
3.8894	0.0409	0.0220	-0.0000	0.0236	-0.3042
3.8899	0.0408	0.0221	-0.0001	0.0237	-0.3042
3.8904	0.0407	0.0221	-0.0000	0.0237	-0.3042
3.8909	0.0406	0.0222	-0.0001	0.0238	-0.3042
3.8914	0.0405	0.0223	-0.0001	0.0238	-0.3042
3.8919	0.0405	0.0223	-0.0001	0.0238	-0.3042
3.8924	0.0404	0.0224	-0.0001	0.0239	-0.3042
3.8929	0.0404	0.0225	0.0000	0.0239	-0.3042
3.8934	0.0403	0.0225	-0.0001	0.0240	-0.3042
3.8939	0.0402	0.0225	-0.0000	0.0240	-0.3042
3.8945	0.0401	0.0226	-0.0000	0.0242	-0.3042
3.8950	0.0400	0.0226	-0.0000	0.0242	-0.3043
3.8955	0.0399	0.0227	-0.0000	0.0243	-0.3042
3.8960	0.0398	0.0228	-0.0000	0.0243	-0.3043
3.8965	0.0396	0.0229	-0.0001	0.0244	-0.3042
3.8970	0.0396	0.0230	-0.0000	0.0245	-0.3043
3.8975	0.0395	0.0230	-0.0001	0.0245	-0.3043
3.8980	0.0393	0.0231	-0.0000	0.0246	-0.3043
3.8985	0.0393	0.0231	-0.0001	0.0246	-0.3042
3.8990	0.0391	0.0232	-0.0000	0.0247	-0.3043
3.8995	0.0391	0.0233	-0.0000	0.0247	-0.3043
3.9000	0.0389	0.0233	-0.0001	0.0248	-0.3042
3.9005	0.0388	0.0233	-0.0001	0.0249	-0.3043
3.9010	0.0387	0.0234	-0.0000	0.0249	-0.3042
3.9015	0.0386	0.0235	-0.0001	0.0250	-0.3043
3.9021	0.0386	0.0235	-0.0001	0.0250	-0.3043
3.9026	0.0384	0.0236	-0.0001	0.0251	-0.3042
3.9031	0.0383	0.0237	-0.0001	0.0251	-0.3043
3.9036	0.0383	0.0236	-0.0000	0.0252	-0.3043
3.9041	0.0381	0.0237	-0.0000	0.0252	-0.3042
3.9046	0.0381	0.0238	-0.0000	0.0253	-0.3042
3.9051	0.0379	0.0239	-0.0000	0.0253	-0.3043
3.9056	0.0377	0.0239	-0.0000	0.0254	-0.3042
3.9061	0.0376	0.0240	-0.0001	0.0254	-0.3042
3.9066	0.0376	0.0240	-0.0000	0.0255	-0.3043
3.9071	0.0374	0.0241	-0.0000	0.0255	-0.3043
3.9076	0.0374	0.0242	-0.0000	0.0256	-0.3042
3.9081	0.0374	0.0242	-0.0001	0.0256	-0.3042
3.9086	0.0372	0.0243	-0.0000	0.0257	-0.3043
3.9091	0.0371	0.0243	-0.0000	0.0257	-0.3043
3.9097	0.0369	0.0244	-0.0001	0.0258	-0.3043
3.9102	0.0368	0.0244	-0.0000	0.0258	-0.3043
3.9107	0.0369	0.0245	-0.0001	0.0259	-0.3043
3.9112	0.0366	0.0246	-0.0001	0.0260	-0.3043
3.9117	0.0365	0.0247	-0.0000	0.0261	-0.3042
3.9122	0.0363	0.0247	-0.0000	0.0261	-0.3043
3.9127	0.0363	0.0247	-0.0000	0.0262	-0.3042
3.9132	0.0361	0.0248	-0.0000	0.0262	-0.3042
3.9137	0.0359	0.0249	-0.0000	0.0262	-0.3043
3.9142	0.0360	0.0249	-0.0000	0.0263	-0.3043
3.9147	0.0358	0.0250	-0.0000	0.0264	-0.3043
3.9152	0.0356	0.0250	-0.0001	0.0264	-0.3043
3.9157	0.0355	0.0251	-0.0001	0.0265	-0.3043
3.9162	0.0353	0.0252	-0.0001	0.0266	-0.3043
3.9167	0.0353	0.0252	-0.0001	0.0266	-0.3043
3.9173	0.0352	0.0253	-0.0001	0.0267	-0.3042
3.9178	0.0351	0.0254	-0.0000	0.0267	-0.3043
3.9183	0.0350	0.0255	-0.0000	0.0268	-0.3043
3.9188	0.0347	0.0255	-0.0001	0.0268	-0.3042
3.9193	0.0347	0.0256	-0.0000	0.0269	-0.3042
3.9198	0.0344	0.0256	-0.0001	0.0269	-0.3042
3.9203	0.0344	0.0257	-0.0001	0.0270	-0.3042
3.9208	0.0341	0.0257	-0.0000	0.0270	-0.3042
3.9213	0.0342	0.0258	-0.0001	0.0271	-0.3042
3.9218	0.0338	0.0259	-0.0000	0.0272	-0.3042
3.9223	0.0338	0.0259	-0.0000	0.0272	-0.3042
3.9228	0.0335	0.0260	-0.0000	0.0273	-0.3042
3.9233	0.0335	0.0261	-0.0000	0.0273	-0.3042
3.9238	0.0333	0.0261	-0.0001	0.0274	-0.3042
3.9243	0.0333	0.0262	-0.0001	0.0274	-0.3042
3.9249	0.0332	0.0262	-0.0000	0.0275	-0.3043
3.9254	0.0329	0.0263	-0.0001	0.0276	-0.3043
3.9259	0.0330	0.0263	-0.0000	0.0276	-0.3042
3.9264	0.0326	0.0264	-0.0001	0.0277	-0.3042
3.9269	0.0329	0.0264	-0.0000	0.0278	-0.3042
3.9274	0.0326	0.0265	-0.0001	0.0278	-0.3042
3.9279	0.0327	0.0266	-0.0001	0.0278	-0.3042
3.9284	0.0322	0.0266	-0.0001	0.0278	-0.3042
3.9289	0.0323	0.0267	-0.0001	0.0279	-0.3042
3.9294	0.0319	0.0268	-0.0000	0.0280	-0.3042
3.9299	0.0318	0.0268	-0.0000	0.0281	-0.3042
3.9304	0.0316	0.0269	-0.0000	0.0281	-0.3042
3.9309	0.0314	0.0269	-0.0001	0.0282	-0.3042
3.9314	0.0313	0.0269	0.0000	0.0282	-0.3042
3.9319	0.0311	0.0270	-0.0000	0.0283	-0.3041
3.9325	0.0311	0.0271	-0.0000	0.0283	-0.3042
3.9330	0.0307	0.0272	-0.0001	0.0283	-0.3042
3.9335	0.0309	0.0272	-0.0000	0.0284	-0.3041
3.9340	0.0307	0.0273	-0.0000	0.0285	-0.3042
3.9345	0.0306	0.0273	-0.0000	0.0285	-0.3041
3.9350	0.0303	0.0274	-0.0001	0.0286	-0.3041
3.9355	0.0302	0.0275	-0.0001	0.0287	-0.3041
3.9360	0.0300	0.0275	-0.0001	0.0287	-0.3042
3.9365	0.0299	0.0276	-0.0000	0.0288	-0.3041
3.9370	0.0297	0.0276	-0.0000	0.0288	-0.3041
3.9375	0.0296	0.0277	-0.0000	0.0288	-0.3041
3.9380	0.0295	0.0277	0.0000	0.0289	-0.3041
3.9385	0.0291	0.0278	-0.0001	0.0289	-0.3041
3.9390	0.0294	0.0278	-0.0001	0.0290	-0.3041
3.9395	0.0288	0.0279	-0.0000	0.0290	-0.3041
3.9401	0.0290	0.0280	-0.0000	0.0291	-0.3041
3.9406	0.0285	0.0281	-0.0001	0.0292	-0.3041
3.9411	0.0286	0.0281	-0.0001	0.0292	-0.3040
3.9416	0.0283	0.0282	-0.0000	0.0293	-0.3040
3.9421	0.0281	0.0282	-0.0000	0.0293	-0.3040
3.9426	0.0281	0.0283	-0.0000	0.0294	-0.3040
3.9431	0.0274	0.0284	-0.0000	0.0294	-0.3039
3.9436	0.0277	0.0284	-0.0000	0.0295	-0.3040
3.9441	0.0273	0.0285	-0.0001	0.0295	-0.3039
3.9446	0.0273	0.0285	-0.0001	0.0295	-0.3040
3.9451	0.0269	0.0285	-0.0000	0.0295	-0.3040
3.9456	0.0271	0.0285	-0.0001	0.0296	-0.3039
3.9461	0.0266	0.0286	-0.0001	0.0297	-0.3039
3.9466	0.0267	0.0287	-0.0001	0.0298	-0.3039
3.9471	0.0263	0.0288	-0.0000	0.0298	-0.3039
3.9477	0.0264	0.0288	-0.0000	0.0298	-0.3038
3.9482	0.0260	0.0289	-0.0001	0.0298	-0.3038
3.9487	0.0260	0.0289	-0.0001	0.0299	-0.3038
3.9492	0.0260	0.0289	-0.0000	0.0300	-0.3038
3.9497	0.0256	0.0290	-0.0001	0.0300	-0.3037
3.9502	0.0257	0.0290	-0.0000	0.0301	-0.3036
3.9507	0.0252	0.0291	-0.0001	0.0301	-0.3036
3.9512	0.0254	0.0291	-0.0000	0.0301	-0.3036
3.9517	0.0249	0.0292	-0.0001	0.0302	-0.3035
3.9522	0.0251	0.0292	-0.0000	0.0302	-0.3035
3.9527	0.0246	0.0292	-0.0001	0.0303	-0.3034
3.9532	0.0243	0.0293	-0.0000	0.0303	-0.3034
3.9537	0.0243	0.0294	-0.0000	0.0304	-0.3033
3.9542	0.0242	0.0294	-0.0001	0.0304	-0.3032
3.9547	0.0240	0.0295	-0.0000	0.0305	-0.3031
3.9553	0.0239	0.0295	-0.0001	0.0305	-0.3030
3.9558	0.0236	0.0296	-0.0001	0.0306	-0.3029
3.9563	0.0233	0.0296	-0.0000	0.0306	-0.3028
3.9568	0.0235	0.0296	-0.0000	0.0307	-0.3028
3.9573	0.0231	0.0297	-0.0000	0.0307	-0.3026
3.9578	0.0232	0.0297	-0.0001	0.0307	-0.3025
3.9583	0.0230	0.0298	-0.0001	0.0308	-0.3022
3.9588	0.0227	0.0299	-0.0001	0.0308	-0.3019
3.9593	0.0225	0.0299	-0.0001	0.0308	-0.3017
3.9598	0.0224	0.0299	-0.0000	0.0309	-0.3015
3.9603	0.0223	0.0299	-0.0000	0.0309	-0.3012
3.9608	0.0219	0.0300	-0.0001	0.0309	-0.3006
3.9613	0.0219	0.0300	-0.0000	0.0310	-0.3003
3.9618	0.0215	0.0301	-0.0001	0.0310	-0.2995
3.9623	0.0215	0.0301	-0.0000	0.0310	-0.2988
3.9629	0.0210	0.0302	-0.0001	0.0310	-0.2978
3.9634	0.0211	0.0303	-0.0000	0.0311	-0.2970
3.9639	0.0210	0.0303	-0.0000	0.0311	-0.2963
3.9644	0.0210	0.0303	-0.0001	0.0312	-0.2952
3.9649	0.0208	0.0304	-0.0000	0.0312	-0.2925
3.9654	0.0207	0.0304	-0.0001	0.0313	-0.2859
3.9659	0.0205	0.0304	-0.0001	0.0313	-0.2817
3.9664	0.0203	0.0305	-0.0001	0.0314	-0.2606
3.9669	0.0201	0.0306	-0.0000	0.0314	-0.2394
3.9674	0.0200	0.0306	-0.0001	0.0314	-0.2000
3.9679	0.0198	0.0306	-0.0001	0.0314	-0.1440
3.9684	0.0199	0.0307	-0.0001	0.0315	-0.0355
3.9689	0.0195	0.0307	-0.0000	0.0315	0.1434
3.9694	0.0194	0.0307	-0.0000	0.0315	0.3205
3.9699	0.0192	0.0308	-0.0001	0.0316	0.5629
3.9705	0.0189	0.0308	-0.0000	0.0316	0.8729
3.9710	0.0189	0.0309	-0.0000	0.0317	1.0456
3.9715	0.0186	0.0309	-0.0001	0.0317	1.1447
3.9720	0.0187	0.0310	-0.0001	0.0317	1.1553
3.9725	0.0182	0.0310	-0.0000	0.0318	1.2734
3.9730	0.0185	0.0310	-0.0001	0.0318	1.4796
3.9735	0.0179	0.0311	-0.0000	0.0318	0.7969
3.9740	0.0181	0.0311	-0.0001	0.0319	0.1729
3.9745	0.0176	0.0311	-0.0000	0.0319	-0.1521
3.9750	0.0179	0.0311	-0.0001	0.0319	-0.2291
3.9755	0.0175	0.0312	-0.0000	0.0319	-0.2625
3.9760	0.0175	0.0312	-0.0000	0.0320	-0.2806
3.9765	0.0173	0.0313	-0.0001	0.0320	-0.2873
3.9770	0.0171	0.0314	-0.0000	0.0321	-0.2909
3.9775	0.0171	0.0314	-0.0001	0.0320	-0.2929
3.9781	0.0167	0.0314	-0.0000	0.0321	-0.2956
3.9786	0.0168	0.0314	-0.0001	0.0321	-0.2972
3.9791	0.0163	0.0315	-0.0001	0.0322	-0.2981
3.9796	0.0165	0.0315	-0.0001	0.0322	-0.2991
3.9801	0.0161	0.0315	-0.0001	0.0323	-0.2996
3.9806	0.0161	0.0316	-0.0001	0.0323	-0.3001
3.9811	0.0159	0.0316	-0.0001	0.0323	-0.3005
3.9816	0.0157	0.0316	-0.0001	0.0323	-0.3007
3.9821	0.0157	0.0317	-0.0001	0.0323	-0.3010
3.9826	0.0154	0.0317	-0.0000	0.0324	-0.3015
3.9831	0.0154	0.0318	-0.0000	0.0324	-0.3017
3.9836	0.0151	0.0318	-0.0001	0.0324	-0.3019
3.9841	0.0151	0.0318	-0.0000	0.0324	-0.3021
3.9846	0.0147	0.0318	-0.0001	0.0326	-0.3023
3.9851	0.0149	0.0319	0.0000	0.0325	-0.3025
3.9857	0.0144	0.0319	-0.0001	0.0326	-0.3026
3.9862	0.0147	0.0319	-0.0000	0.0326	-0.3026
3.9867	0.0140	0.0320	-0.0001	0.0326	-0.3028
3.9872	0.0143	0.0320	-0.0001	0.0327	-0.3029
3.9877	0.0138	0.0321	-0.0001	0.0327	-0.3031
3.9882	0.0138	0.0321	-0.0000	0.0327	-0.3031
3.9887	0.0135	0.0322	-0.0001	0.0327	-0.3033
3.9892	0.0135	0.0322	-0.0001	0.0328	-0.3033
3.9897	0.0134	0.0322	-0.0001	0.0328	-0.3033
3.9902	0.0132	0.0322	-0.0001	0.0328	-0.3034
3.9907	0.0131	0.0323	-0.0001	0.0328	-0.3035
3.9912	0.0129	0.0323	-0.0001	0.0328	-0.3036
3.9917	0.0128	0.0323	-0.0001	0.0329	-0.3036
3.9922	0.0125	0.0324	-0.0001	0.0330	-0.3036
3.9927	0.0127	0.0324	-0.0001	0.0329	-0.3036
3.9933	0.0123	0.0324	-0.0000	0.0330	-0.3037
3.9938	0.0124	0.0325	-0.0001	0.0330	-0.3037
3.9943	0.0121	0.0325	-0.0001	0.0330	-0.3037
3.9948	0.0120	0.0325	-0.0000	0.0331	-0.3038
3.9953	0.0118	0.0325	-0.0001	0.0331	-0.3038
3.9958	0.0118	0.0325	-0.0001	0.0331	-0.3039
3.9963	0.0116	0.0326	-0.0000	0.0331	-0.3038
3.9968	0.0116	0.0326	-0.0000	0.0331	-0.3039
3.9973	0.0114	0.0326	-0.0001	0.0332	-0.3039
3.9978	0.0113	0.0327	-0.0000	0.0332	-0.3040
3.9983	0.0110	0.0327	-0.0000	0.0332	-0.3040
3.9988	0.0109	0.0327	-0.0000	0.0332	-0.3039
3.9993	0.0109	0.0328	-0.0000	0.0332	-0.3040
3.9998	0.0107	0.0327	-0.0001	0.0333	-0.3040
4.0003	0.0106	0.0328	-0.0001	0.0333	-0.3040
4.0009	0.0105	0.0329	-0.0001	0.0333	-0.3040
4.0014	0.0103	0.0329	-0.0001	0.0334	-0.3040
4.0019	0.0102	0.0328	-0.0000	0.0334	-0.3041
4.0024	0.0102	0.0329	-0.0000	0.0333	-0.3041
4.0029	0.0100	0.0329	-0.0000	0.0334	-0.3040
4.0034	0.0100	0.0329	-0.0001	0.0334	-0.3040
4.0039	0.0098	0.0330	-0.0001	0.0334	-0.3041
4.0044	0.0098	0.0330	-0.0001	0.0334	-0.3041
4.0049	0.0096	0.0330	-0.0001	0.0335	-0.3041
4.0054	0.0095	0.0330	-0.0001	0.0335	-0.3041
4.0059	0.0093	0.0330	-0.0001	0.0335	-0.3041
4.0064	0.0093	0.0331	-0.0001	0.0335	-0.3042
4.0069	0.0091	0.0331	-0.0000	0.0335	-0.3041
4.0074	0.0091	0.0331	-0.0001	0.0336	-0.3041
4.0079	0.0091	0.0331	-0.0000	0.0336	-0.3041
4.0085	0.0087	0.0332	-0.0000	0.0336	-0.3041
4.0090	0.0087	0.0332	-0.0001	0.0336	-0.3041
4.0095	0.0086	0.0332	-0.0001	0.0336	-0.3041
4.0100	0.0087	0.0332	-0.0001	0.0336	-0.3041
4.0105	0.0084	0.0332	-0.0000	0.0337	-0.3041
4.0110	0.0085	0.0332	-0.0000	0.0337	-0.3041
4.0115	0.0082	0.0332	-0.0000	0.0337	-0.3042
4.0120	0.0083	0.0332	-0.0000	0.0337	-0.3041
4.0125	0.0081	0.0333	-0.0001	0.0337	-0.3042
4.0130	0.0082	0.0334	-0.0001	0.0338	-0.3042
4.0135	0.0080	0.0333	-0.0000	0.0337	-0.3041
4.0140	0.0079	0.0334	-0.0001	0.0338	-0.3042
4.0145	0.0078	0.0334	-0.0001	0.0338	-0.3041
4.0150	0.0078	0.0334	-0.0000	0.0338	-0.3042
4.0155	0.0076	0.0334	-0.0000	0.0338	-0.3041
4.0161	0.0075	0.0334	-0.0001	0.0338	-0.3042
4.0166	0.0076	0.0335	-0.0000	0.0338	-0.3042
4.0171	0.0072	0.0334	-0.0000	0.0338	-0.3041
4.0176	0.0073	0.0335	-0.0001	0.0338	-0.3042
4.0181	0.0070	0.0335	-0.0000	0.0339	-0.3042
4.0186	0.0073	0.0335	-0.0000	0.0339	-0.3042
4.0191	0.0071	0.0335	-0.0000	0.0339	-0.3042
4.0196	0.0070	0.0336	-0.0001	0.0339	-0.3042
4.0201	0.0068	0.0335	-0.0001	0.0339	-0.3042
4.0206	0.0068	0.0335	-0.0000	0.0339	-0.3042
4.0211	0.0069	0.0335	-0.0000	0.0340	-0.3042
4.0216	0.0067	0.0336	-0.0000	0.0340	-0.3043
4.0221	0.0066	0.0336	-0.0000	0.0339	-0.3043
4.0226	0.0064	0.0336	-0.0001	0.0339	-0.3042
4.0231	0.0065	0.0337	-0.0000	0.0339	-0.3042
4.0237	0.0062	0.0337	-0.0001	0.0339	-0.3042
4.0242	0.0063	0.0336	-0.0000	0.0340	-0.3042
4.0247	0.0063	0.0337	-0.0000	0.0339	-0.3042
4.0252	0.0063	0.0337	-0.0000	0.0340	-0.3042
4.0257	0.0061	0.0337	-0.0000	0.0341	-0.3042
4.0262	0.0060	0.0337	-0.0000	0.0340	-0.3043
4.0267	0.0059	0.0337	-0.0001	0.0340	-0.3043
4.0272	0.0058	0.0337	-0.0001	0.0340	-0.3042
4.0277	0.0057	0.0337	-0.0001	0.0340	-0.3043
4.0282	0.0056	0.0337	0.0000	0.0341	-0.3043
4.0287	0.0055	0.0337	-0.0000	0.0340	-0.3043
4.0292	0.0054	0.0338	-0.0000	0.0341	-0.3043
4.0297	0.0053	0.0338	-0.0000	0.0340	-0.3042
4.0302	0.0055	0.0338	-0.0001	0.0341	-0.3043
4.0307	0.0053	0.0338	-0.0000	0.0341	-0.3042
4.0313	0.0053	0.0338	-0.0000	0.0341	-0.3043
4.0318	0.0052	0.0338	-0.0001	0.0341	-0.3042
4.0323	0.0051	0.0338	-0.0001	0.0341	-0.3043
4.0328	0.0050	0.0338	-0.0001	0.0341	-0.3042
4.0333	0.0049	0.0339	-0.0000	0.0341	-0.3043
4.0338	0.0049	0.0339	-0.0001	0.0341	-0.3042
4.0343	0.0047	0.0339	-0.0000	0.0342	-0.3042
4.0348	0.0048	0.0338	-0.0000	0.0342	-0.3043
4.0353	0.0048	0.0338	-0.0000	0.0342	-0.3043
4.0358	0.0048	0.0339	-0.0000	0.0342	-0.3043
4.0363	0.0048	0.0339	-0.0001	0.0342	-0.3043
4.0368	0.0046	0.0339	-0.0001	0.0342	-0.3043
4.0373	0.0044	0.0339	-0.0001	0.0342	-0.3042
4.0378	0.0044	0.0339	-0.0000	0.0342	-0.3043
4.0383	0.0044	0.0340	-0.0000	0.0342	-0.3043
4.0389	0.0042	0.0339	-0.0000	0.0342	-0.3043
4.0394	0.0042	0.0339	-0.0000	0.0342	-0.3043
4.0399	0.0040	0.0340	-0.0000	0.0342	-0.3042
4.0404	0.0042	0.0339	-0.0001	0.0342	-0.3043
4.0409	0.0041	0.0339	-0.0001	0.0343	-0.3043
4.0414	0.0041	0.0339	-0.0001	0.0342	-0.3043
4.0419	0.0041	0.0339	-0.0000	0.0342	-0.3043
4.0424	0.0040	0.0340	-0.0000	0.0342	-0.3043
4.0429	0.0039	0.0339	-0.0000	0.0343	-0.3042
4.0434	0.0039	0.0340	-0.0000	0.0342	-0.3043
4.0439	0.0038	0.0340	-0.0001	0.0343	-0.3042
4.0444	0.0037	0.0340	-0.0001	0.0343	-0.3043
4.0449	0.0036	0.0340	-0.0000	0.0342	-0.3043
4.0454	0.0034	0.0339	-0.0001	0.0342	-0.3043
4.0459	0.0034	0.0340	-0.0000	0.0342	-0.3043
4.0465	0.0036	0.0340	-0.0000	0.0342	-0.3043
4.0470	0.0035	0.0340	-0.0000	0.0342	-0.3043
4.0475	0.0037	0.0340	-0.0000	0.0343	-0.3042
4.0480	0.0035	0.0340	-0.0001	0.0342	-0.3043
4.0485	0.0035	0.0340	-0.0000	0.0342	-0.3043
4.0490	0.0033	0.0340	-0.0001	0.0342	-0.3043
4.0495	0.0034	0.0340	-0.0000	0.0342	-0.3042
4.0500	0.0033	0.0340	-0.0000	0.0343	-0.3042
4.0505	0.0033	0.0340	0.0000	0.0342	-0.3042
4.0510	0.0030	0.0340	-0.0001	0.0342	-0.3043
4.0515	0.0033	0.0340	-0.0000	0.0342	-0.3042
4.0520	0.0030	0.0340	-0.0001	0.0342	-0.3043
4.0525	0.0032	0.0340	-0.0000	0.0342	-0.3042
4.0530	0.0030	0.0340	-0.0001	0.0343	-0.3042
4.0535	0.0030	0.0340	-0.0000	0.0342	-0.3042
4.0541	0.0030	0.0340	-0.0000	0.0342	-0.3042
4.0546	0.0029	0.0340	-0.0000	0.0343	-0.3043
4.0551	0.0029	0.0340	-0.0001	0.0342	-0.3043
4.0556	0.0028	0.0340	-0.0000	0.0342	-0.3042
4.0561	0.0028	0.0340	-0.0000	0.0342	-0.3043
4.0566	0.0027	0.0340	-0.0001	0.0342	-0.3042
4.0571	0.0028	0.0340	-0.0001	0.0342	-0.3042
4.0576	0.0025	0.0340	-0.0001	0.0342	-0.3042
4.0581	0.0027	0.0341	-0.0001	0.0342	-0.3042
4.0586	0.0026	0.0340	-0.0001	0.0342	-0.3042
4.0591	0.0026	0.0340	-0.0001	0.0342	-0.3042
4.0596	0.0027	0.0340	-0.0000	0.0342	-0.3042
4.0601	0.0024	0.0340	-0.0000	0.0342	-0.3042
4.0606	0.0028	0.0340	-0.0001	0.0342	-0.3042
4.0611	0.0022	0.0340	-0.0001	0.0342	-0.3041
4.0617	0.0026	0.0339	-0.0000	0.0342	-0.3042
4.0622	0.0023	0.0340	-0.0001	0.0342	-0.3042
4.0627	0.0025	0.0340	-0.0000	0.0341	-0.3042
4.0632	0.0022	0.0340	-0.0001	0.0342	-0.3042
4.0637	0.0025	0.0339	-0.0000	0.0342	-0.3042
4.0642	0.0023	0.0340	-0.0001	0.0343	-0.3041
4.0647	0.0029	0.0339	-0.0000	0.0342	-0.3042
4.0652	0.0027	0.0339	-0.0000	0.0342	-0.3042
4.0657	0.0023	0.0340	-0.0000	0.0342	-0.3042
4.0662	0.0021	0.0339	-0.0000	0.0342	-0.3042
4.0667	0.0021	0.0340	-0.0000	0.0341	-0.3042
4.0672	0.0020	0.0340	-0.0000	0.0342	-0.3041
4.0677	0.0022	0.0339	-0.0001	0.0341	-0.3042
4.0682	0.0021	0.0340	-0.0000	0.0341	-0.3041
4.0687	0.0019	0.0340	-0.0000	0.0340	-0.3041
4.0693	0.0022	0.0340	-0.0000	0.0341	-0.3041
4.0698	0.0020	0.0339	-0.0001	0.0341	-0.3041
4.0703	0.0021	0.0339	-0.0001	0.0341	-0.3041
4.0708	0.0020	0.0339	-0.0000	0.0341	-0.3041
4.0713	0.0020	0.0339	-0.0000	0.0341	-0.3041
4.0718	0.0020	0.0339	-0.0001	0.0341	-0.3040
4.0723	0.0018	0.0339	-0.0000	0.0341	-0.3040
4.0728	0.0020	0.0339	-0.0001	0.0341	-0.3040
4.0733	0.0019	0.0339	-0.0000	0.0340	-0.3040
4.0738	0.0020	0.0339	-0.0000	0.0340	-0.3041
4.0743	0.0021	0.0338	-0.0000	0.0341	-0.3040
4.0748	0.0020	0.0338	-0.0000	0.0340	-0.3040
4.0753	0.0019	0.0338	-0.0001	0.0340	-0.3040
4.0758	0.0020	0.0338	-0.0001	0.0341	-0.3040
4.0763	0.0018	0.0338	-0.0001	0.0340	-0.3040
4.0769	0.0019	0.0338	-0.0001	0.0340	-0.3039
4.0774	0.0018	0.0338	-0.0001	0.0340	-0.3039
4.0779	0.0019	0.0338	-0.0000	0.0340	-0.3040
4.0784	0.0017	0.0338	-0.0000	0.0339	-0.3039
4.0789	0.0017	0.0338	-0.0000	0.0340	-0.3039
4.0794	0.0018	0.0337	-0.0000	0.0339	-0.3039
4.0799	0.0017	0.0338	-0.0001	0.0339	-0.3039
4.0804	0.0018	0.0338	-0.0000	0.0340	-0.3038
4.0809	0.0018	0.0337	-0.0000	0.0340	-0.3039
4.0814	0.0020	0.0337	-0.0000	0.0339	-0.3037
4.0819	0.0019	0.0337	-0.0000	0.0339	-0.3038
4.0824	0.0019	0.0337	-0.0000	0.0339	-0.3037
4.0829	0.0019	0.0337	-0.0001	0.0339	-0.3036
4.0834	0.0020	0.0337	-0.0001	0.0338	-0.3036
4.0839	0.0019	0.0336	-0.0001	0.0339	-0.3035
4.0845	0.0021	0.0336	-0.0001	0.0338	-0.3035
4.0850	0.0020	0.0336	-0.0000	0.0338	-0.3035
4.0855	0.0020	0.0336	-0.0000	0.0338	-0.3035
4.0860	0.0018	0.0336	-0.0001	0.0338	-0.3034
4.0865	0.0021	0.0336	-0.0000	0.0338	-0.3033
4.0870	0.0019	0.0335	-0.0000	0.0338	-0.3033
4.0875	0.0021	0.0336	-0.0001	0.0337	-0.3031
4.0880	0.0019	0.0336	-0.0000	0.0337	-0.3030
4.0885	0.0020	0.0336	-0.0001	0.0337	-0.3029
4.0890	0.0019	0.0335	-0.0001	0.0337	-0.3029
4.0895	0.0020	0.0335	-0.0000	0.0337	-0.3028
4.0900	0.0021	0.0335	-0.0001	0.0337	-0.3027
4.0905	0.0021	0.0335	-0.0000	0.0336	-0.3025
4.0910	0.0023	0.0335	-0.0001	0.0336	-0.3024
4.0915	0.0022	0.0335	-0.0001	0.0336	-0.3022
4.0921	0.0023	0.0334	-0.0000	0.0337	-0.3020
4.0926	0.0022	0.0335	-0.0000	0.0336	-0.3017
4.0931	0.0023	0.0334	-0.0000	0.0336	-0.3012
4.0936	0.0021	0.0334	-0.0001	0.0335	-0.3007
4.0941	0.0023	0.0334	-0.0000	0.0336	-0.3003
4.0946	0.0023	0.0333	-0.0001	0.0335	-0.2994
4.0951	0.0023	0.0333	-0.0001	0.0336	-0.2986
4.0956	0.0024	0.0333	-0.0001	0.0335	-0.2980
4.0961	0.0022	0.0334	-0.0000	0.0336	-0.2970
4.0966	0.0025	0.0333	-0.0000	0.0335	-0.2962
4.0971	0.0024	0.0333	-0.0001	0.0335	-0.2946
4.0976	0.0025	0.0333	-0.0000	0.0334	-0.2925
4.0981	0.0024	0.0333	-0.0000	0.0335	-0.2889
4.0986	0.0025	0.0332	-0.0000	0.0334	-0.2804
4.0991	0.0026	0.0332	-0.0001	0.0334	-0.2760
4.0997	0.0025	0.0332	-0.0000	0.0334	-0.2527
4.1002	0.0026	0.0332	-0.0000	0.0334	-0.2318
4.1007	0.0025	0.0332	-0.0000	0.0334	-0.1832
4.1012	0.0027	0.0331	-0.0000	0.0333	-0.1069
4.1017	0.0026	0.0331	-0.0001	0.0333	0.0152
4.1022	0.0026	0.0331	-0.0000	0.0333	0.1836
4.1027	0.0026	0.0332	-0.0000	0.0333	0.3781
4.1032	0.0027	0.0331	-0.0000	0.0333	0.6096
4.1037	0.0026	0.0331	-0.0001	0.0333	0.8788
4.1042	0.0027	0.0330	-0.0001	0.0332	1.0820
4.1047	0.0027	0.0331	-0.0001	0.0333	1.1535
4.1052	0.0027	0.0330	-0.0001	0.0332	1.1822
4.1057	0.0028	0.0330	-0.0000	0.0332	1.4120
4.1062	0.0029	0.0329	-0.0000	0.0332	1.3717
4.1067	0.0029	0.0330	-0.0001	0.0332	0.4047
4.1073	0.0028	0.0329	-0.0001	0.0332	0.0818
4.1078	0.0029	0.0329	-0.0001	0.0331	-0.1810
4.1083	0.0029	0.0329	-0.0000	0.0331	-0.2227
4.1088	0.0031	0.0328	-0.0000	0.0331	-0.2648
4.1093	0.0030	0.0329	-0.0001	0.0331	-0.2812
4.1098	0.0030	0.0328	-0.0000	0.0330	-0.2879
4.1103	0.0032	0.0328	0.0000	0.0330	-0.2925
4.1108	0.0033	0.0328	-0.0000	0.0330	-0.2945
4.1113	0.0032	0.0327	-0.0000	0.0330	-0.2964
4.1118	0.0033	0.0327	-0.0000	0.0330	-0.2976
4.1123	0.0033	0.0327	-0.0000	0.0330	-0.2983
4.1128	0.0034	0.0327	-0.0000	0.0330	-0.2990
4.1133	0.0035	0.0326	-0.0000	0.0329	-0.2997
4.1138	0.0035	0.0327	-0.0001	0.0329	-0.3002
4.1143	0.0035	0.0326	-0.0000	0.0328	-0.3006
4.1149	0.0037	0.0326	-0.0000	0.0329	-0.3011
4.1154	0.0037	0.0326	-0.0001	0.0329	-0.3013
4.1159	0.0038	0.0326	-0.0001	0.0328	-0.3016
4.1164	0.0037	0.0326	-0.0000	0.0328	-0.3019
4.1169	0.0038	0.0325	-0.0000	0.0328	-0.3020
4.1174	0.0039	0.0325	-0.0001	0.0328	-0.3022
4.1179	0.0040	0.0325	-0.0001	0.0327	-0.3024
4.1184	0.0041	0.0325	-0.0001	0.0326	-0.3026
4.1189	0.0040	0.0324	-0.0001	0.0327	-0.3025
4.1194	0.0042	0.0324	-0.0000	0.0327	-0.3027
4.1199	0.0041	0.0323	-0.0001	0.0326	-0.3029
4.1204	0.0043	0.0324	-0.0001	0.0326	-0.3029
4.1209	0.0043	0.0324	-0.0001	0.0326	-0.3031
4.1214	0.0044	0.0323	-0.0000	0.0326	-0.3031
4.1219	0.0044	0.0323	-0.0000	0.0325	-0.3032
4.1225	0.0045	0.0322	-0.0001	0.0326	-0.3033
4.1230	0.0047	0.0322	-0.0000	0.0325	-0.3034
4.1235	0.0046	0.0322	-0.0001	0.0325	-0.3034
4.1240	0.0047	0.0322	-0.0000	0.0325	-0.3035
4.1245	0.0048	0.0321	-0.0001	0.0325	-0.3035
4.1250	0.0050	0.0321	-0.0000	0.0324	-0.3035
4.1255	0.0047	0.0321	-0.0001	0.0324	-0.3036
4.1260	0.0053	0.0321	-0.0000	0.0324	-0.3036
4.1265	0.0049	0.0321	-0.0001	0.0323	-0.3037
4.1270	0.0051	0.0320	-0.0000	0.0323	-0.3037
4.1275	0.0051	0.0320	-0.0001	0.0323	-0.3038
4.1280	0.0052	0.0320	-0.0000	0.0323	-0.3038
4.1285	0.0053	0.0319	-0.0001	0.0322	-0.3038
4.1290	0.0054	0.0319	-0.0000	0.0322	-0.3039
4.1295	0.0055	0.0319	-0.0001	0.0322	-0.3039
4.1301	0.0056	0.0318	-0.0001	0.0322	-0.3038
4.1306	0.0057	0.0319	-0.0001	0.0321	-0.3039
4.1311	0.0057	0.0319	-0.0001	0.0321	-0.3039
4.1316	0.0060	0.0318	-0.0001	0.0321	-0.3039
4.1321	0.0055	0.0318	-0.0000	0.0321	-0.3039
4.1326	0.0059	0.0317	-0.0000	0.0320	-0.3040
4.1331	0.0057	0.0318	-0.0001	0.0320	-0.3040
4.1336	0.0060	0.0317	-0.0000	0.0320	-0.3040
4.1341	0.0059	0.0316	-0.0001	0.0320	-0.3040
4.1346	0.0059	0.0316	-0.0001	0.0320	-0.3040
4.1351	0.0061	0.0316	-0.0001	0.0320	-0.3040
4.1356	0.0059	0.0316	-0.0001	0.0319	-0.3041
4.1361	0.0064	0.0315	-0.0001	0.0319	-0.3041
4.1366	0.0061	0.0316	-0.0001	0.0319	-0.3041
4.1371	0.0066	0.0315	-0.0001	0.0319	-0.3040
4.1377	0.0064	0.0314	-0.0001	0.0318	-0.3040
4.1382	0.0067	0.0314	-0.0001	0.0318	-0.3041
4.1387	0.0065	0.0314	-0.0001	0.0318	-0.3041
4.1392	0.0067	0.0314	-0.0001	0.0318	-0.3041
4.1397	0.0066	0.0314	-0.0000	0.0317	-0.3041
4.1402	0.0067	0.0314	-0.0001	0.0318	-0.3041
4.1407	0.0068	0.0314	-0.0001	0.0317	-0.3041
4.1412	0.0067	0.0314	-0.0001	0.0317	-0.3041
4.1417	0.0067	0.0313	-0.0001	0.0317	-0.3041
4.1422	0.0067	0.0313	-0.0001	0.0316	-0.3041
4.1427	0.0068	0.0312	-0.0001	0.0316	-0.3041
4.1432	0.0068	0.0312	-0.0000	0.0316	-0.3042
4.1437	0.0070	0.0311	-0.0001	0.0315	-0.3041
4.1442	0.0071	0.0312	-0.0000	0.0315	-0.3041
4.1447	0.0071	0.0311	-0.0001	0.0315	-0.3041
4.1453	0.0072	0.0311	-0.0000	0.0315	-0.3041
4.1458	0.0071	0.0311	-0.0000	0.0314	-0.3041
4.1463	0.0073	0.0311	-0.0000	0.0314	-0.3041
4.1468	0.0074	0.0310	-0.0001	0.0314	-0.3042
4.1473	0.0075	0.0310	-0.0001	0.0314	-0.3042
4.1478	0.0077	0.0309	-0.0000	0.0313	-0.3042
4.1483	0.0075	0.0309	-0.0001	0.0313	-0.3042
4.1488	0.0078	0.0309	-0.0000	0.0313	-0.3042
4.1493	0.0077	0.0308	-0.0001	0.0313	-0.3042
4.1498	0.0079	0.0309	-0.0000	0.0312	-0.3042
4.1503	0.0077	0.0308	-0.0000	0.0312	-0.3042
4.1508	0.0079	0.0308	-0.0000	0.0312	-0.3042
4.1513	0.0077	0.0308	-0.0001	0.0312	-0.3042
4.1518	0.0078	0.0308	-0.0001	0.0311	-0.3042
4.1523	0.0080	0.0307	-0.0001	0.0311	-0.3042
4.1529	0.0078	0.0307	-0.0000	0.0311	-0.3042
4.1534	0.0082	0.0306	-0.0001	0.0311	-0.3042
4.1539	0.0079	0.0306	-0.0001	0.0311	-0.3042
4.1544	0.0083	0.0306	-0.0000	0.0310	-0.3042
4.1549	0.0081	0.0306	-0.0001	0.0310	-0.3042
4.1554	0.0084	0.0305	-0.0000	0.0310	-0.3042
4.1559	0.0082	0.0306	-0.0001	0.0310	-0.3043
4.1564	0.0085	0.0305	-0.0000	0.0309	-0.3042
4.1569	0.0083	0.0305	0.0000	0.0309	-0.3042
4.1574	0.0085	0.0305	-0.0000	0.0308	-0.3042
4.1579	0.0085	0.0304	-0.0000	0.0309	-0.3043
4.1584	0.0085	0.0304	-0.0000	0.0308	-0.3043
4.1589	0.0086	0.0303	-0.0000	0.0308	-0.3043
4.1594	0.0083	0.0303	-0.0001	0.0308	-0.3043
4.1599	0.0087	0.0304	-0.0001	0.0308	-0.3042
4.1605	0.0085	0.0303	-0.0000	0.0307	-0.3042
4.1610	0.0088	0.0303	-0.0000	0.0307	-0.3042
4.1615	0.0086	0.0303	-0.0000	0.0307	-0.3042
4.1620	0.0089	0.0302	-0.0000	0.0306	-0.3042
4.1625	0.0089	0.0302	-0.0000	0.0306	-0.3043
4.1630	0.0089	0.0302	-0.0000	0.0306	-0.3042
4.1635	0.0092	0.0301	-0.0001	0.0306	-0.3043
4.1640	0.0089	0.0301	-0.0000	0.0306	-0.3042
4.1645	0.0093	0.0301	-0.0000	0.0306	-0.3042
4.1650	0.0090	0.0301	-0.0000	0.0305	-0.3043
4.1655	0.0095	0.0300	0.0000	0.0305	-0.3042
4.1660	0.0091	0.0300	-0.0001	0.0305	-0.3043
4.1665	0.0095	0.0300	-0.0001	0.0304	-0.3043
4.1670	0.0092	0.0299	-0.0000	0.0304	-0.3042
4.1675	0.0094	0.0299	-0.0001	0.0304	-0.3043
4.1681	0.0094	0.0298	-0.0001	0.0304	-0.3042
4.1686	0.0095	0.0299	-0.0001	0.0303	-0.3043
4.1691	0.0094	0.0298	-0.0001	0.0303	-0.3042
4.1696	0.0092	0.0298	-0.0001	0.0303	-0.3043
4.1701	0.0097	0.0298	-0.0001	0.0302	-0.3043
4.1706	0.0094	0.0298	-0.0001	0.0302	-0.3043
4.1711	0.0098	0.0298	-0.0000	0.0302	-0.3043
4.1716	0.0096	0.0297	-0.0000	0.0302	-0.3043
4.1721	0.0101	0.0296	-0.0000	0.0301	-0.3043
4.1726	0.0097	0.0296	-0.0001	0.0301	-0.3042
4.1731	0.0100	0.0296	-0.0000	0.0300	-0.3042
4.1736	0.0099	0.0296	-0.0001	0.0300	-0.3043
4.1741	0.0101	0.0295	-0.0001	0.0300	-0.3043
4.1746	0.0101	0.0295	-0.0001	0.0300	-0.3043
4.1751	0.0103	0.0294	-0.0001	0.0300	-0.3043
4.1757	0.0104	0.0294	-0.0000	0.0299	-0.3043
4.1762	0.0102	0.0294	-0.0000	0.0299	-0.3042
4.1767	0.0105	0.0294	-0.0000	0.0299	-0.3043
4.1772	0.0105	0.0294	-0.0001	0.0298	-0.3043
4.1777	0.0104	0.0293	-0.0001	0.0298	-0.3043
4.1782	0.0107	0.0292	0.0000	0.0298	-0.3043
4.1787	0.0105	0.0293	-0.0000	0.0298	-0.3042
4.1792	0.0109	0.0292	-0.0001	0.0297	-0.3043
4.1797	0.0108	0.0292	-0.0000	0.0297	-0.3043
4.1802	0.0110	0.0292	-0.0001	0.0297	-0.3042
4.1807	0.0108	0.0292	-0.0001	0.0297	-0.3043
4.1812	0.0111	0.0291	-0.0000	0.0296	-0.3043
4.1817	0.0110	0.0291	-0.0000	0.0295	-0.3042
4.1822	0.0111	0.0291	-0.0000	0.0296	-0.3042
4.1827	0.0111	0.0290	-0.0001	0.0296	-0.3043
4.1833	0.0112	0.0290	-0.0000	0.0295	-0.3043
4.1838	0.0113	0.0290	-0.0000	0.0295	-0.3043
4.1843	0.0113	0.0289	-0.0001	0.0295	-0.3043
4.1848	0.0115	0.0289	-0.0001	0.0295	-0.3042
4.1853	0.0114	0.0290	-0.0000	0.0294	-0.3043
4.1858	0.0116	0.0289	-0.0001	0.0294	-0.3042
4.1863	0.0116	0.0289	-0.0001	0.0294	-0.3043
4.1868	0.0116	0.0288	-0.0000	0.0294	-0.3042
4.1873	0.0116	0.0288	0.0000	0.0293	-0.3042
4.1878	0.0119	0.0288	-0.0001	0.0293	-0.3042
4.1883	0.0118	0.0287	-0.0000	0.0293	-0.3042
4.1888	0.0119	0.0288	-0.0000	0.0292	-0.3042
4.1893	0.0120	0.0287	0.0000	0.0292	-0.3042
4.1898	0.0120	0.0286	-0.0001	0.0292	-0.3042
4.1903	0.0120	0.0286	0.0000	0.0292	-0.3042
4.1909	0.0122	0.0286	-0.0001	0.0292	-0.3042
4.1914	0.0122	0.0286	-0.0000	0.0291	-0.3042
4.1919	0.0123	0.0286	-0.0000	0.0291	-0.3042
4.1924	0.0123	0.0286	-0.0001	0.0291	-0.3042
4.1929	0.0124	0.0285	-0.0000	0.0291	-0.3042
4.1934	0.0124	0.0285	-0.0000	0.0290	-0.3042
4.1939	0.0125	0.0284	-0.0001	0.0290	-0.3041
4.1944	0.0126	0.0285	-0.0001	0.0290	-0.3042
4.1949	0.0125	0.0284	-0.0001	0.0290	-0.3042
4.1954	0.0125	0.0283	-0.0000	0.0289	-0.3042
4.1959	0.0127	0.0283	-0.0001	0.0289	-0.3041
4.1964	0.0128	0.0283	-0.0001	0.0289	-0.3042
4.1969	0.0127	0.0283	-0.0001	0.0289	-0.3041
4.1974	0.0128	0.0283	-0.0000	0.0288	-0.3041
4.1979	0.0127	0.0283	-0.0000	0.0289	-0.3042
4.1985	0.0130	0.0283	-0.0001	0.0288	-0.3041
4.1990	0.0130	0.0282	-0.0001	0.0288	-0.3041
4.1995	0.0130	0.0282	-0.0000	0.0288	-0.3042
4.2000	0.0131	0.0281	-0.0000	0.0288	-0.3041
4.2005	0.0131	0.0281	-0.0001	0.0287	-0.3041
4.2010	0.0131	0.0281	-0.0001	0.0287	-0.3041
4.2015	0.0132	0.0281	-0.0001	0.0287	-0.3041
4.2020	0.0133	0.0281	-0.0001	0.0286	-0.3041
4.2025	0.0132	0.0281	-0.0001	0.0287	-0.3041
4.2030	0.0135	0.0280	-0.0000	0.0287	-0.3041
4.2035	0.0133	0.0280	-0.0000	0.0286	-0.3041
4.2040	0.0134	0.0280	-0.0000	0.0286	-0.3041
4.2045	0.0134	0.0280	-0.0001	0.0285	-0.3041
4.2050	0.0135	0.0280	-0.0000	0.0285	-0.3041
4.2055	0.0135	0.0279	-0.0000	0.0285	-0.3040
4.2061	0.0136	0.0279	-0.0001	0.0285	-0.3040
4.2066	0.0136	0.0279	-0.0000	0.0285	-0.3041
4.2071	0.0137	0.0278	-0.0001	0.0284	-0.3040
4.2076	0.0137	0.0278	-0.0001	0.0284	-0.3040
4.2081	0.0137	0.0278	-0.0000	0.0284	-0.3040
4.2086	0.0138	0.0278	-0.0000	0.0284	-0.3041
4.2091	0.0138	0.0278	-0.0001	0.0284	-0.3039
4.2096	0.0139	0.0277	-0.0000	0.0283	-0.3040
4.2101	0.0138	0.0277	-0.0000	0.0283	-0.3039
4.2106	0.0140	0.0277	-0.0001	0.0282	-0.3039
4.2111	0.0140	0.0276	-0.0001	0.0283	-0.3039
4.2116	0.0141	0.0276	-0.0000	0.0283	-0.3039
4.2121	0.0141	0.0276	-0.0001	0.0282	-0.3038
4.2126	0.0141	0.0276	-0.0001	0.0282	-0.3038
4.2131	0.0142	0.0275	-0.0000	0.0282	-0.3038
4.2137	0.0142	0.0275	-0.0000	0.0282	-0.3038
4.2142	0.0143	0.0275	-0.0001	0.0281	-0.3037
4.2147	0.0143	0.0275	-0.0001	0.0281	-0.3037
4.2152	0.0144	0.0275	-0.0000	0.0281	-0.3037
4.2157	0.0144	0.0275	-0.0000	0.0280	-0.3036
4.2162	0.0145	0.0275	-0.0001	0.0281	-0.3036
4.2167	0.0146	0.0274	-0.0000	0.0281	-0.3035
4.2172	0.0146	0.0274	-0.0000	0.0281	-0.3035
4.2177	0.0146	0.0273	-0.0000	0.0280	-0.3034
4.2182	0.0147	0.0273	-0.0000	0.0280	-0.3034
4.2187	0.0148	0.0273	-0.0001	0.0280	-0.3033
4.2192	0.0147	0.0273	-0.0000	0.0279	-0.3032
4.2197	0.0149	0.0273	-0.0001	0.0280	-0.3031
4.2202	0.0148	0.0273	-0.0001	0.0279	-0.3030
4.2207	0.0149	0.0273	-0.0001	0.0279	-0.3029
4.2213	0.0150	0.0273	-0.0001	0.0279	-0.3028
4.2218	0.0151	0.0272	-0.0001	0.0279	-0.3027
4.2223	0.0151	0.0272	-0.0001	0.0279	-0.3025
4.2228	0.0152	0.0272	-0.0000	0.0278	-0.3024
4.2233	0.0153	0.0271	-0.0001	0.0279	-0.3022
4.2238	0.0154	0.0271	-0.0001	0.0278	-0.3019
4.2243	0.0154	0.0271	-0.0000	0.0278	-0.3017
4.2248	0.0155	0.0271	0.0000	0.0278	-0.3013
4.2253	0.0154	0.0271	-0.0000	0.0278	-0.3009
4.2258	0.0157	0.0271	-0.0001	0.0278	-0.3002
4.2263	0.0156	0.0271	-0.0000	0.0277	-0.2998
4.2268	0.0158	0.0271	-0.0001	0.0277	-0.2990
4.2273	0.0157	0.0270	-0.0000	0.0277	-0.2982
4.2278	0.0159	0.0270	0.0000	0.0277	-0.2974
4.2283	0.0159	0.0270	-0.0001	0.0277	-0.2960
4.2289	0.0160	0.0270	-0.0000	0.0277	-0.2946
4.2294	0.0158	0.0270	-0.0000	0.0277	-0.2925
4.2299	0.0158	0.0270	-0.0000	0.0276	-0.2916
4.2304	0.0160	0.0269	-0.0000	0.0276	-0.2882
4.2309	0.0160	0.0270	-0.0000	0.0276	-0.2816
4.2314	0.0163	0.0269	-0.0001	0.0276	-0.2682
4.2319	0.0164	0.0269	-0.0000	0.0276	-0.2375
4.2324	0.0163	0.0270	-0.0000	0.0276	-0.2178
4.2329	0.0165	0.0269	-0.0001	0.0276	-0.1824
4.2334	0.0165	0.0269	-0.0000	0.0276	-0.1515
4.2339	0.0165	0.0268	-0.0001	0.0276	-0.0283
4.2344	0.0167	0.0268	-0.0000	0.0276	0.0449
4.2349	0.0166	0.0268	-0.0001	0.0275	0.2090
4.2354	0.0169	0.0268	-0.0001	0.0275	0.6114
4.2359	0.0168	0.0268	-0.0001	0.0276	0.7968
4.2365	0.0170	0.0268	-0.0000	0.0275	0.9516
4.2370	0.0170	0.0268	-0.0000	0.0275	1.1404
4.2375	0.0171	0.0267	-0.0001	0.0275	1.2021
4.2380	0.0170	0.0268	-0.0000	0.0275	1.2770
4.2385	0.0173	0.0267	-0.0000	0.0275	1.5414
4.2390	0.0173	0.0267	-0.0001	0.0275	1.5549
4.2395	0.0174	0.0267	-0.0001	0.0275	0.4971
4.2400	0.0177	0.0267	-0.0001	0.0275	-0.0776
4.2405	0.0176	0.0267	-0.0000	0.0275	-0.1693
4.2410	0.0177	0.0267	-0.0001	0.0275	-0.2294
4.2415	0.0181	0.0267	-0.0000	0.0275	-0.2614
4.2420	0.0179	0.0267	-0.0000	0.0274	-0.2815
4.2425	0.0183	0.0267	-0.0000	0.0275	-0.2875
4.2430	0.0180	0.0267	-0.0001	0.0274	-0.2897
4.2435	0.0184	0.0266	-0.0001	0.0274	-0.2936
4.2441	0.0183	0.0266	-0.0001	0.0274	-0.2955
4.2446	0.0188	0.0267	-0.0001	0.0274	-0.2972
4.2451	0.0186	0.0266	-0.0000	0.0274	-0.2977
4.2456	0.0191	0.0266	-0.0000	0.0274	-0.2986
4.2461	0.0190	0.0266	-0.0001	0.0274	-0.2992
4.2466	0.0196	0.0266	-0.0000	0.0274	-0.2999
4.2471	0.0197	0.0266	-0.0001	0.0274	-0.3005
4.2476	0.0199	0.0266	-0.0000	0.0274	-0.3007
4.2481	0.0203	0.0266	-0.0000	0.0274	-0.3011
4.2486	0.0205	0.0265	-0.0001	0.0273	-0.3014
4.2491	0.0212	0.0266	-0.0000	0.0274	-0.3016
4.2496	0.0212	0.0265	-0.0000	0.0274	-0.3018
4.2501	0.0220	0.0265	-0.0001	0.0274	-0.3020
4.2506	0.0224	0.0265	-0.0000	0.0275	-0.3023
4.2511	0.0234	0.0264	-0.0000	0.0275	-0.3024
4.2517	0.0241	0.0265	-0.0001	0.0275	-0.3025
4.2522	0.0248	0.0265	-0.0001	0.0275	-0.3025
4.2527	0.0263	0.0265	-0.0001	0.0276	-0.3027
4.2532	0.0280	0.0265	-0.0001	0.0275	-0.3028
4.2537	0.0299	0.0265	-0.0001	0.0276	-0.3030
4.2542	0.0330	0.0265	-0.0001	0.0277	-0.3031
4.2547	0.0347	0.0265	-0.0001	0.0278	-0.3031
4.2552	0.0381	0.0264	-0.0000	0.0279	-0.3032
4.2557	0.0417	0.0265	-0.0001	0.0280	-0.3033
4.2562	0.0453	0.0264	-0.0001	0.0282	-0.3033
4.2567	0.0479	0.0264	-0.0001	0.0283	-0.3033
4.2572	0.0500	0.0264	-0.0000	0.0283	-0.3034
4.2577	0.0496	0.0264	-0.0000	0.0283	-0.3035
4.2582	0.0461	0.0264	-0.0000	0.0282	-0.3035
4.2587	0.0422	0.0264	-0.0000	0.0280	-0.3036
4.2593	0.0395	0.0264	-0.0001	0.0279	-0.3036
4.2598	0.0357	0.0264	-0.0000	0.0278	-0.3037
4.2603	0.0340	0.0264	-0.0001	0.0277	-0.3037
4.2608	0.0316	0.0264	-0.0001	0.0276	-0.3037
4.2613	0.0298	0.0264	-0.0000	0.0276	-0.3037
4.2618	0.0286	0.0264	-0.0001	0.0275	-0.3037
4.2623	0.0271	0.0264	-0.0001	0.0275	-0.3038
4.2628	0.0259	0.0263	-0.0000	0.0274	-0.3038
4.2633	0.0250	0.0264	-0.0000	0.0274	-0.3038
4.2638	0.0245	0.0264	-0.0001	0.0273	-0.3038
4.2643	0.0240	0.0264	-0.0001	0.0273	-0.3039
4.2648	0.0233	0.0264	-0.0001	0.0273	-0.3039
4.2653	0.0231	0.0264	-0.0001	0.0273	-0.3039
4.2658	0.0227	0.0264	-0.0001	0.0272	-0.3039
4.2663	0.0226	0.0264	-0.0001	0.0273	-0.3040
4.2669	0.0223	0.0264	-0.0001	0.0272	-0.3040
4.2674	0.0222	0.0263	-0.0000	0.0272	-0.3040
4.2679	0.0221	0.0263	-0.0000	0.0273	-0.3039
4.2684	0.0219	0.0264	-0.0000	0.0273	-0.3040
4.2689	0.0216	0.0263	-0.0000	0.0272	-0.3040
4.2694	0.0216	0.0264	-0.0000	0.0272	-0.3040
4.2699	0.0215	0.0263	-0.0000	0.0272	-0.3040
4.2704	0.0214	0.0264	-0.0001	0.0272	-0.3041
4.2709	0.0215	0.0264	-0.0001	0.0272	-0.3040
4.2714	0.0215	0.0263	-0.0001	0.0272	-0.3041
4.2719	0.0215	0.0263	-0.0000	0.0273	-0.3040
4.2724	0.0215	0.0263	-0.0000	0.0272	-0.3041
4.2729	0.0215	0.0264	-0.0001	0.0272	-0.3041
4.2734	0.0216	0.0264	-0.0001	0.0272	-0.3041
4.2739	0.0216	0.0263	-0.0001	0.0272	-0.3041
4.2745	0.0216	0.0263	-0.0001	0.0272	-0.3041
4.2750	0.0219	0.0263	-0.0001	0.0272	-0.3041
4.2755	0.0217	0.0263	-0.0000	0.0272	-0.3041
4.2760	0.0219	0.0263	-0.0000	0.0273	-0.3041
4.2765	0.0218	0.0264	-0.0001	0.0272	-0.3041
4.2770	0.0219	0.0263	-0.0000	0.0273	-0.3041
4.2775	0.0220	0.0264	-0.0001	0.0272	-0.3041
4.2780	0.0221	0.0263	-0.0000	0.0273	-0.3041
4.2785	0.0221	0.0264	-0.0000	0.0272	-0.3041
4.2790	0.0223	0.0263	-0.0000	0.0273	-0.3042
4.2795	0.0224	0.0263	-0.0000	0.0272	-0.3041
4.2800	0.0225	0.0264	-0.0001	0.0273	-0.3042
4.2805	0.0225	0.0264	-0.0000	0.0272	-0.3041
4.2810	0.0226	0.0264	-0.0000	0.0273	-0.3042
4.2815	0.0228	0.0264	-0.0001	0.0273	-0.3041
4.2821	0.0226	0.0264	-0.0000	0.0273	-0.3042
4.2826	0.0231	0.0264	-0.0001	0.0273	-0.3041
4.2831	0.0229	0.0264	-0.0000	0.0273	-0.3042
4.2836	0.0233	0.0264	-0.0000	0.0273	-0.3042
4.2841	0.0234	0.0264	-0.0001	0.0273	-0.3042
4.2846	0.0237	0.0264	-0.0000	0.0273	-0.3042
4.2851	0.0239	0.0264	-0.0001	0.0274	-0.3042
4.2856	0.0237	0.0264	-0.0001	0.0274	-0.3042
4.2861	0.0239	0.0264	-0.0000	0.0274	-0.3042
4.2866	0.0239	0.0264	-0.0000	0.0274	-0.3042
4.2871	0.0243	0.0264	-0.0000	0.0274	-0.3042
4.2876	0.0243	0.0264	-0.0000	0.0274	-0.3042
4.2881	0.0246	0.0264	-0.0000	0.0274	-0.3042
4.2886	0.0247	0.0264	-0.0000	0.0274	-0.3042
4.2891	0.0250	0.0264	-0.0000	0.0274	-0.3042
4.2897	0.0249	0.0264	-0.0001	0.0275	-0.3042
4.2902	0.0254	0.0265	-0.0001	0.0275	-0.3042
4.2907	0.0254	0.0264	-0.0000	0.0275	-0.3042
4.2912	0.0257	0.0265	-0.0000	0.0275	-0.3042
4.2917	0.0258	0.0265	-0.0000	0.0275	-0.3042
4.2922	0.0261	0.0265	-0.0000	0.0275	-0.3042
4.2927	0.0265	0.0265	-0.0000	0.0275	-0.3042
4.2932	0.0266	0.0265	-0.0001	0.0276	-0.3043
4.2937	0.0269	0.0265	-0.0001	0.0276	-0.3042
4.2942	0.0272	0.0265	-0.0001	0.0276	-0.3043
4.2947	0.0275	0.0265	-0.0001	0.0276	-0.3042
4.2952	0.0280	0.0265	-0.0001	0.0276	-0.3042
4.2957	0.0281	0.0265	-0.0001	0.0277	-0.3042
4.2962	0.0287	0.0265	-0.0001	0.0277	-0.3042
4.2967	0.0287	0.0265	-0.0001	0.0277	-0.3042
4.2973	0.0292	0.0265	-0.0001	0.0277	-0.3043
4.2978	0.0295	0.0266	-0.0000	0.0277	-0.3043
4.2983	0.0299	0.0266	-0.0000	0.0277	-0.3042
4.2988	0.0302	0.0266	-0.0000	0.0278	-0.3042
4.2993	0.0306	0.0266	-0.0000	0.0278	-0.3043
4.2998	0.0311	0.0266	-0.0000	0.0278	-0.3043
4.3003	0.0314	0.0266	-0.0001	0.0279	-0.3043
4.3008	0.0320	0.0267	-0.0000	0.0278	-0.3043
4.3013	0.0327	0.0266	-0.0001	0.0279	-0.3043
4.3018	0.0330	0.0266	-0.0000	0.0280	-0.3042
4.3023	0.0338	0.0266	-0.0000	0.0280	-0.3043
4.3028	0.0342	0.0267	-0.0000	0.0280	-0.3042
4.3033	0.0352	0.0267	-0.0001	0.0280	-0.3043
4.3038	0.0357	0.0266	-0.0000	0.0281	-0.3043
4.3043	0.0366	0.0267	-0.0001	0.0281	-0.3042
4.3049	0.0375	0.0267	-0.0001	0.0281	-0.3042
4.3054	0.0381	0.0267	-0.0000	0.0282	-0.3043
4.3059	0.0395	0.0267	-0.0000	0.0283	-0.3043
4.3064	0.0408	0.0268	-0.0000	0.0283	-0.3043
4.3069	0.0416	0.0267	-0.0001	0.0284	-0.3043
4.3074	0.0426	0.0267	-0.0000	0.0284	-0.3043
4.3079	0.0439	0.0268	-0.0001	0.0285	-0.3042
4.3084	0.0451	0.0268	-0.0001	0.0285	-0.3043
4.3089	0.0464	0.0268	-0.0001	0.0286	-0.3042
4.3094	0.0479	0.0268	-0.0000	0.0286	-0.3043
4.3099	0.0496	0.0268	-0.0001	0.0287	-0.3043
4.3104	0.0519	0.0269	-0.0000	0.0288	-0.3043
4.3109	0.0548	0.0269	-0.0000	0.0289	-0.3043
4.3114	0.0576	0.0268	-0.0001	0.0290	-0.3043
4.3119	0.0602	0.0269	-0.0000	0.0291	-0.3043
4.3125	0.0633	0.0268	-0.0000	0.0293	-0.3043
4.3130	0.0680	0.0269	-0.0001	0.0294	-0.3042
4.3135	0.0739	0.0269	-0.0000	0.0297	-0.3043
4.3140	0.0785	0.0270	-0.0000	0.0298	-0.3043
4.3145	0.0835	0.0270	-0.0000	0.0300	-0.3042
4.3150	0.0919	0.0270	-0.0001	0.0304	-0.3042
4.3155	0.1002	0.0270	-0.0001	0.0308	-0.3042
4.3160	0.1057	0.0271	-0.0000	0.0309	-0.3043
4.3165	0.1150	0.0271	-0.0001	0.0313	-0.3042
4.3170	0.1185	0.0271	-0.0000	0.0314	-0.3043
4.3175	0.1213	0.0271	-0.0001	0.0316	-0.3043
4.3180	0.1202	0.0271	-0.0001	0.0315	-0.3042
4.3185	0.1160	0.0271	-0.0001	0.0314	-0.3042
4.3190	0.1068	0.0272	-0.0001	0.0311	-0.3043
4.3195	0.0986	0.0271	-0.0001	0.0309	-0.3042
4.3201	0.0925	0.0272	-0.0001	0.0306	-0.3042
4.3206	0.0872	0.0272	-0.0001	0.0304	-0.3043
4.3211	0.0813	0.0272	-0.0001	0.0302	-0.3042
4.3216	0.0760	0.0272	-0.0000	0.0300	-0.3042
4.3221	0.0699	0.0272	-0.0001	0.0298	-0.3042
4.3226	0.0656	0.0272	-0.0000	0.0296	-0.3042
4.3231	0.0628	0.0272	-0.0000	0.0296	-0.3042
4.3236	0.0600	0.0272	-0.0001	0.0295	-0.3042
4.3241	0.0566	0.0272	-0.0000	0.0294	-0.3042
4.3246	0.0536	0.0273	-0.0001	0.0293	-0.3042
4.3251	0.0524	0.0272	-0.0001	0.0292	-0.3043
4.3256	0.0505	0.0273	-0.0001	0.0292	-0.3043
4.3261	0.0488	0.0272	-0.0001	0.0291	-0.3042
4.3266	0.0472	0.0273	-0.0001	0.0290	-0.3042
4.3271	0.0459	0.0273	-0.0001	0.0291	-0.3042
4.3277	0.0445	0.0273	-0.0001	0.0290	-0.3042
4.3282	0.0435	0.0274	-0.0001	0.0290	-0.3042
4.3287	0.0430	0.0273	-0.0000	0.0290	-0.3042
4.3292	0.0418	0.0274	-0.0000	0.0290	-0.3042
4.3297	0.0411	0.0274	-0.0001	0.0289	-0.3042
4.3302	0.0405	0.0274	-0.0001	0.0289	-0.3042
4.3307	0.0394	0.0274	-0.0001	0.0290	-0.3042
4.3312	0.0389	0.0274	-0.0001	0.0289	-0.3042
4.3317	0.0384	0.0274	-0.0001	0.0289	-0.3042
4.3322	0.0379	0.0274	-0.0001	0.0289	-0.3042
4.3327	0.0375	0.0275	-0.0001	0.0289	-0.3042
4.3332	0.0371	0.0275	-0.0001	0.0289	-0.3042
4.3337	0.0368	0.0275	-0.0001	0.0289	-0.3041
4.3342	0.0365	0.0276	-0.0000	0.0290	-0.3041
4.3347	0.0363	0.0276	-0.0000	0.0289	-0.3041
4.3353	0.0361	0.0276	-0.0001	0.0289	-0.3042
4.3358	0.0361	0.0276	-0.0000	0.0290	-0.3041
4.3363	0.0359	0.0276	-0.0000	0.0290	-0.3041
4.3368	0.0359	0.0276	-0.0001	0.0290	-0.3041
4.3373	0.0357	0.0276	-0.0001	0.0290	-0.3041
4.3378	0.0357	0.0276	-0.0000	0.0291	-0.3041
4.3383	0.0357	0.0277	-0.0001	0.0291	-0.3041
4.3388	0.0357	0.0277	-0.0000	0.0290	-0.3041
4.3393	0.0358	0.0277	-0.0000	0.0291	-0.3041
4.3398	0.0359	0.0277	-0.0000	0.0291	-0.3041
4.3403	0.0360	0.0278	-0.0000	0.0291	-0.3041
4.3408	0.0362	0.0277	-0.0001	0.0291	-0.3040
4.3413	0.0362	0.0277	-0.0001	0.0292	-0.3040
4.3418	0.0366	0.0278	-0.0001	0.0292	-0.3040
4.3423	0.0367	0.0278	-0.0000	0.0292	-0.3040
4.3429	0.0373	0.0278	-0.0000	0.0292	-0.3041
4.3434	0.0375	0.0279	-0.0001	0.0292	-0.3040
4.3439	0.0380	0.0279	-0.0000	0.0293	-0.3040
4.3444	0.0386	0.0279	-0.0000	0.0294	-0.3040
4.3449	0.0397	0.0279	-0.0001	0.0295	-0.3040
4.3454	0.0404	0.0279	-0.0000	0.0295	-0.3040
4.3459	0.0422	0.0279	-0.0000	0.0296	-0.3039
4.3464	0.0427	0.0279	-0.0000	0.0296	-0.3040
4.3469	0.0444	0.0280	-0.0001	0.0297	-0.3039
4.3474	0.0455	0.0280	-0.0001	0.0297	-0.3039
4.3479	0.0473	0.0281	-0.0000	0.0298	-0.3039
4.3484	0.0496	0.0281	-0.0001	0.0300	-0.3038
4.3489	0.0512	0.0281	-0.0000	0.0300	-0.3038
4.3494	0.0544	0.0281	-0.0001	0.0302	-0.3038
4.3499	0.0559	0.0281	-0.0001	0.0302	-0.3038
4.3505	0.0576	0.0281	-0.0000	0.0304	-0.3037
4.3510	0.0611	0.0282	-0.0000	0.0305	-0.3037
4.3515	0.0682	0.0282	-0.0001	0.0308	-0.3037
4.3520	0.0752	0.0282	-0.0001	0.0310	-0.3037
4.3525	0.0794	0.0282	-0.0001	0.0312	-0.3036
4.3530	0.0848	0.0283	-0.0000	0.0314	-0.3035
4.3535	0.0876	0.0283	-0.0000	0.0316	-0.3035
4.3540	0.0891	0.0283	-0.0001	0.0317	-0.3035
4.3545	0.0875	0.0284	-0.0000	0.0316	-0.3034
4.3550	0.0815	0.0283	-0.0000	0.0314	-0.3034
4.3555	0.0743	0.0283	-0.0001	0.0312	-0.3033
4.3560	0.0690	0.0284	-0.0001	0.0310	-0.3031
4.3565	0.0631	0.0284	-0.0001	0.0308	-0.3030
4.3570	0.0605	0.0285	-0.0001	0.0307	-0.3030
4.3575	0.0563	0.0285	-0.0000	0.0306	-0.3029
4.3581	0.0552	0.0285	-0.0001	0.0306	-0.3028
4.3586	0.0507	0.0286	-0.0000	0.0304	-0.3027
4.3591	0.0474	0.0285	-0.0000	0.0303	-0.3025
4.3596	0.0455	0.0286	-0.0001	0.0303	-0.3023
4.3601	0.0433	0.0286	-0.0000	0.0303	-0.3020
4.3606	0.0425	0.0286	-0.0000	0.0303	-0.3019
4.3611	0.0408	0.0286	-0.0001	0.0302	-0.3015
4.3616	0.0397	0.0286	-0.0001	0.0302	-0.3010
4.3621	0.0387	0.0287	-0.0001	0.0302	-0.3006
4.3626	0.0376	0.0287	-0.0000	0.0302	-0.2998
4.3631	0.0367	0.0287	-0.0001	0.0301	-0.2992
4.3636	0.0364	0.0288	-0.0000	0.0301	-0.2985
4.3641	0.0356	0.0287	-0.0001	0.0301	-0.2978
4.3646	0.0353	0.0287	-0.0000	0.0302	-0.2965
4.3651	0.0345	0.0287	-0.0000	0.0302	-0.2956
4.3657	0.0344	0.0288	-0.0001	0.0301	-0.2937
4.3662	0.0338	0.0288	-0.0001	0.0302	-0.2916
4.3667	0.0337	0.0288	-0.0000	0.0302	-0.2892
4.3672	0.0336	0.0288	-0.0001	0.0302	-0.2850
4.3677	0.0331	0.0289	-0.0000	0.0302	-0.2742
4.3682	0.0332	0.0289	-0.0000	0.0302	-0.2569
4.3687	0.0328	0.0290	-0.0001	0.0302	-0.2288
4.3692	0.0330	0.0290	-0.0001	0.0303	-0.1678
4.3697	0.0328	0.0290	-0.0001	0.0303	-0.0775
4.3702	0.0331	0.0290	-0.0001	0.0303	0.0193
4.3707	0.0330	0.0290	-0.0000	0.0304	0.2005
4.3712	0.0330	0.0291	-0.0001	0.0304	0.3757
4.3717	0.0333	0.0290	-0.0000	0.0305	0.6681
4.3722	0.0334	0.0291	-0.0001	0.0305	0.8385
4.3727	0.0337	0.0292	-0.0001	0.0305	1.0863
4.3733	0.0341	0.0292	-0.0001	0.0306	1.1881
4.3738	0.0345	0.0292	-0.0001	0.0305	1.2567
4.3743	0.0353	0.0292	-0.0001	0.0306	1.5734
4.3748	0.0358	0.0292	0.0000	0.0306	1.5251
4.3753	0.0366	0.0293	-0.0001	0.0307	0.6846
4.3758	0.0376	0.0293	-0.0001	0.0308	0.1124
4.3763	0.0387	0.0293	-0.0000	0.0309	-0.1628
4.3768	0.0402	0.0293	-0.0000	0.0309	-0.2273
4.3773	0.0413	0.0293	-0.0001	0.0310	-0.2623
4.3778	0.0427	0.0294	-0.0001	0.0311	-0.2804
4.3783	0.0437	0.0294	-0.0000	0.0311	-0.2865
4.3788	0.0438	0.0295	-0.0000	0.0311	-0.2892
4.3793	0.0433	0.0294	-0.0001	0.0311	-0.2921
4.3798	0.0424	0.0295	-0.0001	0.0312	-0.2944
4.3803	0.0404	0.0295	-0.0001	0.0311	-0.2965
4.3809	0.0391	0.0295	-0.0000	0.0311	-0.2974
4.3814	0.0378	0.0295	-0.0001	0.0310	-0.2982
4.3819	0.0367	0.0295	-0.0001	0.0310	-0.2988
4.3824	0.0351	0.0296	-0.0000	0.0310	-0.2996
4.3829	0.0343	0.0296	-0.0000	0.0310	-0.3000
4.3834	0.0331	0.0296	-0.0001	0.0310	-0.3007
4.3839	0.0321	0.0297	-0.0001	0.0310	-0.3010
4.3844	0.0318	0.0297	-0.0001	0.0310	-0.3011
4.3849	0.0309	0.0297	-0.0001	0.0310	-0.3015
4.3854	0.0305	0.0297	-0.0001	0.0310	-0.3018
4.3859	0.0300	0.0298	-0.0001	0.0310	-0.3020
4.3864	0.0299	0.0298	-0.0001	0.0310	-0.3021
4.3869	0.0292	0.0298	-0.0000	0.0310	-0.3023
4.3874	0.0287	0.0299	-0.0000	0.0310	-0.3024
4.3879	0.0286	0.0299	-0.0000	0.0310	-0.3025
4.3885	0.0282	0.0299	-0.0000	0.0310	-0.3027
4.3890	0.0280	0.0299	-0.0000	0.0310	-0.3028
4.3895	0.0277	0.0300	-0.0001	0.0311	-0.3029
4.3900	0.0274	0.0300	-0.0000	0.0310	-0.3030
4.3905	0.0271	0.0300	-0.0000	0.0311	-0.3031
4.3910	0.0271	0.0300	-0.0000	0.0311	-0.3032
4.3915	0.0268	0.0300	-0.0001	0.0312	-0.3033
4.3920	0.0267	0.0301	-0.0001	0.0311	-0.3034
4.3925	0.0265	0.0301	-0.0001	0.0312	-0.3034
4.3930	0.0264	0.0301	-0.0000	0.0312	-0.3034
4.3935	0.0263	0.0302	-0.0001	0.0312	-0.3035
4.3940	0.0263	0.0302	-0.0001	0.0312	-0.3036
4.3945	0.0260	0.0302	-0.0000	0.0312	-0.3036
4.3950	0.0260	0.0303	-0.0001	0.0313	-0.3036
4.3955	0.0260	0.0303	-0.0000	0.0313	-0.3037
4.3961	0.0259	0.0303	-0.0000	0.0313	-0.3037
4.3966	0.0259	0.0303	-0.0001	0.0314	-0.3038
4.3971	0.0258	0.0304	-0.0000	0.0314	-0.3038
4.3976	0.0261	0.0304	-0.0000	0.0314	-0.3038
4.3981	0.0259	0.0304	-0.0001	0.0314	-0.3038
4.3986	0.0261	0.0305	-0.0000	0.0315	-0.3038
4.3991	0.0260	0.0304	-0.0001	0.0315	-0.3039
4.3996	0.0261	0.0305	-0.0001	0.0315	-0.3039
4.4001	0.0260	0.0305	-0.0000	0.0315	-0.3039
4.4006	0.0262	0.0305	-0.0000	0.0316	-0.3039
4.4011	0.0263	0.0306	-0.0000	0.0316	-0.3039
4.4016	0.0263	0.0306	-0.0001	0.0316	-0.3039
4.4021	0.0265	0.0306	-0.0001	0.0317	-0.3040
4.4026	0.0266	0.0306	-0.0001	0.0317	-0.3040
4.4031	0.0269	0.0306	-0.0001	0.0317	-0.3039
4.4037	0.0269	0.0306	-0.0001	0.0318	-0.3040
4.4042	0.0273	0.0306	-0.0001	0.0317	-0.3040
4.4047	0.0274	0.0307	-0.0001	0.0318	-0.3040
4.4052	0.0277	0.0307	-0.0000	0.0319	-0.3041
4.4057	0.0278	0.0308	-0.0001	0.0319	-0.3040
4.4062	0.0283	0.0308	-0.0000	0.0318	-0.3041
4.4067	0.0286	0.0308	-0.0001	0.0319	-0.3040
4.4072	0.0290	0.0308	-0.0001	0.0319	-0.3041
4.4077	0.0296	0.0309	-0.0000	0.0320	-0.3040
4.4082	0.0303	0.0309	-0.0001	0.0320	-0.3040
4.4087	0.0308	0.0308	-0.0001	0.0321	-0.3040
4.4092	0.0317	0.0309	-0.0000	0.0322	-0.3041
4.4097	0.0330	0.0309	-0.0001	0.0322	-0.3041
4.4102	0.0336	0.0310	-0.0001	0.0323	-0.3040
4.4107	0.0350	0.0310	-0.0001	0.0323	-0.3041
4.4113	0.0366	0.0311	-0.0001	0.0324	-0.3041
4.4118	0.0383	0.0310	-0.0001	0.0325	-0.3041
4.4123	0.0403	0.0311	-0.0000	0.0326	-0.3042
4.4128	0.0432	0.0311	-0.0000	0.0328	-0.3041
4.4133	0.0451	0.0311	-0.0001	0.0328	-0.3041
4.4138	0.0466	0.0312	-0.0001	0.0329	-0.3041
4.4143	0.0469	0.0312	-0.0000	0.0329	-0.3041
4.4148	0.0458	0.0312	-0.0001	0.0330	-0.3041
4.4153	0.0446	0.0312	-0.0000	0.0330	-0.3042
4.4158	0.0429	0.0312	-0.0001	0.0329	-0.3041
4.4163	0.0400	0.0313	-0.0001	0.0329	-0.3041
4.4168	0.0381	0.0313	-0.0001	0.0328	-0.3041
4.4173	0.0361	0.0313	-0.0000	0.0327	-0.3041
4.4178	0.0341	0.0313	-0.0000	0.0327	-0.3042
4.4183	0.0333	0.0314	-0.0001	0.0327	-0.3042
4.4189	0.0317	0.0314	-0.0001	0.0327	-0.3042
4.4194	0.0310	0.0314	-0.0000	0.0326	-0.3042
4.4199	0.0297	0.0314	-0.0000	0.0326	-0.3041
4.4204	0.0289	0.0314	-0.0000	0.0326	-0.3042
4.4209	0.0282	0.0315	-0.0000	0.0326	-0.3042
4.4214	0.0273	0.0315	-0.0001	0.0326	-0.3042
4.4219	0.0264	0.0316	-0.0001	0.0326	-0.3042
4.4224	0.0259	0.0316	-0.0001	0.0326	-0.3042
4.4229	0.0256	0.0316	-0.0001	0.0327	-0.3042
4.4234	0.0249	0.0316	-0.0001	0.0326	-0.3042
4.4239	0.0245	0.0316	-0.0000	0.0326	-0.3042
4.4244	0.0240	0.0316	-0.0001	0.0327	-0.3043
4.4249	0.0239	0.0317	-0.0000	0.0326	-0.3042
4.4254	0.0232	0.0317	-0.0001	0.0326	-0.3042
4.4259	0.0232	0.0318	-0.0000	0.0327	-0.3042
4.4265	0.0226	0.0318	-0.0000	0.0327	-0.3043
4.4270	0.0224	0.0318	-0.0000	0.0327	-0.3043
4.4275	0.0222	0.0318	-0.0001	0.0327	-0.3042
4.4280	0.0219	0.0319	-0.0001	0.0327	-0.3043
4.4285	0.0215	0.0318	-0.0001	0.0328	-0.3043
4.4290	0.0215	0.0319	-0.0001	0.0328	-0.3042
4.4295	0.0211	0.0319	-0.0000	0.0328	-0.3042
4.4300	0.0210	0.0319	-0.0001	0.0328	-0.3043
4.4305	0.0205	0.0319	-0.0001	0.0328	-0.3043
4.4310	0.0205	0.0320	-0.0001	0.0328	-0.3042
4.4315	0.0203	0.0321	-0.0000	0.0328	-0.3042
4.4320	0.0201	0.0320	-0.0000	0.0328	-0.3042
4.4325	0.0201	0.0321	-0.0000	0.0329	-0.3043
4.4330	0.0197	0.0321	-0.0000	0.0329	-0.3043
4.4335	0.0197	0.0321	-0.0000	0.0329	-0.3043
4.4341	0.0194	0.0321	-0.0000	0.0329	-0.3042
4.4346	0.0194	0.0321	-0.0000	0.0329	-0.3043
4.4351	0.0193	0.0321	-0.0001	0.0330	-0.3043
4.4356	0.0192	0.0322	-0.0001	0.0330	-0.3042
4.4361	0.0191	0.0322	-0.0000	0.0330	-0.3042
4.4366	0.0189	0.0322	-0.0001	0.0330	-0.3042
4.4371	0.0187	0.0323	-0.0001	0.0330	-0.3042
4.4376	0.0186	0.0323	-0.0001	0.0330	-0.3043
4.4381	0.0186	0.0322	-0.0000	0.0331	-0.3043
4.4386	0.0185	0.0323	-0.0000	0.0331	-0.3042
4.4391	0.0183	0.0323	-0.0000	0.0331	-0.3042
4.4396	0.0181	0.0324	-0.0000	0.0331	-0.3042
4.4401	0.0182	0.0324	-0.0001	0.0332	-0.3043
4.4406	0.0180	0.0324	-0.0000	0.0332	-0.3043
4.4411	0.0179	0.0325	-0.0001	0.0332	-0.3043
4.4417	0.0179	0.0325	-0.0001	0.0332	-0.3043
4.4422	0.0178	0.0325	-0.0001	0.0332	-0.3042
4.4427	0.0178	0.0324	-0.0001	0.0333	-0.3042
4.4432	0.0178	0.0325	-0.0001	0.0333	-0.3043
4.4437	0.0179	0.0325	-0.0001	0.0333	-0.3043
4.4442	0.0176	0.0325	-0.0001	0.0333	-0.3043
4.4447	0.0177	0.0326	-0.0001	0.0334	-0.3043
4.4452	0.0177	0.0326	-0.0001	0.0333	-0.3043
4.4457	0.0177	0.0326	-0.0001	0.0334	-0.3042
4.4462	0.0179	0.0326	-0.0001	0.0334	-0.3043
4.4467	0.0180	0.0327	-0.0001	0.0334	-0.3042
4.4472	0.0181	0.0327	-0.0001	0.0335	-0.3043
4.4477	0.0181	0.0328	-0.0000	0.0335	-0.3042
4.4482	0.0185	0.0328	-0.0000	0.0335	-0.3042
4.4487	0.0187	0.0328	-0.0000	0.0335	-0.3043
4.4493	0.0189	0.0328	-0.0001	0.0336	-0.3043
4.4498	0.0190	0.0328	-0.0000	0.0336	-0.3043
4.4503	0.0185	0.0329	-0.0000	0.0336	-0.3042
4.4508	0.0182	0.0329	-0.0001	0.0336	-0.3042
4.4513	0.0178	0.0329	-0.0000	0.0336	-0.3042
4.4518	0.0172	0.0329	-0.0001	0.0337	-0.3042
4.4523	0.0168	0.0329	-0.0000	0.0337	-0.3042
4.4528	0.0167	0.0330	-0.0001	0.0336	-0.3042
4.4533	0.0163	0.0330	-0.0000	0.0336	-0.3042
4.4538	0.0161	0.0330	-0.0001	0.0337	-0.3043
4.4543	0.0157	0.0330	-0.0000	0.0337	-0.3042
4.4548	0.0156	0.0330	-0.0001	0.0337	-0.3043
4.4553	0.0153	0.0331	-0.0001	0.0338	-0.3042
4.4558	0.0152	0.0331	-0.0000	0.0338	-0.3042
4.4563	0.0149	0.0331	-0.0000	0.0338	-0.3042
4.4569	0.0146	0.0331	-0.0000	0.0338	-0.3043
4.4574	0.0145	0.0332	-0.0001	0.0337	-0.3042
4.4579	0.0143	0.0332	-0.0001	0.0338	-0.3043
4.4584	0.0140	0.0332	-0.0000	0.0338	-0.3043
4.4589	0.0139	0.0332	-0.0001	0.0338	-0.3042
4.4594	0.0139	0.0333	-0.0000	0.0339	-0.3042
4.4599	0.0137	0.0333	-0.0000	0.0339	-0.3042
4.4604	0.0135	0.0333	-0.0001	0.0339	-0.3042
4.4609	0.0135	0.0333	-0.0000	0.0339	-0.3042
4.4614	0.0135	0.0334	-0.0000	0.0340	-0.3041
4.4619	0.0132	0.0334	-0.0000	0.0339	-0.3042
4.4624	0.0132	0.0334	-0.0000	0.0339	-0.3042
4.4629	0.0130	0.0334	-0.0000	0.0340	-0.3042
4.4634	0.0129	0.0334	-0.0000	0.0340	-0.3042
4.4639	0.0129	0.0334	-0.0001	0.0340	-0.3042
4.4645	0.0127	0.0335	-0.0001	0.0340	-0.3042
4.4650	0.0127	0.0335	-0.0001	0.0340	-0.3042
4.4655	0.0126	0.0335	-0.0001	0.0341	-0.3042
4.4660	0.0123	0.0335	-0.0001	0.0341	-0.3042
4.4665	0.0126	0.0335	-0.0001	0.0341	-0.3042
4.4670	0.0120	0.0335	-0.0000	0.0341	-0.3041
4.4675	0.0124	0.0336	-0.0001	0.0341	-0.3042
4.4680	0.0118	0.0336	-0.0001	0.0341	-0.3042
4.4685	0.0121	0.0337	-0.0001	0.0342	-0.3042
4.4690	0.0118	0.0336	-0.0000	0.0342	-0.3041
4.4695	0.0116	0.0336	-0.0000	0.0342	-0.3041
4.4700	0.0116	0.0337	-0.0000	0.0343	-0.3041
4.4705	0.0115	0.0338	-0.0001	0.0342	-0.3041
4.4710	0.0114	0.0338	-0.0001	0.0343	-0.3042
4.4715	0.0113	0.0338	-0.0001	0.0343	-0.3042
4.4721	0.0111	0.0338	-0.0000	0.0343	-0.3042
4.4726	0.0110	0.0338	-0.0000	0.0343	-0.3041
4.4731	0.0110	0.0338	-0.0000	0.0343	-0.3041
4.4736	0.0107	0.0338	-0.0001	0.0343	-0.3042
4.4741	0.0109	0.0339	-0.0001	0.0344	-0.3041
4.4746	0.0106	0.0338	-0.0001	0.0344	-0.3041
4.4751	0.0108	0.0339	-0.0001	0.0344	-0.3041
4.4756	0.0105	0.0339	-0.0000	0.0344	-0.3041
4.4761	0.0104	0.0340	-0.0000	0.0344	-0.3040
4.4766	0.0103	0.0340	-0.0000	0.0345	-0.3040
4.4771	0.0101	0.0340	-0.0000	0.0345	-0.3041
4.4776	0.0105	0.0340	-0.0000	0.0345	-0.3040
4.4781	0.0099	0.0340	-0.0001	0.0345	-0.3040
4.4786	0.0102	0.0340	-0.0000	0.0345	-0.3040
4.4791	0.0098	0.0340	-0.0001	0.0345	-0.3040
4.4797	0.0099	0.0341	-0.0001	0.0346	-0.3040
4.4802	0.0097	0.0341	-0.0000	0.0346	-0.3040
4.4807	0.0097	0.0341	-0.0001	0.0346	-0.3040
4.4812	0.0097	0.0341	-0.0001	0.0346	-0.3040
4.4817	0.0095	0.0342	-0.0001	0.0346	-0.3039
4.4822	0.0097	0.0341	-0.0001	0.0346	-0.3039
4.4827	0.0095	0.0342	-0.0001	0.0346	-0.3039
4.4832	0.0094	0.0342	-0.0001	0.0347	-0.3039
4.4837	0.0092	0.0343	-0.0000	0.0347	-0.3039
4.4842	0.0092	0.0342	-0.0000	0.0347	-0.3039
4.4847	0.0089	0.0342	-0.0001	0.0347	-0.3038
4.4852	0.0092	0.0343	-0.0001	0.0347	-0.3038
4.4857	0.0089	0.0344	-0.0000	0.0347	-0.3037
4.4862	0.0091	0.0343	-0.0001	0.0348	-0.3038
4.4867	0.0089	0.0343	-0.0000	0.0347	-0.3037
4.4873	0.0089	0.0343	-0.0000	0.0348	-0.3036
4.4878	0.0086	0.0344	-0.0000	0.0348	-0.3036
4.4883	0.0087	0.0344	-0.0000	0.0348	-0.3035
4.4888	0.0085	0.0344	-0.0001	0.0348	-0.3035
4.4893	0.0084	0.0345	-0.0001	0.0348	-0.3034
4.4898	0.0084	0.0344	-0.0000	0.0348	-0.3035
4.4903	0.0082	0.0345	-0.0001	0.0349	-0.3033
4.4908	0.0081	0.0345	-0.0001	0.0349	-0.3033
4.4913	0.0081	0.0345	-0.0001	0.0349	-0.3032
4.4918	0.0081	0.0345	-0.0000	0.0349	-0.3031
4.4923	0.0079	0.0345	-0.0001	0.0349	-0.3030
4.4928	0.0080	0.0345	-0.0001	0.0350	-0.3029
4.4933	0.0079	0.0346	-0.0001	0.0350	-0.3028
4.4938	0.0080	0.0345	-0.0001	0.0350	-0.3027
4.4943	0.0078	0.0346	-0.0001	0.0350	-0.3026
4.4949	0.0078	0.0346	-0.0001	0.0350	-0.3025
4.4954	0.0076	0.0346	-0.0001	0.0350	-0.3022
4.4959	0.0075	0.0347	-0.0001	0.0350	-0.3019
4.4964	0.0074	0.0347	-0.0001	0.0350	-0.3017
4.4969	0.0074	0.0347	-0.0001	0.0350	-0.3013
4.4974	0.0074	0.0347	-0.0000	0.0351	-0.3008
4.4979	0.0072	0.0347	-0.0000	0.0351	-0.3002
4.4984	0.0071	0.0347	-0.0001	0.0351	-0.2996
4.4989	0.0070	0.0347	-0.0000	0.0351	-0.2987
4.4994	0.0070	0.0348	-0.0001	0.0352	-0.2978
4.4999	0.0067	0.0348	-0.0000	0.0352	-0.2971
4.5004	0.0068	0.0348	-0.0000	0.0352	-0.2960
4.5009	0.0066	0.0349	-0.0001	0.0352	-0.2949
4.5014	0.0067	0.0349	-0.0001	0.0352	-0.2928
4.5019	0.0067	0.0348	-0.0001	0.0352	-0.2908
4.5025	0.0067	0.0349	-0.0001	0.0352	-0.2858
4.5030	0.0065	0.0349	-0.0000	0.0352	-0.2786
4.5035	0.0065	0.0349	-0.0000	0.0352	-0.2678
4.5040	0.0064	0.0349	-0.0001	0.0353	-0.2363
4.5045	0.0061	0.0349	-0.0001	0.0353	-0.1965
4.5050	0.0061	0.0350	-0.0001	0.0353	-0.0897
4.5055	0.0059	0.0350	-0.0000	0.0353	0.0175
4.5060	0.0060	0.0350	-0.0001	0.0353	0.1995
4.5065	0.0057	0.0350	-0.0001	0.0353	0.3523
4.5070	0.0060	0.0350	-0.0001	0.0354	0.7035
4.5075	0.0056	0.0350	-0.0001	0.0354	0.8726
4.5080	0.0059	0.0350	-0.0001	0.0353	1.0747
4.5085	0.0053	0.0351	-0.0001	0.0354	1.2135
4.5090	0.0055	0.0351	-0.0001	0.0355	1.3815
4.5095	0.0052	0.0351	-0.0000	0.0355	1.6546
4.5101	0.0051	0.0351	-0.0001	0.0354	1.0006
4.5106	0.0052	0.0352	-0.0001	0.0355	0.2947
4.5111	0.0051	0.0352	-0.0000	0.0355	-0.1299
4.5116	0.0050	0.0352	-0.0000	0.0354	-0.1993
4.5121	0.0048	0.0352	-0.0001	0.0354	-0.2581
4.5126	0.0049	0.0352	-0.0001	0.0355	-0.2748
4.5131	0.0049	0.0352	-0.0001	0.0355	-0.2843
4.5136	0.0046	0.0352	-0.0001	0.0356	-0.2884
4.5141	0.0047	0.0352	-0.0001	0.0355	-0.2910
4.5146	0.0045	0.0352	-0.0001	0.0356	-0.2936
4.5151	0.0046	0.0353	-0.0001	0.0356	-0.2956
4.5156	0.0045	0.0352	-0.0001	0.0355	-0.2964
4.5161	0.0045	0.0353	-0.0001	0.0355	-0.2976
4.5166	0.0043	0.0353	-0.0001	0.0356	-0.2986
4.5171	0.0043	0.0353	-0.0001	0.0356	-0.2990
4.5177	0.0043	0.0353	-0.0001	0.0356	-0.2998
4.5182	0.0042	0.0353	-0.0001	0.0356	-0.3002
4.5187	0.0041	0.0354	-0.0001	0.0357	-0.3006
4.5192	0.0040	0.0354	-0.0001	0.0356	-0.3010
4.5197	0.0041	0.0354	-0.0001	0.0357	-0.3012
4.5202	0.0040	0.0354	-0.0001	0.0357	-0.3014
4.5207	0.0040	0.0354	-0.0001	0.0357	-0.3017
4.5212	0.0037	0.0354	-0.0001	0.0357	-0.3019
4.5217	0.0037	0.0354	-0.0001	0.0357	-0.3020
4.5222	0.0038	0.0355	-0.0001	0.0357	-0.3022
4.5227	0.0036	0.0355	-0.0001	0.0357	-0.3024
4.5232	0.0035	0.0355	-0.0000	0.0357	-0.3025
4.5237	0.0036	0.0356	-0.0001	0.0358	-0.3026
4.5242	0.0037	0.0355	-0.0001	0.0358	-0.3026
4.5247	0.0034	0.0355	-0.0001	0.0358	-0.3027
4.5253	0.0036	0.0355	-0.0001	0.0358	-0.3029
4.5258	0.0034	0.0356	-0.0001	0.0358	-0.3030
4.5263	0.0035	0.0356	-0.0001	0.0359	-0.3031
4.5268	0.0031	0.0356	-0.0000	0.0358	-0.3032
4.5273	0.0034	0.0356	-0.0001	0.0358	-0.3033
4.5278	0.0031	0.0356	-0.0000	0.0359	-0.3033
4.5283	0.0032	0.0356	-0.0001	0.0359	-0.3034
4.5288	0.0030	0.0357	-0.0001	0.0359	-0.3034
4.5293	0.0031	0.0357	-0.0000	0.0359	-0.3035
4.5298	0.0028	0.0357	-0.0001	0.0359	-0.3035
4.5303	0.0029	0.0357	-0.0001	0.0359	-0.3036
4.5308	0.0028	0.0357	-0.0000	0.0360	-0.3036
4.5313	0.0028	0.0357	-0.0001	0.0359	-0.3037
4.5318	0.0027	0.0357	-0.0000	0.0360	-0.3036
4.5323	0.0028	0.0358	-0.0000	0.0359	-0.3037
4.5329	0.0025	0.0357	-0.0001	0.0360	-0.3037
4.5334	0.0027	0.0358	-0.0001	0.0360	-0.3037
4.5339	0.0026	0.0357	-0.0001	0.0360	-0.3038
4.5344	0.0024	0.0358	-0.0001	0.0360	-0.3038
4.5349	0.0027	0.0358	-0.0000	0.0359	-0.3039
4.5354	0.0023	0.0358	-0.0001	0.0360	-0.3039
4.5359	0.0025	0.0358	-0.0000	0.0361	-0.3039
4.5364	0.0024	0.0358	-0.0001	0.0360	-0.3039
4.5369	0.0024	0.0358	-0.0001	0.0361	-0.3039
4.5374	0.0022	0.0358	-0.0001	0.0360	-0.3039
4.5379	0.0022	0.0359	-0.0001	0.0361	-0.3040
4.5384	0.0022	0.0359	-0.0001	0.0361	-0.3040
4.5389	0.0021	0.0359	-0.0001	0.0361	-0.3040
4.5394	0.0020	0.0359	-0.0001	0.0361	-0.3040
4.5399	0.0019	0.0359	-0.0001	0.0361	-0.3040
4.5405	0.0021	0.0359	-0.0001	0.0362	-0.3040
4.5410	0.0019	0.0359	-0.0001	0.0362	-0.3040
4.5415	0.0018	0.0359	-0.0001	0.0361	-0.3040
4.5420	0.0020	0.0360	-0.0001	0.0362	-0.3040
4.5425	0.0017	0.0360	-0.0000	0.0362	-0.3040
4.5430	0.0019	0.0360	-0.0001	0.0362	-0.3040
4.5435	0.0015	0.0360	-0.0001	0.0362	-0.3041
4.5440	0.0018	0.0360	-0.0001	0.0362	-0.3041
4.5445	0.0016	0.0360	-0.0000	0.0361	-0.3042
4.5450	0.0018	0.0360	-0.0001	0.0362	-0.3041
4.5455	0.0014	0.0361	-0.0001	0.0362	-0.3041
4.5460	0.0016	0.0360	-0.0000	0.0362	-0.3041
4.5465	0.0013	0.0360	-0.0001	0.0362	-0.3041
4.5470	0.0015	0.0360	-0.0000	0.0363	-0.3041
4.5475	0.0013	0.0361	-0.0001	0.0363	-0.3041
4.5481	0.0014	0.0361	-0.0001	0.0363	-0.3041
4.5486	0.0012	0.0361	-0.0001	0.0362	-0.3042
4.5491	0.0013	0.0361	-0.0001	0.0363	-0.3041
4.5496	0.0012	0.0361	-0.0000	0.0363	-0.3041
4.5501	0.0010	0.0361	-0.0001	0.0363	-0.3041
4.5506	0.0011	0.0361	-0.0001	0.0363	-0.3041
4.5511	0.0007	0.0361	-0.0000	0.0364	-0.3042
4.5516	0.0008	0.0361	-0.0001	0.0363	-0.3042
4.5521	0.0009	0.0362	-0.0001	0.0363	-0.3042
4.5526	0.0008	0.0362	-0.0001	0.0364	-0.3042
4.5531	0.0006	0.0362	-0.0001	0.0363	-0.3042
4.5536	0.0006	0.0362	-0.0000	0.0364	-0.3042
4.5541	0.0006	0.0363	-0.0001	0.0364	-0.3042
4.5546	0.0005	0.0363	-0.0001	0.0364	-0.3042
4.5551	0.0004	0.0363	-0.0001	0.0364	-0.3042
4.5557	0.0005	0.0362	-0.0001	0.0364	-0.3042
4.5562	0.0003	0.0362	-0.0001	0.0364	-0.3042
4.5567	0.0004	0.0363	-0.0001	0.0364	-0.3042
4.5572	0.0002	0.0363	-0.0000	0.0364	-0.3042
4.5577	0.0003	0.0363	-0.0001	0.0365	-0.3042
4.5582	0.0002	0.0363	-0.0001	0.0364	-0.3042
4.5587	0.0003	0.0363	-0.0001	0.0364	-0.3042
4.5592	0.0002	0.0363	-0.0001	0.0364	-0.3042
4.5597	0.0002	0.0363	-0.0001	0.0364	-0.3042
4.5602	0.0000	0.0364	-0.0001	0.0365	-0.3042
4.5607	-0.0003	0.0363	-0.0001	0.0365	-0.3042
4.5612	-0.0002	0.0364	-0.0001	0.0365	-0.3042
4.5617	-0.0003	0.0364	-0.0001	0.0365	-0.3042
4.5622	-0.0002	0.0363	-0.0000	0.0365	-0.3042
4.5627	-0.0007	0.0364	-0.0000	0.0365	-0.3043
4.5633	-0.0003	0.0364	-0.0001	0.0365	-0.3042
4.5638	-0.0006	0.0365	-0.0001	0.0365	-0.3042
4.5643	-0.0004	0.0365	-0.0000	0.0365	-0.3042
4.5648	-0.0005	0.0364	-0.0001	0.0365	-0.3042
4.5653	-0.0005	0.0364	-0.0001	0.0365	-0.3042
4.5658	-0.0005	0.0365	-0.0000	0.0366	-0.3042
4.5663	-0.0006	0.0365	-0.0001	0.0366	-0.3043
4.5668	-0.0007	0.0364	-0.0000	0.0366	-0.3043
4.5673	-0.0009	0.0365	-0.0001	0.0365	-0.3043
4.5678	-0.0007	0.0365	-0.0001	0.0366	-0.3043
4.5683	-0.0012	0.0366	-0.0000	0.0366	-0.3043
4.5688	-0.0008	0.0365	-0.0001	0.0366	-0.3043
4.5693	-0.0009	0.0365	-0.0001	0.0366	-0.3043
4.5698	-0.0011	0.0365	-0.0001	0.0366	-0.3043
4.5703	-0.0011	0.0366	-0.0001	0.0366	-0.3042
4.5709	-0.0010	0.0366	-0.0001	0.0367	-0.3043
4.5714	-0.0013	0.0365	-0.0000	0.0367	-0.3042
4.5719	-0.0012	0.0366	-0.0000	0.0367	-0.3043
4.5724	-0.0012	0.0366	-0.0000	0.0367	-0.3043
4.5729	-0.0013	0.0366	-0.0000	0.0366	-0.3042
4.5734	-0.0013	0.0366	-0.0000	0.0367	-0.3042
4.5739	-0.0015	0.0367	-0.0001	0.0367	-0.3043
4.5744	-0.0013	0.0366	-0.0000	0.0367	-0.3043
4.5749	-0.0017	0.0367	-0.0001	0.0367	-0.3043
4.5754	-0.0015	0.0366	-0.0001	0.0367	-0.3043
4.5759	-0.0016	0.0366	-0.0001	0.0367	-0.3043
4.5764	-0.0017	0.0366	-0.0001	0.0367	-0.3043
4.5769	-0.0016	0.0367	-0.0001	0.0368	-0.3043
4.5774	-0.0017	0.0367	-0.0001	0.0368	-0.3043
4.5779	-0.0016	0.0366	-0.0000	0.0368	-0.3043
4.5785	-0.0019	0.0366	-0.0000	0.0368	-0.3043
4.5790	-0.0015	0.0367	-0.0000	0.0367	-0.3043
4.5795	-0.0021	0.0367	-0.0001	0.0368	-0.3043
4.5800	-0.0016	0.0367	-0.0001	0.0367	-0.3043
4.5805	-0.0021	0.0367	-0.0001	0.0368	-0.3043
4.5810	-0.0016	0.0367	-0.0000	0.0368	-0.3043
4.5815	-0.0023	0.0367	-0.0001	0.0368	-0.3042
4.5820	-0.0016	0.0367	-0.0000	0.0367	-0.3043
4.5825	-0.0020	0.0367	-0.0001	0.0368	-0.3043
4.5830	-0.0020	0.0367	-0.0000	0.0368	-0.3043
4.5835	-0.0018	0.0367	-0.0000	0.0368	-0.3043
4.5840	-0.0022	0.0368	-0.0001	0.0368	-0.3042
4.5845	-0.0020	0.0368	-0.0001	0.0368	-0.3043
4.5850	-0.0023	0.0368	-0.0001	0.0369	-0.3043
4.5855	-0.0020	0.0368	-0.0001	0.0369	-0.3042
4.5861	-0.0024	0.0368	-0.0000	0.0368	-0.3042
4.5866	-0.0020	0.0368	-0.0000	0.0368	-0.3043
4.5871	-0.0024	0.0368	-0.0001	0.0369	-0.3043
4.5876	-0.0022	0.0369	-0.0000	0.0369	-0.3042
4.5881	-0.0022	0.0368	-0.0001	0.0369	-0.3042
4.5886	-0.0023	0.0368	-0.0000	0.0369	-0.3043
4.5891	-0.0021	0.0368	-0.0001	0.0369	-0.3042
4.5896	-0.0024	0.0369	-0.0001	0.0369	-0.3043
4.5901	-0.0022	0.0368	-0.0001	0.0369	-0.3043
4.5906	-0.0025	0.0369	-0.0001	0.0369	-0.3043
4.5911	-0.0023	0.0369	-0.0000	0.0369	-0.3042
4.5916	-0.0025	0.0369	-0.0001	0.0369	-0.3043
4.5921	-0.0023	0.0369	-0.0001	0.0369	-0.3043
4.5926	-0.0025	0.0369	-0.0001	0.0369	-0.3042
4.5931	-0.0023	0.0369	-0.0001	0.0370	-0.3043
4.5937	-0.0024	0.0369	-0.0001	0.0370	-0.3042
4.5942	-0.0025	0.0369	-0.0001	0.0369	-0.3042
4.5947	-0.0024	0.0369	-0.0001	0.0369	-0.3042
4.5952	-0.0027	0.0369	-0.0001	0.0370	-0.3043
4.5957	-0.0024	0.0369	-0.0001	0.0369	-0.3042
4.5962	-0.0026	0.0369	-0.0001	0.0369	-0.3043
4.5967	-0.0025	0.0369	-0.0001	0.0369	-0.3042
4.5972	-0.0026	0.0369	-0.0001	0.0370	-0.3043
4.5977	-0.0026	0.0369	-0.0001	0.0370	-0.3043
4.5982	-0.0028	0.0369	-0.0001	0.0370	-0.3042
4.5987	-0.0026	0.0369	-0.0001	0.0370	-0.3042
4.5992	-0.0028	0.0370	-0.0001	0.0370	-0.3042
4.5997	-0.0027	0.0370	-0.0001	0.0369	-0.3042
4.6002	-0.0028	0.0370	-0.0001	0.0370	-0.3042
4.6007	-0.0027	0.0370	-0.0000	0.0370	-0.3042
4.6013	-0.0028	0.0370	-0.0001	0.0370	-0.3042
4.6018	-0.0028	0.0369	-0.0001	0.0370	-0.3042
4.6023	-0.0028	0.0370	-0.0001	0.0370	-0.3042
4.6028	-0.0028	0.0370	-0.0001	0.0370	-0.3043
4.6033	-0.0029	0.0370	-0.0001	0.0371	-0.3042
4.6038	-0.0028	0.0370	-0.0001	0.0370	-0.3042
4.6043	-0.0029	0.0370	-0.0001	0.0370	-0.3042
4.6048	-0.0030	0.0371	-0.0001	0.0370	-0.3042
4.6053	-0.0029	0.0370	-0.0001	0.0370	-0.3042
4.6058	-0.0030	0.0370	-0.0001	0.0371	-0.3042
4.6063	-0.0030	0.0370	-0.0001	0.0371	-0.3042
4.6068	-0.0031	0.0371	-0.0001	0.0370	-0.3041
4.6073	-0.0030	0.0370	-0.0001	0.0371	-0.3041
4.6078	-0.0030	0.0370	-0.0001	0.0371	-0.3042
4.6083	-0.0031	0.0370	-0.0001	0.0371	-0.3041
4.6089	-0.0031	0.0371	-0.0001	0.0371	-0.3041
4.6094	-0.0031	0.0370	-0.0001	0.0371	-0.3041
4.6099	-0.0031	0.0371	-0.0000	0.0370	-0.3041
4.6104	-0.0033	0.0371	-0.0001	0.0371	-0.3041
4.6109	-0.0030	0.0371	-0.0001	0.0371	-0.3041
4.6114	-0.0032	0.0371	-0.0000	0.0371	-0.3041
4.6119	-0.0032	0.0371	-0.0001	0.0371	-0.3041
4.6124	-0.0033	0.0371	-0.0001	0.0371	-0.3041
4.6129	-0.0031	0.0371	-0.0001	0.0372	-0.3041
4.6134	-0.0033	0.0371	-0.0001	0.0371	-0.3041
4.6139	-0.0032	0.0371	-0.0001	0.0371	-0.3041
4.6144	-0.0033	0.0371	-0.0001	0.0371	-0.3041
4.6149	-0.0033	0.0371	-0.0001	0.0371	-0.3040
4.6154	-0.0035	0.0371	-0.0001	0.0372	-0.3040
4.6159	-0.0034	0.0371	-0.0000	0.0371	-0.3040
4.6165	-0.0033	0.0372	-0.0001	0.0372	-0.3040
4.6170	-0.0035	0.0371	-0.0001	0.0371	-0.3040
4.6175	-0.0033	0.0371	-0.0000	0.0371	-0.3040
4.6180	-0.0034	0.0371	-0.0001	0.0372	-0.3040
4.6185	-0.0034	0.0372	-0.0001	0.0372	-0.3039
4.6190	-0.0034	0.0371	-0.0001	0.0372	-0.3039
4.6195	-0.0035	0.0372	-0.0001	0.0372	-0.3039
4.6200	-0.0035	0.0372	-0.0001	0.0372	-0.3039
4.6205	-0.0035	0.0372	-0.0001	0.0372	-0.3038
4.6210	-0.0034	0.0372	-0.0000	0.0372	-0.3038
4.6215	-0.0036	0.0372	-0.0001	0.0372	-0.3038
4.6220	-0.0035	0.0372	-0.0001	0.0371	-0.3038
4.6225	-0.0034	0.0372	-0.0001	0.0372	-0.3038
4.6230	-0.0034	0.0372	-0.0001	0.0372	-0.3037
4.6235	-0.0035	0.0372	-0.0001	0.0372	-0.3037
4.6241	-0.0034	0.0372	-0.0001	0.0372	-0.3036
4.6246	-0.0034	0.0372	-0.0000	0.0372	-0.3036
4.6251	-0.0036	0.0372	-0.0001	0.0372	-0.3036
4.6256	-0.0035	0.0372	-0.0001	0.0372	-0.3036
4.6261	-0.0036	0.0372	-0.0001	0.0372	-0.3035
4.6266	-0.0036	0.0372	-0.0001	0.0372	-0.3035
4.6271	-0.0035	0.0372	-0.0000	0.0372	-0.3034
4.6276	-0.0036	0.0372	-0.0001	0.0372	-0.3034
4.6281	-0.0035	0.0372	-0.0001	0.0372	-0.3033
4.6286	-0.0036	0.0372	-0.0001	0.0372	-0.3032
4.6291	-0.0035	0.0373	-0.0001	0.0372	-0.3031
4.6296	-0.0036	0.0373	-0.0001	0.0373	-0.3031
4.6301	-0.0035	0.0372	-0.0001	0.0372	-0.3030
4.6306	-0.0037	0.0372	-0.0001	0.0373	-0.3028
4.6311	-0.0034	0.0372	-0.0001	0.0372	-0.3026
4.6317	-0.0037	0.0373	-0.0000	0.0372	-0.3026
4.6322	-0.0035	0.0372	-0.0001	0.0373	-0.3024
4.6327	-0.0036	0.0373	-0.0001	0.0373	-0.3023
4.6332	-0.0036	0.0372	-0.0001	0.0373	-0.3020
4.6337	-0.0035	0.0372	-0.0001	0.0372	-0.3017
4.6342	-0.0037	0.0372	-0.0001	0.0373	-0.3015
4.6347	-0.0034	0.0373	-0.0001	0.0373	-0.3010
4.6352	-0.0037	0.0373	-0.0001	0.0373	-0.3006
4.6357	-0.0035	0.0373	-0.0001	0.0373	-0.3000
4.6362	-0.0039	0.0373	-0.0001	0.0373	-0.2995
4.6367	-0.0035	0.0372	-0.0001	0.0373	-0.2985
4.6372	-0.0037	0.0373	-0.0001	0.0373	-0.2977
4.6377	-0.0037	0.0373	-0.0000	0.0373	-0.2965
4.6382	-0.0036	0.0373	-0.0001	0.0373	-0.2951
4.6387	-0.0038	0.0373	-0.0001	0.0374	-0.2928
4.6393	-0.0036	0.0373	-0.0000	0.0373	-0.2904
4.6398	-0.0040	0.0373	-0.0001	0.0373	-0.2872
4.6403	-0.0035	0.0373	-0.0001	0.0373	-0.2800
4.6408	-0.0041	0.0373	-0.0001	0.0373	-0.2676
4.6413	-0.0035	0.0373	-0.0001	0.0373	-0.2382
4.6418	-0.0038	0.0373	-0.0001	0.0374	-0.2066
4.6423	-0.0036	0.0373	-0.0001	0.0373	-0.1615
4.6428	-0.0038	0.0373	-0.0001	0.0373	-0.0467
4.6433	-0.0039	0.0373	-0.0001	0.0374	0.0437
4.6438	-0.0038	0.0373	-0.0001	0.0373	0.1481
4.6443	-0.0040	0.0374	-0.0001	0.0374	0.3691
4.6448	-0.0038	0.0373	-0.0001	0.0373	0.6983
4.6453	-0.0042	0.0374	-0.0001	0.0373	0.9653
4.6458	-0.0038	0.0374	-0.0001	0.0373	1.0845
4.6463	-0.0042	0.0374	-0.0001	0.0374	1.1993
4.6469	-0.0036	0.0373	-0.0001	0.0373	1.3277
4.6474	-0.0042	0.0374	-0.0001	0.0374	1.6113
4.6479	-0.0038	0.0374	-0.0001	0.0373	1.5771
4.6484	-0.0044	0.0374	-0.0001	0.0373	0.8353
4.6489	-0.0039	0.0373	-0.0001	0.0374	0.0570
4.6494	-0.0044	0.0374	-0.0001	0.0374	-0.1477
4.6499	-0.0039	0.0374	-0.0000	0.0374	-0.2017
4.6504	-0.0044	0.0374	-0.0001	0.0374	-0.2442
4.6509	-0.0041	0.0374	-0.0001	0.0374	-0.2753
4.6514	-0.0043	0.0374	-0.0001	0.0374	-0.2837
4.6519	-0.0043	0.0374	-0.0001	0.0374	-0.2862
4.6524	-0.0041	0.0374	-0.0001	0.0374	-0.2898
4.6529	-0.0044	0.0374	-0.0001	0.0374	-0.2924
4.6534	-0.0043	0.0374	-0.0001	0.0374	-0.2948
4.6539	-0.0046	0.0374	-0.0001	0.0374	-0.2963
4.6545	-0.0043	0.0374	-0.0001	0.0374	-0.2977
4.6550	-0.0045	0.0374	-0.0001	0.0374	-0.2983
4.6555	-0.0043	0.0374	-0.0001	0.0374	-0.2990
4.6560	-0.0046	0.0374	-0.0001	0.0374	-0.2996
4.6565	-0.0045	0.0374	-0.0001	0.0374	-0.3002
4.6570	-0.0044	0.0374	-0.0000	0.0374	-0.3007
4.6575	-0.0045	0.0374	-0.0001	0.0374	-0.3009
4.6580	-0.0045	0.0374	-0.0001	0.0374	-0.3013
4.6585	-0.0047	0.0374	-0.0001	0.0374	-0.3016
4.6590	-0.0044	0.0375	-0.0001	0.0374	-0.3018
4.6595	-0.0047	0.0375	-0.0001	0.0374	-0.3020
4.6600	-0.0043	0.0375	-0.0001	0.0374	-0.3021
4.6605	-0.0048	0.0375	-0.0000	0.0374	-0.3023
4.6610	-0.0045	0.0375	-0.0001	0.0374	-0.3024
4.6615	-0.0047	0.0375	-0.0001	0.0374	-0.3026
4.6621	-0.0047	0.0375	-0.0001	0.0375	-0.3027
4.6626	-0.0047	0.0375	-0.0001	0.0375	-0.3028
4.6631	-0.0047	0.0375	-0.0001	0.0374	-0.3029
4.6636	-0.0045	0.0375	-0.0001	0.0374	-0.3030
4.6641	-0.0046	0.0375	-0.0001	0.0375	-0.3031
4.6646	-0.0046	0.0375	-0.0001	0.0375	-0.3031
4.6651	-0.0048	0.0375	-0.0000	0.0374	-0.3033
4.6656	-0.0045	0.0375	-0.0001	0.0375	-0.3033
4.6661	-0.0046	0.0375	-0.0001	0.0375	-0.3034
4.6666	-0.0046	0.0375	-0.0001	0.0374	-0.3034
4.6671	-0.0045	0.0375	-0.0001	0.0375	-0.3035
4.6676	-0.0048	0.0374	-0.0000	0.0375	-0.3035
4.6681	-0.0049	0.0375	-0.0001	0.0375	-0.3036
4.6686	-0.0050	0.0375	-0.0000	0.0375	-0.3036
4.6691	-0.0051	0.0375	-0.0001	0.0375	-0.3037
4.6697	-0.0051	0.0375	-0.0001	0.0374	-0.3037
4.6702	-0.0051	0.0376	-0.0000	0.0375	-0.3037
4.6707	-0.0050	0.0375	-0.0001	0.0375	-0.3038
4.6712	-0.0052	0.0376	-0.0000	0.0375	-0.3038
4.6717	-0.0049	0.0376	-0.0001	0.0375	-0.3038
4.6722	-0.0050	0.0375	-0.0000	0.0375	-0.3039
4.6727	-0.0048	0.0375	-0.0001	0.0375	-0.3039
4.6732	-0.0049	0.0375	-0.0001	0.0375	-0.3038
4.6737	-0.0050	0.0375	-0.0001	0.0375	-0.3039
4.6742	-0.0049	0.0375	-0.0001	0.0375	-0.3039
4.6747	-0.0053	0.0375	-0.0000	0.0375	-0.3039
4.6752	-0.0051	0.0376	-0.0000	0.0375	-0.3040
4.6757	-0.0049	0.0376	-0.0001	0.0375	-0.3040
4.6762	-0.0048	0.0376	-0.0001	0.0375	-0.3040
4.6767	-0.0050	0.0375	-0.0000	0.0375	-0.3040
4.6773	-0.0047	0.0376	-0.0000	0.0375	-0.3040
4.6778	-0.0052	0.0375	-0.0001	0.0375	-0.3040
4.6783	-0.0049	0.0375	-0.0001	0.0375	-0.3040
4.6788	-0.0052	0.0376	-0.0001	0.0375	-0.3041
4.6793	-0.0050	0.0376	-0.0001	0.0375	-0.3041
4.6798	-0.0052	0.0376	-0.0001	0.0375	-0.3041
4.6803	-0.0051	0.0376	-0.0001	0.0375	-0.3040
4.6808	-0.0050	0.0376	-0.0000	0.0375	-0.3040
4.6813	-0.0054	0.0376	-0.0001	0.0375	-0.3040
4.6818	-0.0049	0.0376	-0.0001	0.0375	-0.3041
4.6823	-0.0054	0.0376	-0.0001	0.0375	-0.3041
4.6828	-0.0048	0.0376	-0.0001	0.0375	-0.3041
4.6833	-0.0054	0.0376	-0.0001	0.0375	-0.3041
4.6838	-0.0048	0.0376	-0.0001	0.0375	-0.3041
4.6843	-0.0053	0.0376	-0.0001	0.0376	-0.3041
4.6849	-0.0050	0.0376	-0.0001	0.0376	-0.3041
4.6854	-0.0052	0.0376	-0.0001	0.0376	-0.3041
4.6859	-0.0051	0.0376	-0.0000	0.0375	-0.3042
4.6864	-0.0052	0.0376	-0.0001	0.0375	-0.3041
4.6869	-0.0051	0.0376	-0.0001	0.0375	-0.3041
4.6874	-0.0051	0.0376	-0.0001	0.0375	-0.3041
4.6879	-0.0051	0.0376	-0.0001	0.0376	-0.3041
4.6884	-0.0050	0.0376	-0.0001	0.0375	-0.3041
4.6889	-0.0055	0.0377	-0.0001	0.0375	-0.3041
4.6894	-0.0049	0.0376	-0.0001	0.0375	-0.3041
4.6899	-0.0055	0.0376	-0.0001	0.0376	-0.3042
4.6904	-0.0051	0.0376	-0.0001	0.0376	-0.3042
4.6909	-0.0056	0.0376	-0.0001	0.0375	-0.3041
4.6914	-0.0050	0.0376	-0.0001	0.0375	-0.3042
4.6919	-0.0055	0.0376	-0.0001	0.0375	-0.3042
4.6925	-0.0053	0.0376	-0.0000	0.0376	-0.3041
4.6930	-0.0052	0.0376	-0.0001	0.0375	-0.3042
4.6935	-0.0054	0.0376	-0.0000	0.0376	-0.3042
4.6940	-0.0051	0.0376	-0.0001	0.0376	-0.3042
4.6945	-0.0054	0.0376	-0.0001	0.0376	-0.3042
4.6950	-0.0052	0.0376	-0.0001	0.0375	-0.3042
4.6955	-0.0054	0.0376	-0.0001	0.0376	-0.3042
4.6960	-0.0053	0.0376	-0.0001	0.0376	-0.3042
4.6965	-0.0056	0.0377	-0.0001	0.0375	-0.3042
4.6970	-0.0051	0.0376	-0.0001	0.0376	-0.3042
4.6975	-0.0056	0.0377	-0.0001	0.0376	-0.3042
4.6980	-0.0052	0.0376	-0.0001	0.0376	-0.3042
4.6985	-0.0055	0.0376	-0.0001	0.0376	-0.3042
4.6990	-0.0053	0.0376	-0.0001	0.0376	-0.3043
4.6995	-0.0055	0.0376	-0.0000	0.0376	-0.3042
4.7001	-0.0054	0.0377	-0.0001	0.0376	-0.3043
4.7006	-0.0053	0.0376	-0.0001	0.0376	-0.3043
4.7011	-0.0055	0.0377	-0.0001	0.0376	-0.3043
4.7016	-0.0053	0.0377	-0.0001	0.0376	-0.3043
4.7021	-0.0057	0.0377	-0.0001	0.0376	-0.3043
4.7026	-0.0056	0.0377	-0.0001	0.0376	-0.3043
4.7031	-0.0055	0.0377	-0.0001	0.0376	-0.3043
4.7036	-0.0056	0.0377	-0.0001	0.0376	-0.3043
4.7041	-0.0056	0.0376	-0.0001	0.0376	-0.3043
4.7046	-0.0055	0.0376	-0.0001	0.0376	-0.3043
4.7051	-0.0057	0.0377	-0.0001	0.0376	-0.3042
4.7056	-0.0056	0.0377	-0.0001	0.0376	-0.3043
4.7061	-0.0057	0.0377	-0.0001	0.0376	-0.3043
4.7066	-0.0057	0.0377	-0.0001	0.0376	-0.3043
4.7071	-0.0058	0.0377	-0.0001	0.0376	-0.3043
4.7077	-0.0057	0.0377	-0.0001	0.0376	-0.3042
4.7082	-0.0056	0.0377	-0.0001	0.0376	-0.3043
4.7087	-0.0057	0.0377	-0.0001	0.0376	-0.3043
4.7092	-0.0057	0.0377	-0.0001	0.0376	-0.3043
4.7097	-0.0059	0.0377	-0.0001	0.0376	-0.3043
4.7102	-0.0059	0.0376	-0.0001	0.0376	-0.3043
4.7107	-0.0059	0.0377	-0.0001	0.0376	-0.3043
4.7112	-0.0059	0.0377	-0.0001	0.0376	-0.3043
4.7117	-0.0059	0.0377	-0.0001	0.0376	-0.3043
4.7122	-0.0059	0.0377	-0.0001	0.0376	-0.3043
4.7127	-0.0060	0.0377	-0.0001	0.0376	-0.3043
4.7132	-0.0060	0.0377	-0.0001	0.0376	-0.3043
4.7137	-0.0059	0.0377	-0.0001	0.0376	-0.3043
4.7142	-0.0059	0.0376	-0.0001	0.0377	-0.3043
4.7147	-0.0061	0.0377	-0.0001	0.0377	-0.3043
4.7153	-0.0060	0.0377	-0.0001	0.0376	-0.3043
4.7158	-0.0061	0.0378	-0.0001	0.0376	-0.3043
4.7163	-0.0060	0.0377	-0.0001	0.0377	-0.3043
4.7168	-0.0061	0.0377	-0.0001	0.0376	-0.3043
4.7173	-0.0060	0.0378	-0.0001	0.0377	-0.3043
4.7178	-0.0060	0.0377	-0.0001	0.0376	-0.3043
4.7183	-0.0061	0.0377	-0.0001	0.0376	-0.3043
4.7188	-0.0060	0.0378	-0.0001	0.0376	-0.3043
4.7193	-0.0061	0.0377	-0.0001	0.0376	-0.3043
4.7198	-0.0060	0.0377	-0.0001	0.0377	-0.3043
4.7203	-0.0061	0.0377	-0.0001	0.0376	-0.3043
4.7208	-0.0061	0.0377	-0.0001	0.0377	-0.3043
4.7213	-0.0061	0.0377	-0.0001	0.0377	-0.3043
4.7218	-0.0061	0.0377	-0.0001	0.0376	-0.3043
4.7223	-0.0062	0.0378	-0.0001	0.0376	-0.3043
4.7229	-0.0062	0.0377	-0.0001	0.0377	-0.3043
4.7234	-0.0061	0.0377	-0.0001	0.0377	-0.3042
4.7239	-0.0062	0.0378	-0.0001	0.0377	-0.3042
4.7244	-0.0062	0.0378	-0.0001	0.0376	-0.3043
4.7249	-0.0061	0.0377	-0.0001	0.0376	-0.3043
4.7254	-0.0062	0.0377	-0.0001	0.0377	-0.3043
4.7259	-0.0062	0.0378	-0.0001	0.0377	-0.3043
4.7264	-0.0061	0.0377	-0.0000	0.0377	-0.3043
4.7269	-0.0062	0.0378	-0.0001	0.0377	-0.3043
4.7274	-0.0061	0.0377	-0.0001	0.0377	-0.3042
4.7279	-0.0062	0.0378	-0.0001	0.0377	-0.3043
4.7284	-0.0062	0.0377	-0.0001	0.0377	-0.3043
4.7289	-0.0061	0.0378	-0.0001	0.0377	-0.3043
4.7294	-0.0063	0.0377	-0.0001	0.0377	-0.3043
4.7299	-0.0060	0.0377	-0.0001	0.0377	-0.3042
4.7305	-0.0063	0.0377	-0.0001	0.0376	-0.3042
4.7310	-0.0060	0.0377	-0.0001	0.0376	-0.3042
4.7315	-0.0063	0.0378	-0.0001	0.0377	-0.3042
4.7320	-0.0060	0.0378	-0.0001	0.0377	-0.3043
4.7325	-0.0063	0.0378	-0.0001	0.0377	-0.3043
4.7330	-0.0062	0.0378	-0.0001	0.0377	-0.3042
4.7335	-0.0062	0.0377	-0.0001	0.0377	-0.3042
4.7340	-0.0062	0.0378	-0.0001	0.0376	-0.3042
4.7345	-0.0061	0.0377	-0.0001	0.0377	-0.3043
4.7350	-0.0062	0.0377	-0.0001	0.0377	-0.3042
4.7355	-0.0062	0.0378	-0.0001	0.0377	-0.3042
4.7360	-0.0062	0.0378	-0.0001	0.0377	-0.3042
4.7365	-0.0061	0.0378	-0.0001	0.0377	-0.3042
4.7370	-0.0063	0.0378	-0.0001	0.0377	-0.3042
4.7375	-0.0062	0.0378	-0.0001	0.0376	-0.3042
4.7381	-0.0063	0.0378	-0.0001	0.0378	-0.3042
4.7386	-0.0061	0.0378	-0.0001	0.0377	-0.3043
4.7391	-0.0062	0.0377	-0.0001	0.0377	-0.3042
4.7396	-0.0062	0.0378	-0.0001	0.0377	-0.3042
4.7401	-0.0062	0.0378	-0.0001	0.0377	-0.3042
4.7406	-0.0063	0.0377	-0.0001	0.0377	-0.3042
4.7411	-0.0063	0.0378	-0.0001	0.0377	-0.3042
4.7416	-0.0063	0.0378	-0.0001	0.0377	-0.3042
4.7421	-0.0063	0.0378	-0.0001	0.0377	-0.3042
4.7426	-0.0062	0.0378	-0.0001	0.0377	-0.3042
4.7431	-0.0062	0.0378	-0.0001	0.0377	-0.3042
4.7436	-0.0062	0.0378	-0.0001	0.0377	-0.3042
4.7441	-0.0063	0.0378	-0.0001	0.0377	-0.3042
4.7446	-0.0064	0.0378	-0.0001	0.0377	-0.3041
4.7451	-0.0065	0.0377	-0.0001	0.0377	-0.3042
4.7457	-0.0063	0.0378	-0.0001	0.0377	-0.3041
4.7462	-0.0064	0.0378	-0.0001	0.0377	-0.3042
4.7467	-0.0063	0.0378	-0.0000	0.0377	-0.3042
4.7472	-0.0064	0.0377	-0.0001	0.0377	-0.3041
4.7477	-0.0064	0.0378	-0.0001	0.0377	-0.3042
4.7482	-0.0064	0.0378	-0.0001	0.0377	-0.3041
4.7487	-0.0065	0.0378	-0.0001	0.0377	-0.3041
4.7492	-0.0064	0.0378	-0.0001	0.0377	-0.3041
4.7497	-0.0064	0.0378	-0.0001	0.0377	-0.3041
4.7502	-0.0060	0.0378	-0.0001	0.0377	-0.3041
4.7507	-0.0065	0.0378	-0.0001	0.0377	-0.3040
4.7512	-0.0065	0.0378	-0.0001	0.0377	-0.3041
4.7517	-0.0065	0.0378	-0.0001	0.0377	-0.3040
4.7522	-0.0065	0.0379	-0.0001	0.0377	-0.3041
4.7527	-0.0065	0.0379	-0.0001	0.0378	-0.3040
4.7533	-0.0064	0.0378	-0.0001	0.0377	-0.3040
4.7538	-0.0063	0.0378	-0.0000	0.0377	-0.3040
4.7543	-0.0067	0.0378	-0.0001	0.0377	-0.3040
4.7548	-0.0063	0.0378	-0.0001	0.0377	-0.3040
4.7553	-0.0065	0.0378	-0.0000	0.0377	-0.3039
4.7558	-0.0065	0.0378	-0.0001	0.0378	-0.3040
4.7563	-0.0064	0.0378	-0.0001	0.0378	-0.3039
4.7568	-0.0063	0.0378	-0.0001	0.0377	-0.3038
4.7573	-0.0063	0.0378	-0.0001	0.0378	-0.3039
4.7578	-0.0066	0.0378	-0.0001	0.0378	-0.3038
4.7583	-0.0064	0.0379	-0.0001	0.0378	-0.3038
4.7588	-0.0068	0.0379	-0.0001	0.0377	-0.3038
4.7593	-0.0064	0.0378	-0.0001	0.0377	-0.3037
4.7598	-0.0066	0.0379	-0.0001	0.0378	-0.3037
4.7603	-0.0065	0.0378	-0.0001	0.0378	-0.3037
4.7609	-0.0067	0.0378	-0.0001	0.0378	-0.3036
4.7614	-0.0064	0.0378	-0.0001	0.0377	-0.3036
4.7619	-0.0066	0.0379	-0.0001	0.0377	-0.3035
4.7624	-0.0066	0.0378	-0.0001	0.0377	-0.3035
4.7629	-0.0067	0.0379	-0.0001	0.0377	-0.3034
4.7634	-0.0067	0.0379	-0.0001	0.0377	-0.3034
4.7639	-0.0066	0.0378	-0.0001	0.0378	-0.3033
4.7644	-0.0068	0.0379	-0.0001	0.0378	-0.3033
4.7649	-0.0065	0.0378	-0.0001	0.0378	-0.3031
4.7654	-0.0069	0.0379	-0.0001	0.0378	-0.3030
4.7659	-0.0064	0.0378	-0.0001	0.0378	-0.3030
4.7664	-0.0069	0.0379	-0.0001	0.0378	-0.3029
4.7669	-0.0064	0.0379	-0.0001	0.0378	-0.3028
4.7674	-0.0069	0.0379	-0.0001	0.0378	-0.3028
4.7679	-0.0064	0.0379	-0.0001	0.0377	-0.3026
4.7685	-0.0071	0.0379	-0.0000	0.0377	-0.3025
4.7690	-0.0064	0.0378	-0.0001	0.0377	-0.3024
4.7695	-0.0069	0.0379	-0.0001	0.0378	-0.3021
4.7700	-0.0066	0.0378	-0.0001	0.0378	-0.3019
4.7705	-0.0070	0.0378	-0.0001	0.0378	-0.3016
4.7710	-0.0066	0.0379	-0.0001	0.0378	-0.3012
4.7715	-0.0069	0.0378	-0.0001	0.0378	-0.3009
4.7720	-0.0068	0.0379	-0.0001	0.0378	-0.3004
4.7725	-0.0066	0.0379	-0.0001	0.0378	-0.2999
4.7730	-0.0068	0.0379	-0.0001	0.0378	-0.2994
4.7735	-0.0066	0.0379	-0.0001	0.0378	-0.2985
4.7740	-0.0071	0.0379	-0.0001	0.0378	-0.2979
4.7745	-0.0068	0.0379	-0.0001	0.0378	-0.2970
4.7750	-0.0070	0.0379	-0.0001	0.0378	-0.2956
4.7755	-0.0068	0.0379	-0.0001	0.0378	-0.2942
4.7761	-0.0069	0.0379	-0.0001	0.0378	-0.2917
4.7766	-0.0069	0.0379	-0.0001	0.0378	-0.2892
4.7771	-0.0070	0.0379	-0.0001	0.0378	-0.2837
4.7776	-0.0071	0.0379	-0.0001	0.0378	-0.2710
4.7781	-0.0071	0.0380	-0.0001	0.0378	-0.2553
4.7786	-0.0072	0.0379	-0.0001	0.0378	-0.2154
4.7791	-0.0069	0.0379	-0.0001	0.0378	-0.1607
4.7796	-0.0072	0.0379	-0.0001	0.0378	-0.0265
4.7801	-0.0069	0.0380	-0.0001	0.0378	0.0323
4.7806	-0.0071	0.0379	-0.0001	0.0379	0.1436
4.7811	-0.0069	0.0379	-0.0001	0.0378	0.3325
4.7816	-0.0070	0.0379	-0.0001	0.0378	0.5805
4.7821	-0.0068	0.0379	-0.0001	0.0377	0.8865
4.7826	-0.0069	0.0380	-0.0001	0.0377	1.0589
4.7831	-0.0068	0.0379	-0.0001	0.0378	1.2397
4.7837	-0.0067	0.0379	-0.0001	0.0378	1.3084
4.7842	-0.0068	0.0379	-0.0001	0.0378	1.5366
4.7847	-0.0070	0.0379	-0.0001	0.0378	1.7267
4.7852	-0.0072	0.0379	-0.0001	0.0378	0.5252
4.7857	-0.0071	0.0380	-0.0001	0.0378	-0.0553
4.7862	-0.0071	0.0380	-0.0001	0.0378	-0.1294
4.7867	-0.0069	0.0379	-0.0001	0.0378	-0.2287
4.7872	-0.0069	0.0379	-0.0001	0.0378	-0.2637
4.7877	-0.0069	0.0380	-0.0001	0.0378	-0.2781
4.7882	-0.0069	0.0379	-0.0001	0.0379	-0.2839
4.7887	-0.0070	0.0379	-0.0001	0.0378	-0.2898
4.7892	-0.0070	0.0379	-0.0001	0.0378	-0.2933
4.7897	-0.0068	0.0379	-0.0001	0.0378	-0.2948
4.7902	-0.0070	0.0380	-0.0001	0.0378	-0.2967
4.7907	-0.0069	0.0379	-0.0001	0.0378	-0.2975
4.7913	-0.0070	0.0380	-0.0001	0.0378	-0.2986
4.7918	-0.0069	0.0380	-0.0001	0.0378	-0.2992
4.7923	-0.0070	0.0380	-0.0001	0.0378	-0.2999
4.7928	-0.0069	0.0379	-0.0001	0.0378	-0.3004
4.7933	-0.0071	0.0380	-0.0000	0.0378	-0.3007
4.7938	-0.0071	0.0379	-0.0001	0.0378	-0.3012
4.7943	-0.0071	0.0379	-0.0001	0.0379	-0.3014
4.7948	-0.0070	0.0379	-0.0000	0.0378	-0.3017
4.7953	-0.0069	0.0379	-0.0001	0.0379	-0.3019
4.7958	-0.0070	0.0380	-0.0001	0.0378	-0.3022
4.7963	-0.0071	0.0380	-0.0001	0.0378	-0.3024
4.7968	-0.0073	0.0380	-0.0001	0.0378	-0.3025
4.7973	-0.0069	0.0380	-0.0001	0.0378	-0.3026
4.7978	-0.0071	0.0379	-0.0001	0.0378	-0.3027
4.7983	-0.0070	0.0379	-0.0001	0.0379	-0.3028
4.7989	-0.0074	0.0380	-0.0001	0.0379	-0.3030
4.7994	-0.0072	0.0379	-0.0001	0.0378	-0.3031
4.7999	-0.0073	0.0380	-0.0001	0.0378	-0.3031
4.8004	-0.0070	0.0379	-0.0000	0.0378	-0.3031
4.8009	-0.0073	0.0380	-0.0001	0.0379	-0.3032
4.8014	-0.0073	0.0380	-0.0001	0.0379	-0.3033
4.8019	-0.0072	0.0380	-0.0001	0.0378	-0.3034
4.8024	-0.0074	0.0380	-0.0001	0.0379	-0.3034
4.8029	-0.0073	0.0379	-0.0001	0.0378	-0.3035
4.8034	-0.0074	0.0379	-0.0001	0.0379	-0.3035
4.8039	-0.0073	0.0380	-0.0001	0.0378	-0.3036
4.8044	-0.0074	0.0380	-0.0001	0.0379	-0.3037
4.8049	-0.0073	0.0380	-0.0001	0.0379	-0.3037
4.8054	-0.0076	0.0380	-0.0001	0.0378	-0.3037
4.8059	-0.0075	0.0380	-0.0001	0.0379	-0.3037
4.8065	-0.0075	0.0380	-0.0001	0.0379	-0.3037
4.8070	-0.0076	0.0380	-0.0001	0.0378	-0.3037
4.8075	-0.0074	0.0380	-0.0001	0.0378	-0.3038
4.8080	-0.0076	0.0380	-0.0001	0.0379	-0.3038
4.8085	-0.0076	0.0380	-0.0001	0.0378	-0.3039
4.8090	-0.0076	0.0380	-0.0001	0.0379	-0.3039
4.8095	-0.0075	0.0380	-0.0001	0.0379	-0.3039
4.8100	-0.0078	0.0380	-0.0001	0.0379	-0.3039
4.8105	-0.0076	0.0380	-0.0001	0.0379	-0.3039
4.8110	-0.0078	0.0380	-0.0001	0.0379	-0.3039
4.8115	-0.0076	0.0380	-0.0001	0.0379	-0.3039
4.8120	-0.0077	0.0380	-0.0001	0.0379	-0.3040
4.8125	-0.0078	0.0380	-0.0001	0.0379	-0.3040
4.8130	-0.0077	0.0380	-0.0001	0.0379	-0.3040
4.8135	-0.0078	0.0380	-0.0001	0.0379	-0.3040
4.8141	-0.0076	0.0380	-0.0001	0.0379	-0.3040
4.8146	-0.0077	0.0380	-0.0001	0.0379	-0.3040
4.8151	-0.0076	0.0380	-0.0001	0.0379	-0.3040
4.8156	-0.0078	0.0380	-0.0001	0.0379	-0.3040
4.8161	-0.0076	0.0380	-0.0001	0.0379	-0.3041
4.8166	-0.0079	0.0380	-0.0001	0.0379	-0.3041
4.8171	-0.0079	0.0380	-0.0001	0.0378	-0.3041
4.8176	-0.0078	0.0380	-0.0001	0.0379	-0.3041
4.8181	-0.0079	0.0380	-0.0001	0.0379	-0.3041
4.8186	-0.0079	0.0380	-0.0001	0.0379	-0.3041
4.8191	-0.0079	0.0381	-0.0001	0.0379	-0.3041
4.8196	-0.0079	0.0380	-0.0001	0.0378	-0.3040
4.8201	-0.0078	0.0380	-0.0001	0.0379	-0.3041
4.8206	-0.0079	0.0380	-0.0001	0.0379	-0.3041
4.8211	-0.0079	0.0381	-0.0001	0.0379	-0.3041
4.8217	-0.0077	0.0380	-0.0001	0.0379	-0.3040
4.8222	-0.0079	0.0380	-0.0001	0.0378	-0.3041
4.8227	-0.0078	0.0380	-0.0001	0.0379	-0.3042
4.8232	-0.0079	0.0380	-0.0001	0.0379	-0.3042
4.8237	-0.0078	0.0380	-0.0001	0.0379	-0.3041
4.8242	-0.0079	0.0380	-0.0001	0.0379	-0.3041
4.8247	-0.0077	0.0380	-0.0001	0.0379	-0.3041
4.8252	-0.0078	0.0381	-0.0001	0.0379	-0.3042
4.8257	-0.0077	0.0381	-0.0001	0.0379	-0.3042
4.8262	-0.0079	0.0380	-0.0001	0.0379	-0.3042
4.8267	-0.0077	0.0380	-0.0001	0.0379	-0.3042
4.8272	-0.0079	0.0380	-0.0001	0.0379	-0.3042
4.8277	-0.0079	0.0380	-0.0001	0.0379	-0.3042
4.8282	-0.0077	0.0381	-0.0001	0.0379	-0.3042
4.8287	-0.0079	0.0381	-0.0001	0.0379	-0.3042
4.8293	-0.0078	0.0380	-0.0001	0.0379	-0.3042
4.8298	-0.0080	0.0381	-0.0001	0.0379	-0.3042
4.8303	-0.0078	0.0381	-0.0001	0.0379	-0.3042
4.8308	-0.0079	0.0380	-0.0001	0.0379	-0.3042
4.8313	-0.0077	0.0380	-0.0001	0.0379	-0.3042
4.8318	-0.0078	0.0380	-0.0001	0.0379	-0.3042
4.8323	-0.0078	0.0380	-0.0001	0.0379	-0.3042
4.8328	-0.0078	0.0380	-0.0001	0.0379	-0.3043
4.8333	-0.0079	0.0380	-0.0001	0.0379	-0.3043
4.8338	-0.0078	0.0381	-0.0001	0.0379	-0.3043
4.8343	-0.0076	0.0381	-0.0001	0.0378	-0.3042
4.8348	-0.0078	0.0380	-0.0001	0.0379	-0.3043
4.8353	-0.0077	0.0381	-0.0001	0.0379	-0.3043
4.8358	-0.0077	0.0380	-0.0001	0.0380	-0.3043
4.8363	-0.0078	0.0380	-0.0001	0.0379	-0.3043
4.8369	-0.0077	0.0380	-0.0001	0.0380	-0.3043
4.8374	-0.0077	0.0381	-0.0001	0.0379	-0.3043
4.8379	-0.0077	0.0380	-0.0001	0.0379	-0.3042
4.8384	-0.0076	0.0381	-0.0001	0.0379	-0.3042
4.8389	-0.0077	0.0381	-0.0001	0.0380	-0.3042
4.8394	-0.0076	0.0381	-0.0001	0.0379	-0.3043
4.8399	-0.0077	0.0381	-0.0001	0.0379	-0.3042
4.8404	-0.0076	0.0381	-0.0001	0.0379	-0.3043
4.8409	-0.0076	0.0381	-0.0001	0.0379	-0.3042
4.8414	-0.0075	0.0381	-0.0001	0.0380	-0.3043
4.8419	-0.0078	0.0381	-0.0001	0.0379	-0.3043
4.8424	-0.0076	0.0381	-0.0001	0.0379	-0.3042
4.8429	-0.0078	0.0381	-0.0001	0.0380	-0.3043
4.8434	-0.0075	0.0380	-0.0001	0.0380	-0.3043
4.8439	-0.0077	0.0380	-0.0001	0.0380	-0.3043
4.8445	-0.0076	0.0381	-0.0001	0.0380	-0.3043
4.8450	-0.0077	0.0381	-0.0001	0.0379	-0.3043
4.8455	-0.0076	0.0381	-0.0001	0.0379	-0.3043
4.8460	-0.0075	0.0381	-0.0001	0.0379	-0.3043
4.8465	-0.0075	0.0380	-0.0001	0.0380	-0.3043
4.8470	-0.0077	0.0381	-0.0001	0.0379	-0.3043
4.8475	-0.0076	0.0380	-0.0001	0.0379	-0.3043
4.8480	-0.0077	0.0381	-0.0001	0.0380	-0.3043
4.8485	-0.0077	0.0381	-0.0000	0.0380	-0.3043
4.8490	-0.0075	0.0381	-0.0001	0.0380	-0.3043
4.8495	-0.0077	0.0382	-0.0001	0.0379	-0.3043
4.8500	-0.0077	0.0381	-0.0001	0.0380	-0.3043
4.8505	-0.0080	0.0381	-0.0001	0.0380	-0.3042
4.8510	-0.0079	0.0381	-0.0001	0.0380	-0.3043
4.8515	-0.0080	0.0381	-0.0001	0.0380	-0.3043
4.8521	-0.0079	0.0381	-0.0001	0.0380	-0.3043
4.8526	-0.0078	0.0381	-0.0000	0.0380	-0.3043
4.8531	-0.0079	0.0381	-0.0001	0.0380	-0.3043
4.8536	-0.0078	0.0381	-0.0001	0.0380	-0.3043
4.8541	-0.0079	0.0381	-0.0001	0.0380	-0.3043
4.8546	-0.0080	0.0381	-0.0001	0.0380	-0.3043
4.8551	-0.0078	0.0381	-0.0001	0.0380	-0.3043
4.8556	-0.0079	0.0381	-0.0001	0.0380	-0.3043
4.8561	-0.0078	0.0381	-0.0001	0.0380	-0.3043
4.8566	-0.0079	0.0381	-0.0001	0.0380	-0.3043
4.8571	-0.0080	0.0381	-0.0001	0.0380	-0.3043
4.8576	-0.0080	0.0381	-0.0001	0.0380	-0.3043
4.8581	-0.0083	0.0381	-0.0001	0.0380	-0.3043
4.8586	-0.0079	0.0381	-0.0001	0.0380	-0.3042
4.8591	-0.0084	0.0381	-0.0001	0.0380	-0.3042
4.8597	-0.0082	0.0382	-0.0001	0.0380	-0.3043
4.8602	-0.0084	0.0381	-0.0001	0.0380	-0.3042
4.8607	-0.0083	0.0381	-0.0001	0.0380	-0.3043
4.8612	-0.0087	0.0382	-0.0001	0.0380	-0.3042
4.8617	-0.0084	0.0382	-0.0001	0.0380	-0.3042
4.8622	-0.0085	0.0381	-0.0000	0.0380	-0.3043
4.8627	-0.0083	0.0381	-0.0001	0.0380	-0.3043
4.8632	-0.0084	0.0381	-0.0001	0.0380	-0.3043
4.8637	-0.0082	0.0381	-0.0001	0.0380	-0.3042
4.8642	-0.0084	0.0381	-0.0001	0.0380	-0.3043
4.8647	-0.0082	0.0382	-0.0001	0.0380	-0.3042
4.8652	-0.0081	0.0381	-0.0001	0.0380	-0.3043
4.8657	-0.0087	0.0382	-0.0001	0.0380	-0.3043
4.8662	-0.0081	0.0381	-0.0001	0.0379	-0.3043
4.8667	-0.0087	0.0381	-0.0001	0.0380	-0.3043
4.8673	-0.0083	0.0381	-0.0001	0.0380	-0.3042
4.8678	-0.0087	0.0381	-0.0001	0.0379	-0.3043
4.8683	-0.0085	0.0382	-0.0001	0.0380	-0.3043
4.8688	-0.0085	0.0381	-0.0000	0.0380	-0.3043
4.8693	-0.0087	0.0382	-0.0001	0.0380	-0.3042
4.8698	-0.0086	0.0381	-0.0001	0.0379	-0.3043
4.8703	-0.0088	0.0382	-0.0001	0.0380	-0.3043
4.8708	-0.0086	0.0382	-0.0001	0.0379	-0.3042
4.8713	-0.0090	0.0382	-0.0001	0.0380	-0.3042
4.8718	-0.0083	0.0381	-0.0001	0.0380	-0.3043
4.8723	-0.0092	0.0381	-0.0001	0.0380	-0.3043
4.8728	-0.0084	0.0382	-0.0001	0.0379	-0.3042
4.8733	-0.0092	0.0382	-0.0001	0.0380	-0.3042
4.8738	-0.0086	0.0381	-0.0001	0.0380	-0.3042
4.8743	-0.0091	0.0382	-0.0001	0.0380	-0.3042
4.8749	-0.0087	0.0381	-0.0001	0.0380	-0.3043
4.8754	-0.0088	0.0382	-0.0001	0.0380	-0.3043
4.8759	-0.0092	0.0382	-0.0001	0.0380	-0.3042
4.8764	-0.0086	0.0381	-0.0001	0.0380	-0.3042
4.8769	-0.0094	0.0382	-0.0001	0.0380	-0.3041
4.8774	-0.0086	0.0382	-0.0001	0.0380	-0.3042
4.8779	-0.0093	0.0382	-0.0001	0.0380	-0.3042
4.8784	-0.0087	0.0382	-0.0001	0.0380	-0.3042
4.8789	-0.0093	0.0382	-0.0001	0.0380	-0.3042
4.8794	-0.0089	0.0382	-0.0001	0.0380	-0.3042
4.8799	-0.0091	0.0382	-0.0001	0.0380	-0.3042
4.8804	-0.0091	0.0382	-0.0001	0.0380	-0.3041
4.8809	-0.0092	0.0382	-0.0001	0.0380	-0.3042
4.8814	-0.0093	0.0382	-0.0001	0.0380	-0.3041
4.8819	-0.0090	0.0382	-0.0001	0.0380	-0.3042
4.8825	-0.0093	0.0382	-0.0001	0.0380	-0.3042
4.8830	-0.0089	0.0382	-0.0001	0.0380	-0.3041
4.8835	-0.0095	0.0382	-0.0001	0.0381	-0.3042
4.8840	-0.0089	0.0382	-0.0001	0.0380	-0.3041
4.8845	-0.0096	0.0382	-0.0001	0.0380	-0.3041
4.8850	-0.0090	0.0382	-0.0001	0.0380	-0.3041
4.8855	-0.0095	0.0382	-0.0001	0.0380	-0.3041
4.8860	-0.0092	0.0382	-0.0001	0.0381	-0.3040
4.8865	-0.0093	0.0382	-0.0000	0.0380	-0.3041
4.8870	-0.0095	0.0382	-0.0001	0.0380	-0.3041
4.8875	-0.0092	0.0382	-0.0001	0.0381	-0.3041
4.8880	-0.0095	0.0382	-0.0001	0.0380	-0.3040
4.8885	-0.0090	0.0382	-0.0001	0.0380	-0.3040
4.8890	-0.0095	0.0382	-0.0001	0.0380	-0.3040
4.8895	-0.0092	0.0382	-0.0001	0.0381	-0.3040
4.8901	-0.0096	0.0382	-0.0001	0.0380	-0.3040
4.8906	-0.0092	0.0382	-0.0001	0.0380	-0.3039
4.8911	-0.0095	0.0382	-0.0001	0.0380	-0.3039
4.8916	-0.0096	0.0382	-0.0001	0.0380	-0.3039
4.8921	-0.0095	0.0382	-0.0001	0.0380	-0.3039
4.8926	-0.0096	0.0382	-0.0001	0.0381	-0.3039
4.8931	-0.0092	0.0382	-0.0001	0.0380	-0.3038
4.8936	-0.0094	0.0382	-0.0001	0.0380	-0.3039
4.8941	-0.0093	0.0382	-0.0001	0.0380	-0.3038
4.8946	-0.0095	0.0382	-0.0001	0.0380	-0.3038
4.8951	-0.0094	0.0382	-0.0001	0.0380	-0.3037
4.8956	-0.0096	0.0383	-0.0001	0.0380	-0.3038
4.8961	-0.0095	0.0382	-0.0001	0.0381	-0.3038
4.8966	-0.0096	0.0383	-0.0000	0.0381	-0.3037
4.8971	-0.0095	0.0382	-0.0001	0.0381	-0.3036
4.8977	-0.0096	0.0382	-0.0001	0.0381	-0.3036
4.8982	-0.0095	0.0383	-0.0001	0.0381	-0.3035
4.8987	-0.0096	0.0382	-0.0001	0.0380	-0.3035
4.8992	-0.0097	0.0382	-0.0001	0.0380	-0.3034
4.8997	-0.0098	0.0382	-0.0001	0.0380	-0.3034
4.9002	-0.0099	0.0382	-0.0001	0.0381	-0.3034
4.9007	-0.0099	0.0382	-0.0001	0.0381	-0.3033
4.9012	-0.0099	0.0383	-0.0001	0.0381	-0.3032
4.9017	-0.0099	0.0383	-0.0001	0.0380	-0.3031
4.9022	-0.0100	0.0382	-0.0001	0.0381	-0.3030
4.9027	-0.0099	0.0382	-0.0001	0.0380	-0.3029
4.9032	-0.0098	0.0383	-0.0001	0.0380	-0.3028
4.9037	-0.0099	0.0382	-0.0001	0.0380	-0.3027
4.9042	-0.0100	0.0383	-0.0001	0.0380	-0.3027
4.9047	-0.0098	0.0382	-0.0001	0.0381	-0.3024
4.9053	-0.0100	0.0382	-0.0001	0.0381	-0.3024
4.9058	-0.0098	0.0383	-0.0001	0.0381	-0.3022
4.9063	-0.0100	0.0382	-0.0001	0.0380	-0.3020
4.9068	-0.0101	0.0382	-0.0001	0.0380	-0.3018
4.9073	-0.0101	0.0383	-0.0001	0.0380	-0.3016
4.9078	-0.0101	0.0383	-0.0001	0.0381	-0.3011
4.9083	-0.0101	0.0383	-0.0001	0.0380	-0.3005
4.9088	-0.0103	0.0383	-0.0001	0.0380	-0.3002
4.9093	-0.0102	0.0384	-0.0001	0.0380	-0.2993
4.9098	-0.0103	0.0383	-0.0001	0.0381	-0.2986
4.9103	-0.0102	0.0383	-0.0002	0.0380	-0.2978
4.9108	-0.0102	0.0383	-0.0001	0.0380	-0.2970
4.9113	-0.0104	0.0383	-0.0001	0.0381	-0.2961
4.9118	-0.0104	0.0383	-0.0001	0.0380	-0.2938
4.9123	-0.0103	0.0383	-0.0001	0.0380	-0.2915
4.9129	-0.0101	0.0382	-0.0001	0.0381	-0.2871
4.9134	-0.0101	0.0383	-0.0001	0.0381	-0.2809
4.9139	-0.0103	0.0383	-0.0001	0.0381	-0.2703
4.9144	-0.0102	0.0383	-0.0001	0.0380	-0.2541
4.9149	-0.0103	0.0383	-0.0001	0.0380	-0.2178
4.9154	-0.0103	0.0383	-0.0001	0.0381	-0.1448
4.9159	-0.0103	0.0383	-0.0001	0.0380	-0.0783
4.9164	-0.0102	0.0383	-0.0001	0.0381	0.0465
4.9169	-0.0103	0.0383	-0.0001	0.0381	0.2081
4.9174	-0.0102	0.0383	-0.0001	0.0381	0.4186
4.9179	-0.0104	0.0383	-0.0001	0.0381	0.7027
4.9184	-0.0103	0.0383	-0.0001	0.0381	0.9883
4.9189	-0.0104	0.0383	-0.0001	0.0381	1.1558
4.9194	-0.0103	0.0383	-0.0001	0.0381	1.2458
4.9199	-0.0105	0.0383	-0.0001	0.0381	1.3266
4.9205	-0.0102	0.0383	-0.0001	0.0381	1.6892
4.9210	-0.0105	0.0384	-0.0001	0.0380	1.5763
4.9215	-0.0101	0.0383	-0.0001	0.0381	0.6374
4.9220	-0.0105	0.0383	-0.0000	0.0381	-0.0826
4.9225	-0.0102	0.0383	-0.0001	0.0381	-0.2135
4.9230	-0.0105	0.0383	-0.0001	0.0381	-0.2584
4.9235	-0.0103	0.0383	-0.0001	0.0381	-0.2762
4.9240	-0.0103	0.0383	-0.0001	0.0381	-0.2847
4.9245	-0.0102	0.0383	-0.0001	0.0381	-0.2891
4.9250	-0.0105	0.0384	-0.0001	0.0381	-0.2922
4.9255	-0.0103	0.0383	-0.0001	0.0381	-0.2947
4.9260	-0.0103	0.0383	-0.0001	0.0381	-0.2960
4.9265	-0.0103	0.0384	-0.0001	0.0381	-0.2972
4.9270	-0.0103	0.0383	-0.0001	0.0381	-0.2983
4.9275	-0.0104	0.0383	-0.0001	0.0381	-0.2989
4.9281	-0.0103	0.0383	-0.0001	0.0381	-0.2995
4.9286	-0.0104	0.0383	-0.0001	0.0381	-0.3000
4.9291	-0.0103	0.0384	-0.0001	0.0381	-0.3006
4.9296	-0.0103	0.0384	-0.0001	0.0381	-0.3008
4.9301	-0.0103	0.0384	-0.0001	0.0381	-0.3010
4.9306	-0.0104	0.0383	-0.0001	0.0381	-0.3014
4.9311	-0.0103	0.0384	-0.0001	0.0381	-0.3016
4.9316	-0.0104	0.0383	-0.0001	0.0381	-0.3019
4.9321	-0.0102	0.0383	-0.0001	0.0381	-0.3020
4.9326	-0.0104	0.0384	-0.0001	0.0381	-0.3022
4.9331	-0.0104	0.0383	-0.0001	0.0381	-0.3023
4.9336	-0.0105	0.0384	-0.0001	0.0381	-0.3025
4.9341	-0.0103	0.0384	-0.0001	0.0381	-0.3026
4.9346	-0.0104	0.0383	-0.0001	0.0381	-0.3028
4.9351	-0.0103	0.0384	-0.0001	0.0381	-0.3029
4.9357	-0.0104	0.0384	-0.0001	0.0381	-0.3029
4.9362	-0.0104	0.0383	-0.0001	0.0381	-0.3031
4.9367	-0.0103	0.0384	-0.0000	0.0381	-0.3031
4.9372	-0.0103	0.0384	-0.0001	0.0381	-0.3032
4.9377	-0.0103	0.0384	-0.0001	0.0381	-0.3033
4.9382	-0.0104	0.0384	-0.0001	0.0381	-0.3034
4.9387	-0.0104	0.0384	-0.0001	0.0381	-0.3034
4.9392	-0.0104	0.0384	-0.0000	0.0381	-0.3035
4.9397	-0.0104	0.0383	-0.0001	0.0381	-0.3035
4.9402	-0.0104	0.0384	-0.0001	0.0381	-0.3036
4.9407	-0.0104	0.0384	-0.0001	0.0381	-0.3036
4.9412	-0.0104	0.0384	-0.0001	0.0382	-0.3036
4.9417	-0.0104	0.0383	-0.0001	0.0382	-0.3036
4.9422	-0.0103	0.0384	-0.0001	0.0381	-0.3037
4.9427	-0.0103	0.0384	-0.0001	0.0381	-0.3038
4.9433	-0.0104	0.0384	-0.0001	0.0382	-0.3038
4.9438	-0.0104	0.0383	-0.0001	0.0381	-0.3038
4.9443	-0.0104	0.0384	-0.0001	0.0382	-0.3038
4.9448	-0.0103	0.0383	-0.0000	0.0381	-0.3039
4.9453	-0.0106	0.0384	-0.0001	0.0382	-0.3039
4.9458	-0.0103	0.0384	-0.0001	0.0382	-0.3039
4.9463	-0.0106	0.0384	-0.0001	0.0382	-0.3039
4.9468	-0.0104	0.0384	-0.0001	0.0381	-0.3039
4.9473	-0.0105	0.0384	-0.0001	0.0381	-0.3039
4.9478	-0.0102	0.0383	-0.0001	0.0382	-0.3039
4.9483	-0.0104	0.0384	-0.0001	0.0382	-0.3039
4.9488	-0.0105	0.0384	-0.0001	0.0382	-0.3040
4.9493	-0.0103	0.0384	-0.0001	0.0382	-0.3040
4.9498	-0.0106	0.0384	-0.0000	0.0382	-0.3040
4.9503	-0.0102	0.0384	-0.0001	0.0382	-0.3040
4.9509	-0.0107	0.0384	-0.0001	0.0382	-0.3040
4.9514	-0.0102	0.0384	-0.0000	0.0382	-0.3040
4.9519	-0.0105	0.0384	-0.0001	0.0382	-0.3040
4.9524	-0.0104	0.0384	-0.0001	0.0381	-0.3041
4.9529	-0.0106	0.0384	-0.0001	0.0382	-0.3041
4.9534	-0.0103	0.0384	-0.0000	0.0382	-0.3040
4.9539	-0.0105	0.0384	-0.0001	0.0382	-0.3041
4.9544	-0.0105	0.0384	-0.0001	0.0381	-0.3041
4.9549	-0.0105	0.0384	-0.0001	0.0382	-0.3041
4.9554	-0.0105	0.0384	-0.0001	0.0382	-0.3041
4.9559	-0.0104	0.0384	-0.0001	0.0382	-0.3041
4.9564	-0.0107	0.0385	-0.0001	0.0382	-0.3041
4.9569	-0.0103	0.0384	-0.0001	0.0382	-0.3041
4.9574	-0.0107	0.0384	-0.0001	0.0382	-0.3041
4.9579	-0.0105	0.0384	-0.0000	0.0382	-0.3041
4.9585	-0.0107	0.0384	-0.0001	0.0382	-0.3041
4.9590	-0.0108	0.0384	-0.0001	0.0382	-0.3042
4.9595	-0.0108	0.0384	-0.0001	0.0382	-0.3041
4.9600	-0.0108	0.0385	-0.0001	0.0382	-0.3041
4.9605	-0.0105	0.0384	-0.0001	0.0381	-0.3041
4.9610	-0.0108	0.0385	-0.0001	0.0382	-0.3041
4.9615	-0.0106	0.0384	-0.0001	0.0382	-0.3042
4.9620	-0.0106	0.0384	-0.0001	0.0382	-0.3041
4.9625	-0.0106	0.0384	-0.0001	0.0382	-0.3041
4.9630	-0.0109	0.0384	-0.0001	0.0382	-0.3041
4.9635	-0.0107	0.0384	-0.0001	0.0382	-0.3042
4.9640	-0.0110	0.0385	-0.0000	0.0382	-0.3042
4.9645	-0.0108	0.0384	-0.0001	0.0382	-0.3042
4.9650	-0.0109	0.0385	-0.0001	0.0382	-0.3041
4.9655	-0.0109	0.0385	-0.0001	0.0382	-0.3042
4.9661	-0.0109	0.0384	-0.0001	0.0382	-0.3042
4.9666	-0.0111	0.0384	-0.0000	0.0382	-0.3042
4.9671	-0.0110	0.0384	-0.0001	0.0382	-0.3042
4.9676	-0.0112	0.0384	-0.0001	0.0382	-0.3041
4.9681	-0.0110	0.0385	-0.0001	0.0382	-0.3042
4.9686	-0.0112	0.0384	-0.0001	0.0382	-0.3042
4.9691	-0.0111	0.0384	-0.0001	0.0382	-0.3042
4.9696	-0.0111	0.0385	-0.0001	0.0382	-0.3042
4.9701	-0.0112	0.0385	-0.0001	0.0382	-0.3043
4.9706	-0.0112	0.0384	-0.0001	0.0382	-0.3042
4.9711	-0.0113	0.0385	-0.0001	0.0382	-0.3042
4.9716	-0.0112	0.0385	-0.0001	0.0382	-0.3043
4.9721	-0.0114	0.0385	-0.0001	0.0382	-0.3043
4.9726	-0.0113	0.0385	-0.0001	0.0382	-0.3043
4.9731	-0.0115	0.0385	-0.0001	0.0382	-0.3043
4.9737	-0.0114	0.0384	-0.0000	0.0381	-0.3042
4.9742	-0.0116	0.0385	-0.0001	0.0382	-0.3043
4.9747	-0.0116	0.0385	-0.0001	0.0382	-0.3043
4.9752	-0.0117	0.0387	-0.0001	0.0385	-0.3017
4.9757	-0.0111	0.0437	-0.0001	0.0433	-0.2599
4.9762	-0.0111	0.0438	-0.0000	0.0435	-0.2765
4.9767	-0.0111	0.0438	-0.0001	0.0436	-0.2797
4.9772	-0.0111	0.0439	-0.0000	0.0436	-0.2693
4.9777	-0.0111	0.0439	-0.0001	0.0437	-0.2505
4.9782	-0.0111	0.0440	-0.0001	0.0437	-0.2478
4.9787	-0.0111	0.0441	-0.0001	0.0438	-0.2597
4.9792	-0.0109	0.0441	-0.0001	0.0438	-0.2600
4.9797	-0.0111	0.0441	-0.0001	0.0439	-0.2591
4.9802	-0.0109	0.0442	-0.0001	0.0440	-0.2570
4.9807	-0.0110	0.0442	-0.0001	0.0440	-0.2558
4.9813	-0.0110	0.0443	-0.0001	0.0440	-0.2517
4.9818	-0.0110	0.0443	-0.0000	0.0440	-0.2496
4.9823	-0.0109	0.0443	-0.0001	0.0440	-0.2509
4.9828	-0.0110	0.0443	-0.0001	0.0441	-0.2544
4.9833	-0.0110	0.0443	-0.0001	0.0441	-0.2552
4.9838	-0.0109	0.0443	-0.0000	0.0441	-0.2535
4.9843	-0.0109	0.0443	-0.0001	0.0441	-0.2526
4.9848	-0.0109	0.0443	-0.0001	0.0441	-0.2484
4.9853	-0.0110	0.0443	-0.0001	0.0441	-0.2464
4.9858	-0.0110	0.0444	-0.0001	0.0441	-0.2522
4.9863	-0.0109	0.0443	-0.0001	0.0440	-0.2597
4.9868	-0.0110	0.0443	-0.0001	0.0440	-0.2686
4.9873	-0.0111	0.0442	-0.0001	0.0439	-0.2629
4.9878	-0.0108	0.0442	-0.0001	0.0440	-0.2438
4.9883	-0.0111	0.0442	-0.0001	0.0439	-0.2488
4.9889	-0.0111	0.0442	-0.0001	0.0440	-0.2760
4.9894	-0.0110	0.0441	-0.0001	0.0439	-0.2822
4.9899	-0.0111	0.0441	-0.0001	0.0439	-0.2824
4.9904	-0.0111	0.0441	-0.0001	0.0439	-0.2814
4.9909	-0.0112	0.0441	-0.0001	0.0438	-0.2790
4.9914	-0.0112	0.0441	-0.0001	0.0438	-0.2768
4.9919	-0.0113	0.0441	-0.0001	0.0438	-0.2737
4.9924	-0.0111	0.0441	-0.0001	0.0438	-0.2722
4.9929	-0.0111	0.0441	-0.0001	0.0438	-0.2693
4.9934	-0.0112	0.0440	-0.0001	0.0438	-0.2669
4.9939	-0.0112	0.0440	-0.0001	0.0438	-0.2636
4.9944	-0.0112	0.0440	-0.0000	0.0438	-0.2582
4.9949	-0.0112	0.0440	-0.0001	0.0438	-0.2528
4.9954	-0.0112	0.0440	-0.0001	0.0438	-0.2458
4.9959	-0.0112	0.0441	-0.0001	0.0438	-0.2406
4.9965	-0.0111	0.0440	-0.0000	0.0438	-0.2350
4.9970	-0.0112	0.0441	-0.0001	0.0438	-0.2324
4.9975	-0.0112	0.0441	-0.0001	0.0438	-0.2300
4.9980	-0.0111	0.0441	-0.0001	0.0438	-0.2292
4.9985	-0.0111	0.0440	-0.0000	0.0438	-0.2292
4.9990	-0.0111	0.0441	-0.0001	0.0438	-0.2307
